# baseband_freq_hz,power_dbfs_per_hz
-500000.0,-89.537
-499877.9,-89.588
-499755.9,-89.608
-499633.8,-89.665
-499511.7,-89.728
-499389.6,-89.772
-499267.6,-89.805
-499145.5,-89.855
-499023.4,-89.861
-498901.4,-89.905
-498779.3,-89.938
-498657.2,-89.958
-498535.2,-90.021
-498413.1,-90.007
-498291.0,-90.021
-498168.9,-89.970
-498046.9,-89.905
-497924.8,-89.893
-497802.7,-89.842
-497680.7,-89.801
-497558.6,-89.756
-497436.5,-89.743
-497314.5,-89.707
-497192.4,-89.664
-497070.3,-89.642
-496948.2,-89.614
-496826.2,-89.619
-496704.1,-89.571
-496582.0,-89.533
-496460.0,-89.568
-496337.9,-89.563
-496215.8,-89.600
-496093.8,-89.596
-495971.7,-89.637
-495849.6,-89.714
-495727.5,-89.771
-495605.5,-89.893
-495483.4,-89.973
-495361.3,-90.066
-495239.3,-90.169
-495117.2,-90.274
-494995.1,-90.335
-494873.0,-90.395
-494751.0,-90.527
-494628.9,-90.582
-494506.8,-90.656
-494384.8,-90.808
-494262.7,-90.866
-494140.6,-90.985
-494018.6,-91.017
-493896.5,-91.086
-493774.4,-91.101
-493652.3,-91.114
-493530.3,-91.148
-493408.2,-91.120
-493286.1,-91.147
-493164.1,-91.133
-493042.0,-91.120
-492919.9,-91.139
-492797.9,-91.131
-492675.8,-91.200
-492553.7,-91.194
-492431.6,-91.231
-492309.6,-91.276
-492187.5,-91.220
-492065.4,-91.300
-491943.4,-91.291
-491821.3,-91.317
-491699.2,-91.324
-491577.1,-91.378
-491455.1,-91.467
-491333.0,-91.513
-491210.9,-91.575
-491088.9,-91.631
-490966.8,-91.698
-490844.7,-91.749
-490722.7,-91.739
-490600.6,-91.781
-490478.5,-91.770
-490356.4,-91.787
-490234.4,-91.765
-490112.3,-91.686
-489990.2,-91.721
-489868.2,-91.678
-489746.1,-91.697
-489624.0,-91.720
-489502.0,-91.666
-489379.9,-91.664
-489257.8,-91.629
-489135.7,-91.625
-489013.7,-91.572
-488891.6,-91.560
-488769.5,-91.571
-488647.5,-91.543
-488525.4,-91.617
-488403.3,-91.652
-488281.2,-91.737
-488159.2,-91.807
-488037.1,-91.861
-487915.0,-91.976
-487793.0,-92.054
-487670.9,-92.151
-487548.8,-92.225
-487426.8,-92.287
-487304.7,-92.377
-487182.6,-92.389
-487060.5,-92.513
-486938.5,-92.580
-486816.4,-92.651
-486694.3,-92.706
-486572.3,-92.731
-486450.2,-92.774
-486328.1,-92.710
-486206.1,-92.674
-486084.0,-92.622
-485961.9,-92.497
-485839.8,-92.408
-485717.8,-92.296
-485595.7,-92.230
-485473.6,-92.174
-485351.6,-92.051
-485229.5,-91.957
-485107.4,-91.884
-484985.4,-91.859
-484863.3,-91.758
-484741.2,-91.703
-484619.1,-91.656
-484497.1,-91.602
-484375.0,-91.575
-484252.9,-91.535
-484130.9,-91.570
-484008.8,-91.584
-483886.7,-91.600
-483764.6,-91.680
-483642.6,-91.753
-483520.5,-91.786
-483398.4,-91.844
-483276.4,-91.893
-483154.3,-91.941
-483032.2,-91.964
-482910.2,-92.024
-482788.1,-92.060
-482666.0,-92.118
-482543.9,-92.160
-482421.9,-92.240
-482299.8,-92.201
-482177.7,-92.202
-482055.7,-92.192
-481933.6,-92.228
-481811.5,-92.233
-481689.5,-92.153
-481567.4,-92.101
-481445.3,-92.107
-481323.2,-92.057
-481201.2,-92.016
-481079.1,-92.072
-480957.0,-92.089
-480835.0,-92.052
-480712.9,-92.072
-480590.8,-92.112
-480468.8,-92.096
-480346.7,-92.137
-480224.6,-92.122
-480102.5,-92.181
-479980.5,-92.162
-479858.4,-92.173
-479736.3,-92.243
-479614.3,-92.260
-479492.2,-92.304
-479370.1,-92.347
-479248.0,-92.349
-479126.0,-92.363
-479003.9,-92.386
-478881.8,-92.362
-478759.8,-92.312
-478637.7,-92.283
-478515.6,-92.242
-478393.6,-92.175
-478271.5,-92.155
-478149.4,-92.117
-478027.3,-92.111
-477905.3,-92.053
-477783.2,-92.046
-477661.1,-92.030
-477539.1,-91.959
-477417.0,-91.907
-477294.9,-91.908
-477172.9,-91.898
-477050.8,-91.880
-476928.7,-91.907
-476806.6,-91.999
-476684.6,-91.980
-476562.5,-92.073
-476440.4,-92.114
-476318.4,-92.191
-476196.3,-92.242
-476074.2,-92.289
-475952.1,-92.423
-475830.1,-92.428
-475708.0,-92.495
-475585.9,-92.551
-475463.9,-92.574
-475341.8,-92.619
-475219.7,-92.669
-475097.7,-92.754
-474975.6,-92.735
-474853.5,-92.784
-474731.4,-92.790
-474609.4,-92.701
-474487.3,-92.742
-474365.2,-92.596
-474243.2,-92.555
-474121.1,-92.507
-473999.0,-92.391
-473877.0,-92.416
-473754.9,-92.303
-473632.8,-92.284
-473510.7,-92.198
-473388.7,-92.204
-473266.6,-92.213
-473144.5,-92.165
-473022.5,-92.176
-472900.4,-92.079
-472778.3,-92.143
-472656.2,-92.162
-472534.2,-92.060
-472412.1,-92.201
-472290.0,-92.150
-472168.0,-92.216
-472045.9,-92.261
-471923.8,-92.268
-471801.8,-92.315
-471679.7,-92.253
-471557.6,-92.339
-471435.5,-92.292
-471313.5,-92.253
-471191.4,-92.302
-471069.3,-92.214
-470947.3,-92.279
-470825.2,-92.238
-470703.1,-92.306
-470581.1,-92.299
-470459.0,-92.205
-470336.9,-92.255
-470214.8,-92.174
-470092.8,-92.158
-469970.7,-92.119
-469848.6,-92.055
-469726.6,-92.125
-469604.5,-92.053
-469482.4,-92.060
-469360.4,-92.113
-469238.3,-92.139
-469116.2,-92.216
-468994.1,-92.184
-468872.1,-92.297
-468750.0,-92.270
-468627.9,-92.366
-468505.9,-92.399
-468383.8,-92.316
-468261.7,-92.394
-468139.6,-92.347
-468017.6,-92.406
-467895.5,-92.441
-467773.4,-92.441
-467651.4,-92.499
-467529.3,-92.416
-467407.2,-92.504
-467285.2,-92.427
-467163.1,-92.374
-467041.0,-92.381
-466918.9,-92.250
-466796.9,-92.275
-466674.8,-92.107
-466552.7,-92.108
-466430.7,-92.025
-466308.6,-91.949
-466186.5,-92.019
-466064.5,-91.905
-465942.4,-91.900
-465820.3,-91.854
-465698.2,-91.769
-465576.2,-91.813
-465454.1,-91.638
-465332.0,-91.723
-465210.0,-91.666
-465087.9,-91.686
-464965.8,-91.757
-464843.8,-91.704
-464721.7,-91.773
-464599.6,-91.751
-464477.5,-91.776
-464355.5,-91.744
-464233.4,-91.774
-464111.3,-91.815
-463989.3,-91.664
-463867.2,-91.718
-463745.1,-91.720
-463623.0,-91.661
-463501.0,-91.742
-463378.9,-91.637
-463256.8,-91.751
-463134.8,-91.540
-463012.7,-91.591
-462890.6,-91.599
-462768.6,-91.496
-462646.5,-91.419
-462524.4,-91.303
-462402.3,-91.281
-462280.3,-91.225
-462158.2,-91.181
-462036.1,-91.149
-461914.1,-91.010
-461792.0,-90.986
-461669.9,-90.850
-461547.9,-90.891
-461425.8,-90.903
-461303.7,-90.803
-461181.6,-90.812
-461059.6,-90.728
-460937.5,-90.700
-460815.4,-90.691
-460693.4,-90.556
-460571.3,-90.571
-460449.2,-90.575
-460327.1,-90.620
-460205.1,-90.534
-460083.0,-90.536
-459960.9,-90.489
-459838.9,-90.406
-459716.8,-90.376
-459594.7,-90.305
-459472.7,-90.248
-459350.6,-90.207
-459228.5,-90.148
-459106.4,-90.181
-458984.4,-90.123
-458862.3,-90.098
-458740.2,-90.080
-458618.2,-90.000
-458496.1,-89.954
-458374.0,-89.873
-458252.0,-89.866
-458129.9,-89.772
-458007.8,-89.799
-457885.7,-89.796
-457763.7,-89.737
-457641.6,-89.636
-457519.5,-89.626
-457397.5,-89.665
-457275.4,-89.655
-457153.3,-89.621
-457031.2,-89.631
-456909.2,-89.658
-456787.1,-89.706
-456665.0,-89.699
-456543.0,-89.753
-456420.9,-89.749
-456298.8,-89.717
-456176.8,-89.714
-456054.7,-89.658
-455932.6,-89.700
-455810.5,-89.658
-455688.5,-89.680
-455566.4,-89.705
-455444.3,-89.667
-455322.3,-89.620
-455200.2,-89.539
-455078.1,-89.511
-454956.1,-89.562
-454834.0,-89.436
-454711.9,-89.476
-454589.8,-89.401
-454467.8,-89.386
-454345.7,-89.354
-454223.6,-89.348
-454101.6,-89.447
-453979.5,-89.284
-453857.4,-89.357
-453735.4,-89.263
-453613.3,-89.251
-453491.2,-89.240
-453369.1,-89.151
-453247.1,-89.192
-453125.0,-89.097
-453002.9,-89.094
-452880.9,-89.053
-452758.8,-89.108
-452636.7,-89.128
-452514.6,-89.107
-452392.6,-89.157
-452270.5,-89.193
-452148.4,-89.214
-452026.4,-89.235
-451904.3,-89.137
-451782.2,-89.254
-451660.2,-89.345
-451538.1,-89.455
-451416.0,-89.417
-451293.9,-89.364
-451171.9,-89.382
-451049.8,-89.335
-450927.7,-89.493
-450805.7,-89.480
-450683.6,-89.513
-450561.5,-89.471
-450439.5,-89.279
-450317.4,-89.428
-450195.3,-89.285
-450073.2,-89.442
-449951.2,-89.298
-449829.1,-89.376
-449707.0,-89.392
-449585.0,-89.349
-449462.9,-89.338
-449340.8,-89.276
-449218.8,-89.216
-449096.7,-89.394
-448974.6,-89.173
-448852.5,-89.269
-448730.5,-88.979
-448608.4,-88.963
-448486.3,-88.747
-448364.3,-88.786
-448242.2,-88.916
-448120.1,-88.959
-447998.0,-89.048
-447876.0,-89.032
-447753.9,-89.139
-447631.8,-89.075
-447509.8,-89.002
-447387.7,-89.096
-447265.6,-89.073
-447143.6,-88.989
-447021.5,-89.049
-446899.4,-88.832
-446777.3,-89.045
-446655.3,-88.890
-446533.2,-89.060
-446411.1,-89.067
-446289.1,-89.018
-446167.0,-89.158
-446044.9,-89.063
-445922.9,-89.134
-445800.8,-89.126
-445678.7,-89.197
-445556.6,-89.270
-445434.6,-88.994
-445312.5,-89.186
-445190.4,-88.994
-445068.4,-89.241
-444946.3,-89.343
-444824.2,-89.232
-444702.1,-89.491
-444580.1,-89.256
-444458.0,-89.195
-444335.9,-89.011
-444213.9,-89.083
-444091.8,-89.047
-443969.7,-88.961
-443847.7,-89.040
-443725.6,-88.752
-443603.5,-88.674
-443481.4,-88.581
-443359.4,-88.488
-443237.3,-88.427
-443115.2,-88.275
-442993.2,-88.225
-442871.1,-88.291
-442749.0,-88.387
-442627.0,-88.393
-442504.9,-88.313
-442382.8,-88.398
-442260.7,-88.273
-442138.7,-88.389
-442016.6,-88.451
-441894.5,-88.455
-441772.5,-88.528
-441650.4,-88.507
-441528.3,-88.573
-441406.2,-88.522
-441284.2,-88.775
-441162.1,-88.781
-441040.0,-88.777
-440918.0,-88.779
-440795.9,-88.710
-440673.8,-88.766
-440551.8,-88.624
-440429.7,-88.742
-440307.6,-88.690
-440185.5,-88.802
-440063.5,-88.623
-439941.4,-88.724
-439819.3,-88.659
-439697.3,-88.751
-439575.2,-88.640
-439453.1,-88.375
-439331.1,-88.711
-439209.0,-88.642
-439086.9,-88.882
-438964.8,-88.711
-438842.8,-88.645
-438720.7,-88.534
-438598.6,-88.452
-438476.6,-88.611
-438354.5,-88.521
-438232.4,-88.520
-438110.4,-88.393
-437988.3,-88.275
-437866.2,-88.336
-437744.1,-88.132
-437622.1,-88.369
-437500.0,-88.377
-437377.9,-88.415
-437255.9,-88.687
-437133.8,-88.751
-437011.7,-89.097
-436889.6,-88.729
-436767.6,-88.735
-436645.5,-88.521
-436523.4,-88.539
-436401.4,-88.743
-436279.3,-88.722
-436157.2,-88.755
-436035.2,-88.619
-435913.1,-88.863
-435791.0,-89.146
-435668.9,-88.958
-435546.9,-89.297
-435424.8,-88.985
-435302.7,-88.715
-435180.7,-88.285
-435058.6,-88.242
-434936.5,-88.323
-434814.5,-88.609
-434692.4,-88.633
-434570.3,-88.701
-434448.2,-88.543
-434326.2,-88.464
-434204.1,-88.128
-434082.0,-88.346
-433960.0,-88.503
-433837.9,-88.447
-433715.8,-88.094
-433593.8,-88.036
-433471.7,-88.087
-433349.6,-87.922
-433227.5,-88.127
-433105.5,-88.224
-432983.4,-88.100
-432861.3,-88.511
-432739.3,-88.227
-432617.2,-88.208
-432495.1,-87.889
-432373.0,-87.947
-432251.0,-88.045
-432128.9,-88.320
-432006.8,-88.266
-431884.8,-88.013
-431762.7,-88.042
-431640.6,-87.815
-431518.6,-87.564
-431396.5,-87.232
-431274.4,-86.909
-431152.3,-86.754
-431030.3,-86.997
-430908.2,-87.212
-430786.1,-87.535
-430664.1,-87.682
-430542.0,-87.802
-430419.9,-87.495
-430297.9,-87.255
-430175.8,-87.400
-430053.7,-87.437
-429931.6,-87.883
-429809.6,-87.610
-429687.5,-87.623
-429565.4,-87.813
-429443.4,-87.880
-429321.3,-87.977
-429199.2,-87.590
-429077.1,-87.714
-428955.1,-87.624
-428833.0,-87.599
-428710.9,-87.429
-428588.9,-86.968
-428466.8,-86.832
-428344.7,-86.808
-428222.7,-86.356
-428100.6,-86.199
-427978.5,-86.403
-427856.4,-86.660
-427734.4,-86.970
-427612.3,-87.111
-427490.2,-86.900
-427368.2,-86.598
-427246.1,-86.317
-427124.0,-86.374
-427002.0,-86.741
-426879.9,-86.834
-426757.8,-86.762
-426635.7,-86.047
-426513.7,-85.584
-426391.6,-85.593
-426269.5,-85.903
-426147.5,-86.185
-426025.4,-86.484
-425903.3,-86.802
-425781.2,-86.849
-425659.2,-86.603
-425537.1,-86.386
-425415.0,-86.287
-425293.0,-85.896
-425170.9,-86.020
-425048.8,-86.168
-424926.8,-86.485
-424804.7,-86.186
-424682.6,-85.582
-424560.5,-85.289
-424438.5,-85.541
-424316.4,-85.814
-424194.3,-85.872
-424072.3,-85.656
-423950.2,-85.553
-423828.1,-85.567
-423706.1,-85.412
-423584.0,-85.239
-423461.9,-84.991
-423339.8,-85.012
-423217.8,-85.287
-423095.7,-85.246
-422973.6,-85.222
-422851.6,-85.277
-422729.5,-85.543
-422607.4,-85.667
-422485.4,-85.782
-422363.3,-85.934
-422241.2,-85.979
-422119.1,-86.105
-421997.1,-86.165
-421875.0,-86.179
-421752.9,-86.042
-421630.9,-85.735
-421508.8,-85.628
-421386.7,-85.428
-421264.6,-85.197
-421142.6,-85.064
-421020.5,-85.409
-420898.4,-86.130
-420776.4,-86.481
-420654.3,-86.476
-420532.2,-86.435
-420410.2,-85.819
-420288.1,-85.666
-420166.0,-85.636
-420043.9,-85.833
-419921.9,-85.716
-419799.8,-85.975
-419677.7,-85.853
-419555.7,-85.484
-419433.6,-85.225
-419311.5,-85.313
-419189.5,-85.591
-419067.4,-86.011
-418945.3,-86.322
-418823.2,-85.961
-418701.2,-85.396
-418579.1,-85.328
-418457.0,-85.809
-418335.0,-86.049
-418212.9,-85.452
-418090.8,-84.795
-417968.8,-84.719
-417846.7,-84.884
-417724.6,-85.282
-417602.5,-85.427
-417480.5,-85.468
-417358.4,-86.110
-417236.3,-85.891
-417114.3,-85.618
-416992.2,-85.416
-416870.1,-85.896
-416748.0,-85.969
-416626.0,-85.998
-416503.9,-85.757
-416381.8,-85.865
-416259.8,-85.809
-416137.7,-85.567
-416015.6,-85.228
-415893.6,-84.853
-415771.5,-84.965
-415649.4,-85.387
-415527.3,-86.020
-415405.3,-85.843
-415283.2,-85.214
-415161.1,-84.429
-415039.1,-83.981
-414917.0,-83.844
-414794.9,-84.090
-414672.9,-84.568
-414550.8,-84.647
-414428.7,-84.497
-414306.6,-84.663
-414184.6,-84.847
-414062.5,-84.962
-413940.4,-84.602
-413818.4,-84.886
-413696.3,-85.060
-413574.2,-84.896
-413452.1,-84.462
-413330.1,-84.389
-413208.0,-84.607
-413085.9,-84.958
-412963.9,-85.016
-412841.8,-84.799
-412719.7,-84.609
-412597.7,-84.656
-412475.6,-84.767
-412353.5,-84.813
-412231.4,-84.463
-412109.4,-84.164
-411987.3,-83.991
-411865.2,-84.328
-411743.2,-84.963
-411621.1,-85.410
-411499.0,-84.851
-411377.0,-84.386
-411254.9,-84.373
-411132.8,-84.782
-411010.7,-85.173
-410888.7,-85.270
-410766.6,-85.176
-410644.5,-85.077
-410522.5,-84.817
-410400.4,-84.564
-410278.3,-84.760
-410156.2,-84.731
-410034.2,-84.647
-409912.1,-84.477
-409790.0,-84.534
-409668.0,-84.574
-409545.9,-84.150
-409423.8,-83.961
-409301.8,-84.018
-409179.7,-84.176
-409057.6,-84.446
-408935.5,-84.338
-408813.5,-84.444
-408691.4,-84.307
-408569.3,-84.269
-408447.3,-84.337
-408325.2,-84.612
-408203.1,-84.401
-408081.1,-84.110
-407959.0,-84.197
-407836.9,-84.197
-407714.8,-83.929
-407592.8,-84.164
-407470.7,-84.591
-407348.6,-84.639
-407226.6,-84.366
-407104.5,-84.140
-406982.4,-84.327
-406860.4,-84.069
-406738.3,-83.636
-406616.2,-83.325
-406494.1,-83.377
-406372.1,-83.466
-406250.0,-83.664
-406127.9,-83.290
-406005.9,-83.435
-405883.8,-83.229
-405761.7,-83.098
-405639.6,-82.973
-405517.6,-83.025
-405395.5,-83.642
-405273.4,-83.534
-405151.4,-83.502
-405029.3,-83.242
-404907.2,-83.140
-404785.2,-83.200
-404663.1,-83.182
-404541.0,-83.413
-404418.9,-83.225
-404296.9,-83.280
-404174.8,-83.466
-404052.7,-83.695
-403930.7,-83.596
-403808.6,-83.035
-403686.5,-83.035
-403564.5,-83.196
-403442.4,-83.713
-403320.3,-83.572
-403198.2,-83.021
-403076.2,-82.489
-402954.1,-82.219
-402832.0,-82.592
-402710.0,-82.407
-402587.9,-82.583
-402465.8,-82.969
-402343.8,-83.440
-402221.7,-84.028
-402099.6,-83.880
-401977.5,-83.141
-401855.5,-82.221
-401733.4,-81.985
-401611.3,-82.001
-401489.3,-82.341
-401367.2,-82.884
-401245.1,-83.322
-401123.0,-83.359
-401001.0,-82.865
-400878.9,-82.498
-400756.8,-82.521
-400634.8,-82.639
-400512.7,-82.600
-400390.6,-82.490
-400268.6,-82.387
-400146.5,-82.483
-400024.4,-82.314
-399902.3,-82.919
-399780.3,-83.108
-399658.2,-83.479
-399536.1,-83.430
-399414.1,-83.271
-399292.0,-82.316
-399169.9,-82.346
-399047.9,-82.742
-398925.8,-83.272
-398803.7,-83.417
-398681.6,-83.176
-398559.6,-83.319
-398437.5,-83.429
-398315.4,-83.208
-398193.4,-82.823
-398071.3,-83.011
-397949.2,-82.863
-397827.1,-82.678
-397705.1,-82.240
-397583.0,-81.954
-397460.9,-81.891
-397338.9,-81.766
-397216.8,-81.955
-397094.7,-81.975
-396972.7,-82.085
-396850.6,-82.344
-396728.5,-82.689
-396606.4,-82.972
-396484.4,-82.681
-396362.3,-82.253
-396240.2,-81.660
-396118.2,-81.958
-395996.1,-82.207
-395874.0,-82.533
-395752.0,-82.194
-395629.9,-81.865
-395507.8,-81.851
-395385.7,-82.035
-395263.7,-82.444
-395141.6,-82.482
-395019.5,-82.140
-394897.5,-82.010
-394775.4,-82.001
-394653.3,-82.657
-394531.2,-83.296
-394409.2,-83.597
-394287.1,-83.303
-394165.0,-82.756
-394043.0,-82.594
-393920.9,-82.929
-393798.8,-82.779
-393676.8,-82.546
-393554.7,-82.410
-393432.6,-82.931
-393310.5,-82.898
-393188.5,-82.492
-393066.4,-82.254
-392944.3,-82.444
-392822.3,-82.788
-392700.2,-82.898
-392578.1,-83.014
-392456.1,-83.044
-392334.0,-82.693
-392211.9,-82.020
-392089.8,-81.758
-391967.8,-81.981
-391845.7,-82.241
-391723.6,-82.364
-391601.6,-82.127
-391479.5,-81.860
-391357.4,-81.706
-391235.4,-81.984
-391113.3,-82.796
-390991.2,-83.057
-390869.1,-82.347
-390747.1,-82.185
-390625.0,-82.358
-390502.9,-82.889
-390380.9,-83.384
-390258.8,-83.427
-390136.7,-83.842
-390014.6,-83.625
-389892.6,-83.398
-389770.5,-83.640
-389648.4,-83.607
-389526.4,-82.781
-389404.3,-82.264
-389282.2,-82.103
-389160.2,-82.009
-389038.1,-81.876
-388916.0,-82.207
-388793.9,-82.600
-388671.9,-82.525
-388549.8,-82.228
-388427.7,-82.453
-388305.7,-82.870
-388183.6,-83.473
-388061.5,-83.418
-387939.5,-82.684
-387817.4,-82.444
-387695.3,-82.182
-387573.2,-81.995
-387451.2,-82.488
-387329.1,-82.678
-387207.0,-82.640
-387085.0,-82.858
-386962.9,-82.955
-386840.8,-82.596
-386718.8,-82.065
-386596.7,-82.022
-386474.6,-82.317
-386352.5,-82.841
-386230.5,-83.040
-386108.4,-83.321
-385986.3,-83.364
-385864.3,-83.016
-385742.2,-82.854
-385620.1,-82.576
-385498.0,-81.972
-385376.0,-81.481
-385253.9,-81.655
-385131.8,-82.009
-385009.8,-82.382
-384887.7,-82.628
-384765.6,-82.654
-384643.6,-82.891
-384521.5,-82.714
-384399.4,-82.680
-384277.3,-82.701
-384155.3,-82.873
-384033.2,-83.059
-383911.1,-82.784
-383789.1,-82.340
-383667.0,-82.280
-383544.9,-82.100
-383422.9,-81.989
-383300.8,-81.992
-383178.7,-82.223
-383056.6,-82.692
-382934.6,-83.399
-382812.5,-83.101
-382690.4,-82.958
-382568.4,-82.780
-382446.3,-82.904
-382324.2,-83.026
-382202.1,-83.077
-382080.1,-82.792
-381958.0,-82.647
-381835.9,-82.405
-381713.9,-82.327
-381591.8,-82.387
-381469.7,-82.496
-381347.7,-82.314
-381225.6,-82.453
-381103.5,-82.364
-380981.4,-82.437
-380859.4,-81.950
-380737.3,-81.827
-380615.2,-81.448
-380493.2,-81.423
-380371.1,-81.352
-380249.0,-81.740
-380127.0,-81.450
-380004.9,-81.109
-379882.8,-81.032
-379760.7,-81.158
-379638.7,-81.612
-379516.6,-81.890
-379394.5,-82.257
-379272.5,-82.673
-379150.4,-82.520
-379028.3,-82.608
-378906.2,-82.374
-378784.2,-82.331
-378662.1,-82.143
-378540.0,-82.371
-378418.0,-82.430
-378295.9,-82.092
-378173.8,-82.109
-378051.8,-81.964
-377929.7,-82.397
-377807.6,-82.467
-377685.5,-82.133
-377563.5,-81.872
-377441.4,-81.727
-377319.3,-81.653
-377197.3,-81.614
-377075.2,-81.528
-376953.1,-81.865
-376831.1,-82.367
-376709.0,-82.313
-376586.9,-82.275
-376464.8,-82.197
-376342.8,-81.896
-376220.7,-81.669
-376098.6,-81.689
-375976.6,-81.861
-375854.5,-81.879
-375732.4,-81.592
-375610.4,-81.631
-375488.3,-81.578
-375366.2,-81.354
-375244.1,-80.944
-375122.1,-80.935
-375000.0,-81.662
-374877.9,-82.085
-374755.9,-81.399
-374633.8,-80.702
-374511.7,-80.511
-374389.6,-81.304
-374267.6,-81.361
-374145.5,-81.423
-374023.4,-81.342
-373901.4,-81.919
-373779.3,-82.244
-373657.2,-82.051
-373535.2,-82.129
-373413.1,-81.727
-373291.0,-81.479
-373168.9,-80.876
-373046.9,-80.850
-372924.8,-80.626
-372802.7,-81.073
-372680.7,-80.981
-372558.6,-80.860
-372436.5,-80.650
-372314.5,-80.915
-372192.4,-80.928
-372070.3,-81.001
-371948.2,-80.662
-371826.2,-80.268
-371704.1,-79.876
-371582.0,-79.705
-371460.0,-80.200
-371337.9,-80.515
-371215.8,-81.018
-371093.8,-81.241
-370971.7,-81.123
-370849.6,-81.186
-370727.5,-81.400
-370605.5,-81.424
-370483.4,-81.744
-370361.3,-81.767
-370239.3,-81.096
-370117.2,-80.809
-369995.1,-81.225
-369873.0,-81.715
-369751.0,-81.562
-369628.9,-81.408
-369506.8,-81.170
-369384.8,-81.449
-369262.7,-81.728
-369140.6,-81.892
-369018.6,-81.826
-368896.5,-81.638
-368774.4,-81.508
-368652.3,-81.582
-368530.3,-81.700
-368408.2,-81.524
-368286.1,-81.390
-368164.1,-81.549
-368042.0,-81.531
-367919.9,-81.581
-367797.9,-81.469
-367675.8,-81.305
-367553.7,-81.218
-367431.6,-81.081
-367309.6,-81.089
-367187.5,-81.001
-367065.4,-81.021
-366943.4,-81.183
-366821.3,-81.776
-366699.2,-82.156
-366577.1,-82.334
-366455.1,-82.588
-366333.0,-82.800
-366210.9,-82.298
-366088.9,-81.862
-365966.8,-81.416
-365844.7,-81.316
-365722.7,-81.313
-365600.6,-80.913
-365478.5,-80.508
-365356.4,-80.539
-365234.4,-80.804
-365112.3,-81.109
-364990.2,-80.834
-364868.2,-80.322
-364746.1,-80.244
-364624.0,-80.078
-364502.0,-79.669
-364379.9,-79.500
-364257.8,-79.666
-364135.7,-79.911
-364013.7,-79.706
-363891.6,-79.452
-363769.5,-79.764
-363647.5,-80.344
-363525.4,-80.737
-363403.3,-80.475
-363281.2,-80.249
-363159.2,-80.281
-363037.1,-80.376
-362915.0,-80.521
-362793.0,-80.993
-362670.9,-81.129
-362548.8,-81.096
-362426.8,-81.080
-362304.7,-81.127
-362182.6,-81.406
-362060.5,-81.705
-361938.5,-81.820
-361816.4,-81.610
-361694.3,-81.744
-361572.3,-81.679
-361450.2,-81.677
-361328.1,-81.784
-361206.1,-82.514
-361084.0,-82.635
-360961.9,-82.641
-360839.8,-82.085
-360717.8,-81.479
-360595.7,-80.973
-360473.6,-81.038
-360351.6,-81.336
-360229.5,-81.834
-360107.4,-81.761
-359985.4,-81.762
-359863.3,-82.040
-359741.2,-82.142
-359619.1,-82.023
-359497.1,-81.925
-359375.0,-81.992
-359252.9,-82.049
-359130.9,-81.893
-359008.8,-81.573
-358886.7,-81.530
-358764.6,-82.145
-358642.6,-82.686
-358520.5,-82.218
-358398.4,-81.801
-358276.4,-81.255
-358154.3,-81.175
-358032.2,-81.803
-357910.2,-82.334
-357788.1,-81.854
-357666.0,-81.312
-357543.9,-81.399
-357421.9,-81.680
-357299.8,-81.488
-357177.7,-80.892
-357055.7,-80.376
-356933.6,-80.488
-356811.5,-80.825
-356689.5,-81.274
-356567.4,-80.884
-356445.3,-80.806
-356323.2,-81.127
-356201.2,-81.688
-356079.1,-81.700
-355957.0,-81.403
-355835.0,-81.021
-355712.9,-80.734
-355590.8,-80.617
-355468.8,-80.835
-355346.7,-81.248
-355224.6,-81.052
-355102.5,-80.925
-354980.5,-81.041
-354858.4,-81.673
-354736.3,-82.256
-354614.3,-81.954
-354492.2,-81.551
-354370.1,-81.447
-354248.0,-81.803
-354126.0,-82.251
-354003.9,-82.224
-353881.8,-81.919
-353759.8,-82.314
-353637.7,-82.716
-353515.6,-82.577
-353393.6,-82.487
-353271.5,-82.065
-353149.4,-81.949
-353027.3,-82.519
-352905.3,-83.010
-352783.2,-82.787
-352661.1,-82.837
-352539.1,-82.778
-352417.0,-82.720
-352294.9,-82.663
-352172.9,-82.656
-352050.8,-82.536
-351928.7,-82.074
-351806.6,-82.118
-351684.6,-82.079
-351562.5,-82.168
-351440.4,-81.909
-351318.4,-81.690
-351196.3,-81.531
-351074.2,-81.570
-350952.1,-81.468
-350830.1,-81.288
-350708.0,-81.315
-350585.9,-81.930
-350463.9,-82.722
-350341.8,-82.959
-350219.7,-82.758
-350097.7,-82.776
-349975.6,-82.392
-349853.5,-81.841
-349731.4,-81.431
-349609.4,-81.241
-349487.3,-81.926
-349365.2,-82.388
-349243.2,-82.894
-349121.1,-83.384
-348999.0,-83.059
-348877.0,-82.575
-348754.9,-82.223
-348632.8,-82.033
-348510.7,-82.089
-348388.7,-81.787
-348266.6,-81.602
-348144.5,-81.557
-348022.5,-81.513
-347900.4,-81.175
-347778.3,-81.123
-347656.2,-81.780
-347534.2,-82.981
-347412.1,-82.967
-347290.0,-81.834
-347168.0,-81.170
-347045.9,-81.645
-346923.8,-81.813
-346801.8,-81.667
-346679.7,-81.764
-346557.6,-82.296
-346435.5,-82.849
-346313.5,-83.065
-346191.4,-82.827
-346069.3,-82.599
-345947.3,-82.124
-345825.2,-81.864
-345703.1,-82.390
-345581.1,-82.730
-345459.0,-82.187
-345336.9,-81.523
-345214.8,-81.356
-345092.8,-81.816
-344970.7,-82.248
-344848.6,-81.819
-344726.6,-81.205
-344604.5,-81.094
-344482.4,-80.757
-344360.4,-81.800
-344238.3,-82.670
-344116.2,-82.811
-343994.1,-82.377
-343872.1,-82.301
-343750.0,-82.316
-343627.9,-82.197
-343505.9,-81.943
-343383.8,-81.901
-343261.7,-81.760
-343139.6,-81.409
-343017.6,-81.410
-342895.5,-82.069
-342773.4,-82.403
-342651.4,-82.422
-342529.3,-81.883
-342407.2,-82.182
-342285.2,-82.587
-342163.1,-83.062
-342041.0,-83.099
-341918.9,-82.848
-341796.9,-83.171
-341674.8,-83.367
-341552.7,-83.262
-341430.7,-82.968
-341308.6,-82.348
-341186.5,-81.822
-341064.5,-81.311
-340942.4,-81.196
-340820.3,-81.383
-340698.2,-81.770
-340576.2,-82.190
-340454.1,-82.430
-340332.0,-81.789
-340210.0,-81.125
-340087.9,-81.031
-339965.8,-81.116
-339843.8,-81.732
-339721.7,-82.188
-339599.6,-82.674
-339477.5,-83.085
-339355.5,-83.293
-339233.4,-83.201
-339111.3,-83.067
-338989.3,-82.793
-338867.2,-82.665
-338745.1,-82.294
-338623.0,-81.687
-338501.0,-81.833
-338378.9,-82.205
-338256.8,-82.694
-338134.8,-82.552
-338012.7,-82.238
-337890.6,-82.294
-337768.6,-82.455
-337646.5,-82.229
-337524.4,-81.688
-337402.3,-81.651
-337280.3,-81.584
-337158.2,-81.536
-337036.1,-81.230
-336914.1,-81.558
-336792.0,-82.035
-336669.9,-82.542
-336547.9,-82.638
-336425.8,-82.184
-336303.7,-81.795
-336181.6,-82.080
-336059.6,-82.281
-335937.5,-82.506
-335815.4,-82.519
-335693.4,-81.913
-335571.3,-82.032
-335449.2,-82.371
-335327.1,-82.397
-335205.1,-82.454
-335083.0,-82.471
-334960.9,-82.754
-334838.9,-83.264
-334716.8,-83.058
-334594.7,-82.721
-334472.7,-82.541
-334350.6,-82.666
-334228.5,-82.704
-334106.4,-82.919
-333984.4,-82.146
-333862.3,-81.448
-333740.2,-81.068
-333618.2,-80.871
-333496.1,-80.733
-333374.0,-80.897
-333252.0,-81.290
-333129.9,-81.335
-333007.8,-81.115
-332885.7,-80.903
-332763.7,-81.011
-332641.6,-81.171
-332519.5,-81.060
-332397.5,-80.725
-332275.4,-80.567
-332153.3,-80.929
-332031.2,-81.479
-331909.2,-82.052
-331787.1,-82.247
-331665.0,-82.257
-331543.0,-82.229
-331420.9,-82.184
-331298.8,-82.248
-331176.8,-82.258
-331054.7,-82.279
-330932.6,-82.320
-330810.5,-82.366
-330688.5,-82.081
-330566.4,-81.558
-330444.3,-81.545
-330322.3,-81.792
-330200.2,-82.152
-330078.1,-82.131
-329956.1,-81.796
-329834.0,-81.550
-329711.9,-82.110
-329589.8,-82.285
-329467.8,-82.202
-329345.7,-82.004
-329223.6,-81.824
-329101.6,-81.638
-328979.5,-81.701
-328857.4,-81.543
-328735.4,-81.470
-328613.3,-81.434
-328491.2,-81.689
-328369.1,-81.937
-328247.1,-81.827
-328125.0,-81.790
-328002.9,-81.702
-327880.9,-81.606
-327758.8,-81.707
-327636.7,-81.260
-327514.6,-81.426
-327392.6,-81.477
-327270.5,-81.515
-327148.4,-82.069
-327026.4,-82.235
-326904.3,-82.097
-326782.2,-81.642
-326660.2,-81.707
-326538.1,-82.008
-326416.0,-82.082
-326293.9,-82.317
-326171.9,-82.384
-326049.8,-82.143
-325927.7,-81.632
-325805.7,-81.369
-325683.6,-80.881
-325561.5,-80.706
-325439.5,-81.119
-325317.4,-81.434
-325195.3,-81.324
-325073.2,-81.352
-324951.2,-81.257
-324829.1,-80.363
-324707.0,-80.931
-324585.0,-81.651
-324462.9,-81.549
-324340.8,-81.187
-324218.8,-81.198
-324096.7,-81.397
-323974.6,-81.749
-323852.5,-82.147
-323730.5,-81.994
-323608.4,-81.682
-323486.3,-81.466
-323364.3,-81.350
-323242.2,-81.476
-323120.1,-81.267
-322998.0,-81.098
-322876.0,-81.290
-322753.9,-81.757
-322631.8,-82.392
-322509.8,-81.967
-322387.7,-81.330
-322265.6,-81.046
-322143.6,-80.953
-322021.5,-81.192
-321899.4,-81.197
-321777.3,-81.180
-321655.3,-81.678
-321533.2,-81.866
-321411.1,-82.155
-321289.1,-82.013
-321167.0,-81.932
-321044.9,-81.984
-320922.9,-81.949
-320800.8,-81.712
-320678.7,-81.619
-320556.6,-81.821
-320434.6,-82.202
-320312.5,-82.079
-320190.4,-81.291
-320068.4,-80.916
-319946.3,-81.017
-319824.2,-81.185
-319702.1,-81.548
-319580.1,-81.738
-319458.0,-81.518
-319335.9,-81.432
-319213.9,-81.039
-319091.8,-80.400
-318969.7,-80.245
-318847.7,-80.862
-318725.6,-81.021
-318603.5,-81.145
-318481.4,-81.097
-318359.4,-81.483
-318237.3,-81.879
-318115.2,-81.752
-317993.2,-81.981
-317871.1,-82.365
-317749.0,-82.061
-317627.0,-81.711
-317504.9,-81.407
-317382.8,-81.773
-317260.7,-81.535
-317138.7,-81.415
-317016.6,-81.441
-316894.5,-81.800
-316772.5,-81.911
-316650.4,-81.196
-316528.3,-80.637
-316406.2,-80.583
-316284.2,-80.709
-316162.1,-81.267
-316040.0,-81.527
-315918.0,-81.674
-315795.9,-82.092
-315673.8,-82.113
-315551.8,-81.755
-315429.7,-81.722
-315307.6,-81.322
-315185.5,-80.971
-315063.5,-80.437
-314941.4,-80.272
-314819.3,-80.568
-314697.3,-80.891
-314575.2,-81.243
-314453.1,-81.666
-314331.1,-81.872
-314209.0,-82.034
-314086.9,-81.515
-313964.8,-81.592
-313842.8,-81.760
-313720.7,-81.557
-313598.6,-81.814
-313476.6,-82.201
-313354.5,-82.556
-313232.4,-82.552
-313110.4,-82.051
-312988.3,-82.114
-312866.2,-82.824
-312744.1,-82.636
-312622.1,-82.030
-312500.0,-81.658
-312377.9,-81.660
-312255.9,-81.811
-312133.8,-81.575
-312011.7,-81.476
-311889.6,-81.815
-311767.6,-81.955
-311645.5,-81.860
-311523.4,-81.658
-311401.4,-81.736
-311279.3,-82.209
-311157.2,-82.557
-311035.2,-82.537
-310913.1,-82.283
-310791.0,-81.669
-310668.9,-81.177
-310546.9,-80.970
-310424.8,-81.466
-310302.7,-82.383
-310180.7,-82.909
-310058.6,-82.781
-309936.5,-82.308
-309814.5,-82.407
-309692.4,-82.747
-309570.3,-82.755
-309448.2,-82.483
-309326.2,-82.433
-309204.1,-81.980
-309082.0,-81.679
-308960.0,-81.886
-308837.9,-82.124
-308715.8,-82.467
-308593.8,-82.811
-308471.7,-82.554
-308349.6,-82.405
-308227.5,-82.307
-308105.5,-82.775
-307983.4,-83.341
-307861.3,-82.692
-307739.3,-82.209
-307617.2,-82.294
-307495.1,-82.620
-307373.0,-82.856
-307251.0,-82.877
-307128.9,-82.696
-307006.8,-82.580
-306884.8,-82.057
-306762.7,-81.384
-306640.6,-81.215
-306518.6,-81.265
-306396.5,-81.267
-306274.4,-81.157
-306152.3,-81.154
-306030.3,-81.375
-305908.2,-81.603
-305786.1,-81.868
-305664.1,-81.952
-305542.0,-81.892
-305419.9,-81.389
-305297.9,-81.224
-305175.8,-81.522
-305053.7,-82.364
-304931.6,-82.817
-304809.6,-82.757
-304687.5,-82.440
-304565.4,-82.009
-304443.4,-81.893
-304321.3,-82.299
-304199.2,-82.421
-304077.1,-82.251
-303955.1,-81.805
-303833.0,-81.582
-303710.9,-81.625
-303588.9,-81.710
-303466.8,-81.769
-303344.7,-82.106
-303222.7,-82.375
-303100.6,-82.951
-302978.5,-82.418
-302856.4,-81.764
-302734.4,-81.613
-302612.3,-81.669
-302490.2,-81.797
-302368.2,-81.878
-302246.1,-82.107
-302124.0,-82.599
-302002.0,-82.802
-301879.9,-82.644
-301757.8,-82.160
-301635.7,-81.690
-301513.7,-81.619
-301391.6,-81.731
-301269.5,-81.827
-301147.5,-82.416
-301025.4,-82.637
-300903.3,-82.332
-300781.2,-82.400
-300659.2,-82.449
-300537.1,-82.433
-300415.0,-82.312
-300293.0,-82.379
-300170.9,-82.983
-300048.8,-82.974
-299926.8,-82.690
-299804.7,-81.946
-299682.6,-81.832
-299560.5,-81.855
-299438.5,-81.618
-299316.4,-81.506
-299194.3,-81.602
-299072.3,-81.912
-298950.2,-81.503
-298828.1,-81.406
-298706.1,-81.696
-298584.0,-82.214
-298461.9,-82.447
-298339.8,-82.145
-298217.8,-82.372
-298095.7,-82.494
-297973.6,-82.779
-297851.6,-82.689
-297729.5,-82.715
-297607.4,-82.920
-297485.4,-82.524
-297363.3,-82.672
-297241.2,-82.381
-297119.1,-82.066
-296997.1,-82.410
-296875.0,-82.303
-296752.9,-82.155
-296630.9,-82.361
-296508.8,-82.618
-296386.7,-82.701
-296264.6,-82.294
-296142.6,-81.763
-296020.5,-82.243
-295898.4,-82.268
-295776.4,-82.322
-295654.3,-81.950
-295532.2,-81.551
-295410.2,-81.786
-295288.1,-81.855
-295166.0,-82.072
-295043.9,-82.747
-294921.9,-82.903
-294799.8,-82.706
-294677.7,-82.420
-294555.7,-81.989
-294433.6,-81.667
-294311.5,-81.291
-294189.5,-81.490
-294067.4,-82.196
-293945.3,-82.566
-293823.2,-82.298
-293701.2,-82.205
-293579.1,-81.946
-293457.0,-82.101
-293335.0,-82.105
-293212.9,-82.213
-293090.8,-82.270
-292968.8,-81.945
-292846.7,-81.570
-292724.6,-81.140
-292602.5,-81.340
-292480.5,-82.000
-292358.4,-82.474
-292236.3,-82.332
-292114.3,-81.963
-291992.2,-81.565
-291870.1,-81.248
-291748.0,-81.010
-291626.0,-80.920
-291503.9,-81.229
-291381.8,-81.852
-291259.8,-81.768
-291137.7,-81.701
-291015.6,-81.806
-290893.6,-82.104
-290771.5,-82.135
-290649.4,-82.021
-290527.3,-82.092
-290405.3,-82.053
-290283.2,-81.815
-290161.1,-81.861
-290039.1,-81.983
-289917.0,-82.164
-289794.9,-82.120
-289672.9,-81.992
-289550.8,-82.220
-289428.7,-82.031
-289306.6,-81.835
-289184.6,-81.645
-289062.5,-81.672
-288940.4,-81.940
-288818.4,-82.160
-288696.3,-82.014
-288574.2,-81.737
-288452.1,-81.945
-288330.1,-82.378
-288208.0,-82.956
-288085.9,-82.880
-287963.9,-82.965
-287841.8,-82.585
-287719.7,-82.112
-287597.7,-81.949
-287475.6,-82.566
-287353.5,-83.156
-287231.4,-83.143
-287109.4,-82.583
-286987.3,-82.361
-286865.2,-82.253
-286743.2,-82.308
-286621.1,-82.268
-286499.0,-82.005
-286377.0,-81.967
-286254.9,-81.925
-286132.8,-82.121
-286010.7,-82.281
-285888.7,-82.034
-285766.6,-81.713
-285644.5,-82.003
-285522.5,-82.516
-285400.4,-82.635
-285278.3,-82.701
-285156.2,-82.211
-285034.2,-82.258
-284912.1,-82.538
-284790.0,-83.133
-284668.0,-83.345
-284545.9,-83.290
-284423.8,-82.736
-284301.8,-82.562
-284179.7,-82.179
-284057.6,-82.358
-283935.5,-82.345
-283813.5,-82.178
-283691.4,-82.024
-283569.3,-81.479
-283447.3,-81.611
-283325.2,-81.912
-283203.1,-82.183
-283081.1,-82.570
-282959.0,-82.673
-282836.9,-82.710
-282714.8,-82.497
-282592.8,-82.229
-282470.7,-82.764
-282348.6,-82.604
-282226.6,-82.518
-282104.5,-82.550
-281982.4,-82.767
-281860.4,-82.761
-281738.3,-82.673
-281616.2,-82.308
-281494.1,-82.314
-281372.1,-82.565
-281250.0,-82.976
-281127.9,-83.262
-281005.9,-82.720
-280883.8,-82.175
-280761.7,-81.777
-280639.6,-81.619
-280517.6,-82.003
-280395.5,-82.278
-280273.4,-81.255
-280151.4,-81.103
-280029.3,-81.594
-279907.2,-81.767
-279785.2,-81.442
-279663.1,-80.833
-279541.0,-81.105
-279418.9,-81.348
-279296.9,-81.507
-279174.8,-80.805
-279052.7,-80.468
-278930.7,-80.893
-278808.6,-81.487
-278686.5,-81.236
-278564.5,-81.170
-278442.4,-81.549
-278320.3,-81.897
-278198.2,-82.231
-278076.2,-81.815
-277954.1,-81.754
-277832.0,-82.203
-277710.0,-82.273
-277587.9,-82.403
-277465.8,-82.092
-277343.8,-81.664
-277221.7,-81.139
-277099.6,-81.162
-276977.5,-81.619
-276855.5,-81.686
-276733.4,-81.256
-276611.3,-81.070
-276489.3,-81.385
-276367.2,-82.317
-276245.1,-83.148
-276123.0,-82.787
-276001.0,-82.659
-275878.9,-82.865
-275756.8,-82.646
-275634.8,-82.986
-275512.7,-82.191
-275390.6,-81.996
-275268.6,-82.410
-275146.5,-82.370
-275024.4,-81.650
-274902.3,-81.285
-274780.3,-81.568
-274658.2,-81.414
-274536.1,-80.910
-274414.1,-80.460
-274292.0,-80.673
-274169.9,-81.024
-274047.9,-81.235
-273925.8,-81.368
-273803.7,-81.997
-273681.6,-82.676
-273559.6,-81.882
-273437.5,-81.426
-273315.4,-81.758
-273193.4,-82.392
-273071.3,-82.443
-272949.2,-82.413
-272827.1,-82.554
-272705.1,-82.624
-272583.0,-82.116
-272460.9,-81.850
-272338.9,-82.125
-272216.8,-82.682
-272094.7,-82.580
-271972.7,-82.268
-271850.6,-81.882
-271728.5,-81.931
-271606.4,-81.959
-271484.4,-81.664
-271362.3,-81.687
-271240.2,-81.808
-271118.2,-82.207
-270996.1,-82.721
-270874.0,-82.466
-270752.0,-82.597
-270629.9,-82.329
-270507.8,-81.692
-270385.7,-81.242
-270263.7,-81.178
-270141.6,-81.529
-270019.5,-81.673
-269897.5,-81.622
-269775.4,-81.587
-269653.3,-81.262
-269531.2,-80.969
-269409.2,-80.827
-269287.1,-80.724
-269165.0,-81.511
-269043.0,-81.340
-268920.9,-80.936
-268798.8,-81.469
-268676.8,-81.620
-268554.7,-81.482
-268432.6,-81.164
-268310.5,-81.415
-268188.5,-82.312
-268066.4,-82.607
-267944.3,-82.239
-267822.3,-81.973
-267700.2,-82.212
-267578.1,-82.671
-267456.1,-82.602
-267334.0,-82.280
-267211.9,-82.536
-267089.8,-82.358
-266967.8,-82.287
-266845.7,-82.266
-266723.6,-82.406
-266601.6,-82.362
-266479.5,-82.278
-266357.4,-82.099
-266235.4,-82.235
-266113.3,-82.328
-265991.2,-82.518
-265869.1,-82.297
-265747.1,-82.041
-265625.0,-82.121
-265502.9,-82.216
-265380.9,-82.037
-265258.8,-81.697
-265136.7,-81.426
-265014.6,-81.588
-264892.6,-82.216
-264770.5,-81.898
-264648.4,-81.149
-264526.4,-80.905
-264404.3,-81.348
-264282.2,-81.448
-264160.2,-81.659
-264038.1,-81.695
-263916.0,-81.972
-263793.9,-81.831
-263671.9,-81.686
-263549.8,-81.679
-263427.7,-81.852
-263305.7,-81.725
-263183.6,-80.732
-263061.5,-80.346
-262939.5,-81.207
-262817.4,-81.774
-262695.3,-82.288
-262573.2,-82.157
-262451.2,-82.005
-262329.1,-82.280
-262207.0,-81.608
-262085.0,-81.124
-261962.9,-81.055
-261840.8,-81.248
-261718.8,-81.614
-261596.7,-81.746
-261474.6,-81.582
-261352.5,-81.370
-261230.5,-81.169
-261108.4,-80.899
-260986.3,-80.852
-260864.3,-81.535
-260742.2,-81.935
-260620.1,-80.849
-260498.0,-80.027
-260376.0,-80.924
-260253.9,-81.135
-260131.8,-81.422
-260009.8,-81.762
-259887.7,-82.036
-259765.6,-82.354
-259643.6,-81.927
-259521.5,-81.371
-259399.4,-81.503
-259277.3,-81.803
-259155.3,-81.685
-259033.2,-81.319
-258911.1,-81.287
-258789.1,-81.568
-258667.0,-81.552
-258544.9,-81.955
-258422.9,-82.509
-258300.8,-82.339
-258178.7,-81.968
-258056.6,-81.574
-257934.6,-81.444
-257812.5,-81.396
-257690.4,-81.311
-257568.4,-81.228
-257446.3,-81.348
-257324.2,-81.327
-257202.1,-81.831
-257080.1,-82.031
-256958.0,-81.478
-256835.9,-80.962
-256713.9,-80.782
-256591.8,-80.774
-256469.7,-81.120
-256347.7,-81.518
-256225.6,-82.162
-256103.5,-82.721
-255981.4,-82.170
-255859.4,-81.614
-255737.3,-81.166
-255615.2,-81.087
-255493.2,-81.259
-255371.1,-81.012
-255249.0,-80.781
-255127.0,-80.951
-255004.9,-81.239
-254882.8,-81.448
-254760.7,-81.121
-254638.7,-80.839
-254516.6,-80.840
-254394.5,-81.090
-254272.5,-81.365
-254150.4,-81.938
-254028.3,-82.303
-253906.2,-82.205
-253784.2,-81.932
-253662.1,-81.672
-253540.0,-81.553
-253418.0,-81.301
-253295.9,-81.510
-253173.8,-81.695
-253051.8,-81.452
-252929.7,-80.917
-252807.6,-80.692
-252685.5,-81.028
-252563.5,-81.556
-252441.4,-81.782
-252319.3,-82.120
-252197.3,-81.819
-252075.2,-81.563
-251953.1,-81.955
-251831.1,-82.228
-251709.0,-82.538
-251586.9,-83.033
-251464.8,-82.849
-251342.8,-82.325
-251220.7,-81.823
-251098.6,-81.291
-250976.6,-81.532
-250854.5,-82.345
-250732.4,-82.895
-250610.4,-82.968
-250488.3,-82.335
-250366.2,-82.299
-250244.1,-81.832
-250122.1,-81.817
-250000.0,-81.654
-249877.9,-81.243
-249755.9,-81.563
-249633.8,-82.050
-249511.7,-82.176
-249389.6,-82.407
-249267.6,-82.071
-249145.5,-81.707
-249023.4,-81.986
-248901.4,-82.044
-248779.3,-81.694
-248657.2,-81.276
-248535.2,-81.423
-248413.1,-81.297
-248291.0,-81.115
-248168.9,-81.034
-248046.9,-81.090
-247924.8,-81.543
-247802.7,-81.546
-247680.7,-81.183
-247558.6,-80.635
-247436.5,-80.822
-247314.5,-81.246
-247192.4,-81.501
-247070.3,-81.244
-246948.2,-80.347
-246826.2,-79.735
-246704.1,-79.661
-246582.0,-80.222
-246460.0,-81.450
-246337.9,-81.522
-246215.8,-81.186
-246093.8,-80.963
-245971.7,-81.028
-245849.6,-81.362
-245727.5,-81.165
-245605.5,-80.871
-245483.4,-81.185
-245361.3,-81.154
-245239.3,-81.033
-245117.2,-80.851
-244995.1,-81.145
-244873.0,-82.006
-244751.0,-82.101
-244628.9,-81.901
-244506.8,-81.525
-244384.8,-81.434
-244262.7,-81.405
-244140.6,-80.975
-244018.6,-80.300
-243896.5,-80.515
-243774.4,-80.993
-243652.3,-81.355
-243530.3,-81.634
-243408.2,-81.211
-243286.1,-81.244
-243164.1,-81.518
-243042.0,-81.649
-242919.9,-81.573
-242797.9,-81.134
-242675.8,-80.644
-242553.7,-80.973
-242431.6,-81.343
-242309.6,-82.012
-242187.5,-82.250
-242065.4,-81.790
-241943.4,-81.392
-241821.3,-81.437
-241699.2,-81.902
-241577.1,-82.011
-241455.1,-81.972
-241333.0,-82.036
-241210.9,-82.538
-241088.9,-82.393
-240966.8,-81.295
-240844.7,-80.403
-240722.7,-80.611
-240600.6,-81.595
-240478.5,-81.627
-240356.4,-81.097
-240234.4,-80.742
-240112.3,-80.807
-239990.2,-81.389
-239868.2,-81.458
-239746.1,-81.339
-239624.0,-81.233
-239502.0,-81.125
-239379.9,-81.086
-239257.8,-81.373
-239135.7,-81.364
-239013.7,-81.726
-238891.6,-81.630
-238769.5,-81.607
-238647.5,-81.642
-238525.4,-80.994
-238403.3,-81.116
-238281.2,-81.365
-238159.2,-81.571
-238037.1,-81.799
-237915.0,-81.468
-237793.0,-81.191
-237670.9,-81.624
-237548.8,-82.143
-237426.8,-81.965
-237304.7,-81.315
-237182.6,-80.769
-237060.5,-80.734
-236938.5,-80.788
-236816.4,-80.893
-236694.3,-81.156
-236572.3,-81.126
-236450.2,-81.534
-236328.1,-81.618
-236206.1,-81.705
-236084.0,-81.766
-235961.9,-81.442
-235839.8,-81.354
-235717.8,-81.765
-235595.7,-82.050
-235473.6,-82.030
-235351.6,-81.534
-235229.5,-81.640
-235107.4,-82.197
-234985.4,-82.223
-234863.3,-82.270
-234741.2,-81.932
-234619.1,-81.700
-234497.1,-81.746
-234375.0,-81.655
-234252.9,-81.645
-234130.9,-81.890
-234008.8,-82.544
-233886.7,-83.512
-233764.6,-83.791
-233642.6,-83.128
-233520.5,-82.489
-233398.4,-82.016
-233276.4,-81.516
-233154.3,-81.545
-233032.2,-81.826
-232910.2,-82.272
-232788.1,-82.648
-232666.0,-82.756
-232543.9,-82.495
-232421.9,-82.210
-232299.8,-82.074
-232177.7,-82.095
-232055.7,-81.830
-231933.6,-82.268
-231811.5,-82.780
-231689.5,-82.722
-231567.4,-82.756
-231445.3,-82.411
-231323.2,-82.150
-231201.2,-82.180
-231079.1,-81.210
-230957.0,-80.501
-230835.0,-79.938
-230712.9,-79.710
-230590.8,-80.053
-230468.8,-80.782
-230346.7,-81.330
-230224.6,-81.883
-230102.5,-81.932
-229980.5,-82.078
-229858.4,-82.133
-229736.3,-81.973
-229614.3,-82.234
-229492.2,-82.495
-229370.1,-82.581
-229248.0,-82.366
-229126.0,-82.112
-229003.9,-82.029
-228881.8,-81.750
-228759.8,-81.138
-228637.7,-81.004
-228515.6,-81.387
-228393.6,-82.083
-228271.5,-82.476
-228149.4,-82.497
-228027.3,-82.412
-227905.3,-81.874
-227783.2,-81.529
-227661.1,-81.621
-227539.1,-81.546
-227417.0,-81.647
-227294.9,-81.885
-227172.9,-82.204
-227050.8,-82.341
-226928.7,-82.285
-226806.6,-82.225
-226684.6,-82.504
-226562.5,-82.704
-226440.4,-82.904
-226318.4,-82.730
-226196.3,-82.528
-226074.2,-82.491
-225952.1,-82.172
-225830.1,-81.795
-225708.0,-81.654
-225585.9,-81.110
-225463.9,-81.491
-225341.8,-82.434
-225219.7,-82.493
-225097.7,-81.921
-224975.6,-81.149
-224853.5,-80.822
-224731.4,-80.700
-224609.4,-80.748
-224487.3,-81.026
-224365.2,-81.889
-224243.2,-82.465
-224121.1,-82.136
-223999.0,-81.622
-223877.0,-81.629
-223754.9,-81.970
-223632.8,-81.136
-223510.7,-80.973
-223388.7,-81.108
-223266.6,-81.293
-223144.5,-81.618
-223022.5,-81.771
-222900.4,-82.273
-222778.3,-82.709
-222656.2,-82.436
-222534.2,-82.115
-222412.1,-81.741
-222290.0,-81.228
-222168.0,-80.867
-222045.9,-80.503
-221923.8,-80.215
-221801.8,-80.059
-221679.7,-80.167
-221557.6,-80.975
-221435.5,-81.119
-221313.5,-80.829
-221191.4,-80.719
-221069.3,-80.762
-220947.3,-80.788
-220825.2,-80.845
-220703.1,-80.182
-220581.1,-79.766
-220459.0,-79.964
-220336.9,-80.507
-220214.8,-81.502
-220092.8,-81.674
-219970.7,-81.418
-219848.6,-81.485
-219726.6,-81.897
-219604.5,-81.987
-219482.4,-82.003
-219360.4,-81.859
-219238.3,-82.480
-219116.2,-82.507
-218994.1,-82.515
-218872.1,-82.612
-218750.0,-82.545
-218627.9,-82.654
-218505.9,-82.324
-218383.8,-82.392
-218261.7,-82.293
-218139.6,-81.850
-218017.6,-81.945
-217895.5,-82.435
-217773.4,-82.421
-217651.4,-82.834
-217529.3,-82.848
-217407.2,-82.441
-217285.2,-82.471
-217163.1,-81.841
-217041.0,-81.258
-216918.9,-80.996
-216796.9,-81.285
-216674.8,-82.331
-216552.7,-83.261
-216430.7,-83.175
-216308.6,-82.479
-216186.5,-81.945
-216064.5,-81.579
-215942.4,-81.280
-215820.3,-81.687
-215698.2,-82.098
-215576.2,-82.686
-215454.1,-82.548
-215332.0,-81.679
-215210.0,-81.137
-215087.9,-81.002
-214965.8,-81.003
-214843.8,-81.134
-214721.7,-82.047
-214599.6,-82.240
-214477.5,-81.960
-214355.5,-81.771
-214233.4,-81.462
-214111.3,-81.490
-213989.3,-81.597
-213867.2,-81.602
-213745.1,-81.502
-213623.0,-81.354
-213501.0,-81.232
-213378.9,-81.775
-213256.8,-81.893
-213134.8,-81.719
-213012.7,-81.362
-212890.6,-81.152
-212768.6,-81.429
-212646.5,-81.591
-212524.4,-82.095
-212402.3,-82.274
-212280.3,-82.197
-212158.2,-82.134
-212036.1,-81.667
-211914.1,-81.179
-211792.0,-81.218
-211669.9,-81.372
-211547.9,-81.553
-211425.8,-82.131
-211303.7,-82.443
-211181.6,-82.569
-211059.6,-82.768
-210937.5,-82.824
-210815.4,-82.857
-210693.4,-82.403
-210571.3,-81.752
-210449.2,-81.951
-210327.1,-81.968
-210205.1,-81.967
-210083.0,-81.872
-209960.9,-81.703
-209838.9,-81.790
-209716.8,-81.671
-209594.7,-81.926
-209472.7,-82.409
-209350.6,-82.492
-209228.5,-82.490
-209106.4,-82.249
-208984.4,-81.925
-208862.3,-81.431
-208740.2,-81.082
-208618.2,-81.387
-208496.1,-82.115
-208374.0,-82.185
-208252.0,-81.792
-208129.9,-81.825
-208007.8,-82.157
-207885.7,-82.374
-207763.7,-81.949
-207641.6,-81.571
-207519.5,-81.598
-207397.5,-81.811
-207275.4,-81.936
-207153.3,-82.096
-207031.2,-82.184
-206909.2,-82.165
-206787.1,-81.903
-206665.0,-82.020
-206543.0,-81.699
-206420.9,-81.180
-206298.8,-80.898
-206176.8,-80.610
-206054.7,-80.835
-205932.6,-80.646
-205810.5,-80.369
-205688.5,-80.510
-205566.4,-80.906
-205444.3,-80.782
-205322.3,-80.697
-205200.2,-80.672
-205078.1,-80.670
-204956.1,-80.990
-204834.0,-81.215
-204711.9,-81.105
-204589.8,-80.717
-204467.8,-80.610
-204345.7,-80.771
-204223.6,-80.880
-204101.6,-80.978
-203979.5,-80.944
-203857.4,-81.268
-203735.4,-81.505
-203613.3,-82.107
-203491.2,-81.817
-203369.1,-81.739
-203247.1,-81.384
-203125.0,-81.164
-203002.9,-81.133
-202880.9,-81.000
-202758.8,-81.167
-202636.7,-81.332
-202514.6,-81.422
-202392.6,-81.638
-202270.5,-81.635
-202148.4,-81.235
-202026.4,-81.310
-201904.3,-81.539
-201782.2,-82.351
-201660.2,-82.672
-201538.1,-81.672
-201416.0,-80.800
-201293.9,-80.652
-201171.9,-81.217
-201049.8,-81.753
-200927.7,-81.527
-200805.7,-81.487
-200683.6,-81.561
-200561.5,-81.675
-200439.5,-81.604
-200317.4,-81.287
-200195.3,-81.211
-200073.2,-81.337
-199951.2,-81.434
-199829.1,-81.485
-199707.0,-81.454
-199585.0,-81.662
-199462.9,-81.771
-199340.8,-81.653
-199218.8,-81.359
-199096.7,-81.374
-198974.6,-81.514
-198852.5,-81.398
-198730.5,-81.397
-198608.4,-81.417
-198486.3,-81.391
-198364.3,-81.012
-198242.2,-81.261
-198120.1,-81.817
-197998.0,-82.311
-197876.0,-82.293
-197753.9,-81.832
-197631.8,-81.465
-197509.8,-81.443
-197387.7,-81.464
-197265.6,-81.710
-197143.6,-81.429
-197021.5,-80.942
-196899.4,-80.675
-196777.3,-80.541
-196655.3,-80.506
-196533.2,-80.753
-196411.1,-81.190
-196289.1,-81.701
-196167.0,-82.598
-196044.9,-82.316
-195922.9,-81.818
-195800.8,-81.685
-195678.7,-81.906
-195556.6,-81.935
-195434.6,-81.867
-195312.5,-81.567
-195190.4,-81.461
-195068.4,-81.697
-194946.3,-82.269
-194824.2,-82.091
-194702.1,-82.107
-194580.1,-82.618
-194458.0,-82.763
-194335.9,-82.467
-194213.9,-82.200
-194091.8,-81.948
-193969.7,-82.657
-193847.7,-83.130
-193725.6,-82.822
-193603.5,-81.959
-193481.4,-81.024
-193359.4,-81.404
-193237.3,-82.186
-193115.2,-81.941
-192993.2,-81.734
-192871.1,-81.637
-192749.0,-81.801
-192627.0,-81.676
-192504.9,-81.283
-192382.8,-81.551
-192260.7,-81.963
-192138.7,-82.039
-192016.6,-81.736
-191894.5,-81.351
-191772.5,-81.342
-191650.4,-81.501
-191528.3,-81.422
-191406.2,-81.880
-191284.2,-81.795
-191162.1,-81.554
-191040.0,-81.869
-190918.0,-82.395
-190795.9,-82.695
-190673.8,-82.707
-190551.8,-82.274
-190429.7,-81.935
-190307.6,-81.902
-190185.5,-81.862
-190063.5,-82.394
-189941.4,-82.374
-189819.3,-82.276
-189697.3,-82.011
-189575.2,-81.405
-189453.1,-80.937
-189331.1,-80.835
-189209.0,-80.932
-189086.9,-80.915
-188964.8,-80.467
-188842.8,-80.611
-188720.7,-81.027
-188598.6,-81.696
-188476.6,-82.310
-188354.5,-82.516
-188232.4,-82.133
-188110.4,-81.658
-187988.3,-81.423
-187866.2,-81.373
-187744.1,-81.297
-187622.1,-81.316
-187500.0,-81.741
-187377.9,-82.159
-187255.9,-82.364
-187133.8,-82.232
-187011.7,-81.791
-186889.6,-81.486
-186767.6,-81.461
-186645.5,-81.401
-186523.4,-81.250
-186401.4,-81.396
-186279.3,-81.669
-186157.2,-81.556
-186035.2,-81.265
-185913.1,-81.017
-185791.0,-80.996
-185668.9,-81.187
-185546.9,-81.447
-185424.8,-81.781
-185302.7,-81.804
-185180.7,-81.622
-185058.6,-81.082
-184936.5,-81.008
-184814.5,-81.304
-184692.4,-81.489
-184570.3,-81.638
-184448.2,-81.565
-184326.2,-81.376
-184204.1,-80.927
-184082.0,-80.167
-183960.0,-80.125
-183837.9,-80.346
-183715.8,-81.019
-183593.8,-81.186
-183471.7,-80.612
-183349.6,-80.416
-183227.5,-80.245
-183105.5,-80.231
-182983.4,-80.485
-182861.3,-80.683
-182739.3,-80.902
-182617.2,-80.946
-182495.1,-81.259
-182373.0,-81.547
-182251.0,-81.642
-182128.9,-81.420
-182006.8,-81.049
-181884.8,-80.778
-181762.7,-80.698
-181640.6,-80.713
-181518.6,-81.134
-181396.5,-81.249
-181274.4,-81.326
-181152.3,-81.067
-181030.3,-81.097
-180908.2,-81.581
-180786.1,-81.884
-180664.1,-81.747
-180542.0,-81.598
-180419.9,-81.601
-180297.9,-81.744
-180175.8,-81.857
-180053.7,-81.931
-179931.6,-81.509
-179809.6,-81.456
-179687.5,-81.942
-179565.4,-82.210
-179443.4,-82.504
-179321.3,-82.580
-179199.2,-82.502
-179077.1,-82.435
-178955.1,-81.739
-178833.0,-81.030
-178710.9,-80.820
-178588.9,-80.693
-178466.8,-81.217
-178344.7,-82.086
-178222.7,-82.608
-178100.6,-82.957
-177978.5,-82.667
-177856.4,-82.370
-177734.4,-82.491
-177612.3,-81.894
-177490.2,-81.580
-177368.2,-81.226
-177246.1,-80.827
-177124.0,-80.621
-177002.0,-80.844
-176879.9,-81.135
-176757.8,-81.050
-176635.7,-80.952
-176513.7,-81.063
-176391.6,-81.284
-176269.5,-81.453
-176147.5,-81.386
-176025.4,-81.096
-175903.3,-81.025
-175781.2,-81.272
-175659.2,-81.622
-175537.1,-81.842
-175415.0,-81.710
-175293.0,-81.344
-175170.9,-81.461
-175048.8,-81.936
-174926.8,-82.297
-174804.7,-82.101
-174682.6,-82.035
-174560.5,-82.017
-174438.5,-81.760
-174316.4,-81.570
-174194.3,-81.821
-174072.3,-81.524
-173950.2,-81.197
-173828.1,-80.959
-173706.1,-80.943
-173584.0,-81.182
-173461.9,-81.154
-173339.8,-81.078
-173217.8,-81.610
-173095.7,-82.000
-172973.6,-82.169
-172851.6,-81.901
-172729.5,-81.595
-172607.4,-81.682
-172485.4,-81.951
-172363.3,-82.042
-172241.2,-81.944
-172119.1,-81.603
-171997.1,-81.907
-171875.0,-82.452
-171752.9,-82.506
-171630.9,-82.058
-171508.8,-81.541
-171386.7,-81.428
-171264.6,-81.863
-171142.6,-82.196
-171020.5,-81.969
-170898.4,-81.167
-170776.4,-80.810
-170654.3,-81.084
-170532.2,-81.685
-170410.2,-82.113
-170288.1,-82.331
-170166.0,-82.437
-170043.9,-81.680
-169921.9,-80.391
-169799.8,-79.748
-169677.7,-79.938
-169555.7,-80.639
-169433.6,-80.804
-169311.5,-80.456
-169189.5,-80.431
-169067.4,-81.404
-168945.3,-82.071
-168823.2,-81.557
-168701.2,-80.779
-168579.1,-80.927
-168457.0,-81.681
-168335.0,-81.993
-168212.9,-81.891
-168090.8,-81.936
-167968.8,-81.575
-167846.7,-80.784
-167724.6,-80.470
-167602.5,-80.565
-167480.5,-80.969
-167358.4,-81.373
-167236.3,-81.691
-167114.3,-81.445
-166992.2,-80.820
-166870.1,-80.508
-166748.0,-80.524
-166626.0,-80.553
-166503.9,-80.385
-166381.8,-80.604
-166259.8,-80.971
-166137.7,-81.326
-166015.6,-81.206
-165893.6,-80.745
-165771.5,-80.806
-165649.4,-80.998
-165527.3,-81.356
-165405.3,-81.621
-165283.2,-81.534
-165161.1,-82.099
-165039.1,-82.002
-164917.0,-81.913
-164794.9,-81.495
-164672.9,-81.268
-164550.8,-81.249
-164428.7,-81.391
-164306.6,-81.397
-164184.6,-81.039
-164062.5,-81.156
-163940.4,-81.573
-163818.4,-81.845
-163696.3,-81.745
-163574.2,-81.224
-163452.1,-80.987
-163330.1,-81.203
-163208.0,-81.412
-163085.9,-81.272
-162963.9,-80.973
-162841.8,-80.887
-162719.7,-81.208
-162597.7,-81.242
-162475.6,-81.126
-162353.5,-80.782
-162231.4,-80.621
-162109.4,-80.748
-161987.3,-80.860
-161865.2,-81.543
-161743.2,-82.017
-161621.1,-81.971
-161499.0,-81.686
-161377.0,-81.338
-161254.9,-81.807
-161132.8,-81.972
-161010.7,-81.731
-160888.7,-81.288
-160766.6,-80.801
-160644.5,-81.045
-160522.5,-81.526
-160400.4,-82.169
-160278.3,-82.299
-160156.2,-82.077
-160034.2,-81.984
-159912.1,-81.711
-159790.0,-81.713
-159668.0,-81.717
-159545.9,-81.939
-159423.8,-81.837
-159301.8,-81.512
-159179.7,-81.408
-159057.6,-81.122
-158935.5,-80.920
-158813.5,-80.804
-158691.4,-81.060
-158569.3,-81.498
-158447.3,-81.475
-158325.2,-81.671
-158203.1,-81.704
-158081.1,-81.817
-157959.0,-81.716
-157836.9,-81.528
-157714.8,-81.196
-157592.8,-80.998
-157470.7,-81.117
-157348.6,-81.334
-157226.6,-81.994
-157104.5,-82.302
-156982.4,-82.141
-156860.4,-81.521
-156738.3,-81.211
-156616.2,-80.848
-156494.1,-80.707
-156372.1,-80.554
-156250.0,-80.870
-156127.9,-81.275
-156005.9,-81.600
-155883.8,-81.800
-155761.7,-82.657
-155639.6,-82.507
-155517.6,-81.910
-155395.5,-82.064
-155273.4,-82.359
-155151.4,-82.720
-155029.3,-82.721
-154907.2,-82.533
-154785.2,-82.264
-154663.1,-82.128
-154541.0,-82.263
-154418.9,-82.350
-154296.9,-82.815
-154174.8,-82.985
-154052.7,-82.749
-153930.7,-82.094
-153808.6,-81.585
-153686.5,-81.108
-153564.5,-81.024
-153442.4,-81.447
-153320.3,-81.209
-153198.2,-81.513
-153076.2,-81.725
-152954.1,-81.888
-152832.0,-82.287
-152710.0,-82.443
-152587.9,-81.952
-152465.8,-81.164
-152343.8,-80.704
-152221.7,-80.354
-152099.6,-80.659
-151977.5,-81.253
-151855.5,-81.771
-151733.4,-81.288
-151611.3,-80.863
-151489.3,-80.820
-151367.2,-81.524
-151245.1,-81.979
-151123.0,-81.980
-151001.0,-81.962
-150878.9,-82.063
-150756.8,-81.808
-150634.8,-81.508
-150512.7,-81.276
-150390.6,-81.131
-150268.6,-80.962
-150146.5,-81.260
-150024.4,-81.761
-149902.3,-82.113
-149780.3,-81.818
-149658.2,-81.083
-149536.1,-81.375
-149414.1,-81.732
-149292.0,-82.001
-149169.9,-81.907
-149047.9,-81.402
-148925.8,-81.230
-148803.7,-81.348
-148681.6,-81.758
-148559.6,-81.556
-148437.5,-81.524
-148315.4,-81.535
-148193.4,-81.590
-148071.3,-82.180
-147949.2,-82.309
-147827.1,-82.191
-147705.1,-82.239
-147583.0,-82.120
-147460.9,-81.778
-147338.9,-81.488
-147216.8,-81.685
-147094.7,-81.539
-146972.7,-81.384
-146850.6,-81.268
-146728.5,-81.320
-146606.4,-81.393
-146484.4,-81.351
-146362.3,-80.940
-146240.2,-81.121
-146118.2,-81.649
-145996.1,-81.730
-145874.0,-81.473
-145752.0,-82.024
-145629.9,-82.074
-145507.8,-81.861
-145385.7,-81.327
-145263.7,-81.311
-145141.6,-81.347
-145019.5,-80.989
-144897.5,-80.836
-144775.4,-80.838
-144653.3,-80.546
-144531.2,-80.540
-144409.2,-80.590
-144287.1,-81.253
-144165.0,-81.654
-144043.0,-81.795
-143920.9,-81.347
-143798.8,-81.374
-143676.8,-81.397
-143554.7,-81.370
-143432.6,-81.625
-143310.5,-81.601
-143188.5,-81.319
-143066.4,-81.157
-142944.3,-81.403
-142822.3,-81.476
-142700.2,-81.428
-142578.1,-81.724
-142456.1,-81.712
-142334.0,-81.890
-142211.9,-82.098
-142089.8,-82.030
-141967.8,-81.791
-141845.7,-81.267
-141723.6,-81.297
-141601.6,-81.605
-141479.5,-82.049
-141357.4,-81.764
-141235.4,-81.860
-141113.3,-82.084
-140991.2,-81.554
-140869.1,-81.139
-140747.1,-81.144
-140625.0,-81.021
-140502.9,-80.636
-140380.9,-80.285
-140258.8,-80.554
-140136.7,-81.239
-140014.6,-81.799
-139892.6,-81.831
-139770.5,-81.730
-139648.4,-81.805
-139526.4,-81.826
-139404.3,-81.542
-139282.2,-81.130
-139160.2,-81.342
-139038.1,-81.075
-138916.0,-81.698
-138793.9,-82.053
-138671.9,-82.005
-138549.8,-81.751
-138427.7,-81.553
-138305.7,-81.811
-138183.6,-81.868
-138061.5,-81.926
-137939.5,-81.942
-137817.4,-82.086
-137695.3,-81.888
-137573.2,-81.898
-137451.2,-81.853
-137329.1,-81.561
-137207.0,-80.962
-137085.0,-80.551
-136962.9,-80.614
-136840.8,-80.948
-136718.8,-81.263
-136596.7,-81.527
-136474.6,-81.359
-136352.5,-81.415
-136230.5,-81.702
-136108.4,-81.890
-135986.3,-81.901
-135864.3,-81.802
-135742.2,-81.697
-135620.1,-81.697
-135498.0,-81.685
-135376.0,-82.144
-135253.9,-82.278
-135131.8,-82.125
-135009.8,-81.696
-134887.7,-81.202
-134765.6,-81.195
-134643.6,-81.091
-134521.5,-81.073
-134399.4,-81.204
-134277.3,-81.364
-134155.3,-81.350
-134033.2,-81.259
-133911.1,-81.375
-133789.1,-81.886
-133667.0,-82.497
-133544.9,-82.478
-133422.9,-82.013
-133300.8,-81.169
-133178.7,-81.177
-133056.6,-81.291
-132934.6,-81.665
-132812.5,-82.058
-132690.4,-81.799
-132568.4,-81.531
-132446.3,-81.102
-132324.2,-81.124
-132202.1,-80.838
-132080.1,-80.900
-131958.0,-80.901
-131835.9,-81.027
-131713.9,-80.705
-131591.8,-80.602
-131469.7,-81.430
-131347.7,-82.282
-131225.6,-82.572
-131103.5,-82.055
-130981.4,-81.530
-130859.4,-81.660
-130737.3,-81.905
-130615.2,-82.345
-130493.2,-82.260
-130371.1,-81.649
-130249.0,-81.227
-130127.0,-81.299
-130004.9,-81.864
-129882.8,-82.093
-129760.7,-82.167
-129638.7,-81.981
-129516.6,-81.484
-129394.5,-80.969
-129272.5,-80.538
-129150.4,-80.314
-129028.3,-80.780
-128906.2,-81.305
-128784.2,-81.151
-128662.1,-81.017
-128540.0,-81.412
-128418.0,-82.129
-128295.9,-82.082
-128173.8,-81.588
-128051.8,-80.862
-127929.7,-80.722
-127807.6,-80.644
-127685.5,-80.223
-127563.5,-80.133
-127441.4,-80.443
-127319.3,-80.610
-127197.3,-80.012
-127075.2,-79.475
-126953.1,-79.448
-126831.1,-79.725
-126709.0,-80.217
-126586.9,-80.668
-126464.8,-81.179
-126342.8,-81.743
-126220.7,-81.933
-126098.6,-82.068
-125976.6,-81.994
-125854.5,-82.061
-125732.4,-81.924
-125610.4,-81.938
-125488.3,-81.969
-125366.2,-81.593
-125244.1,-81.379
-125122.1,-81.428
-125000.0,-81.369
-124877.9,-81.267
-124755.9,-81.261
-124633.8,-81.225
-124511.7,-81.060
-124389.6,-80.535
-124267.6,-79.965
-124145.5,-79.691
-124023.4,-80.365
-123901.4,-81.490
-123779.3,-81.790
-123657.2,-81.435
-123535.2,-80.933
-123413.1,-80.986
-123291.0,-81.498
-123168.9,-82.012
-123046.9,-82.373
-122924.8,-82.332
-122802.7,-82.163
-122680.7,-81.762
-122558.6,-81.787
-122436.5,-81.646
-122314.5,-81.540
-122192.4,-81.609
-122070.3,-81.951
-121948.2,-82.111
-121826.2,-81.967
-121704.1,-81.923
-121582.0,-81.825
-121460.0,-82.262
-121337.9,-82.608
-121215.8,-82.213
-121093.8,-81.553
-120971.7,-81.321
-120849.6,-81.322
-120727.5,-81.334
-120605.5,-81.711
-120483.4,-82.173
-120361.3,-82.255
-120239.3,-82.083
-120117.2,-81.906
-119995.1,-81.818
-119873.0,-82.028
-119751.0,-81.850
-119628.9,-81.515
-119506.8,-81.021
-119384.8,-80.446
-119262.7,-80.366
-119140.6,-80.587
-119018.6,-80.953
-118896.5,-81.795
-118774.4,-82.168
-118652.3,-82.334
-118530.3,-82.309
-118408.2,-81.902
-118286.1,-81.442
-118164.1,-80.812
-118042.0,-80.653
-117919.9,-80.498
-117797.9,-80.599
-117675.8,-80.672
-117553.7,-80.673
-117431.6,-80.559
-117309.6,-80.738
-117187.5,-81.350
-117065.4,-82.035
-116943.4,-82.003
-116821.3,-81.365
-116699.2,-80.978
-116577.1,-80.832
-116455.1,-80.988
-116333.0,-81.169
-116210.9,-81.038
-116088.9,-81.302
-115966.8,-81.578
-115844.7,-81.888
-115722.7,-81.550
-115600.6,-81.214
-115478.5,-81.639
-115356.4,-82.511
-115234.4,-82.779
-115112.3,-82.074
-114990.2,-81.601
-114868.2,-81.729
-114746.1,-81.830
-114624.0,-82.550
-114502.0,-83.246
-114379.9,-83.334
-114257.8,-82.867
-114135.7,-82.793
-114013.7,-82.851
-113891.6,-82.919
-113769.5,-82.668
-113647.5,-82.486
-113525.4,-82.311
-113403.3,-82.027
-113281.2,-81.955
-113159.2,-81.942
-113037.1,-82.048
-112915.0,-82.093
-112793.0,-82.256
-112670.9,-82.204
-112548.8,-82.271
-112426.8,-82.249
-112304.7,-82.063
-112182.6,-82.182
-112060.5,-82.136
-111938.5,-81.898
-111816.4,-81.718
-111694.3,-81.634
-111572.3,-81.737
-111450.2,-81.517
-111328.1,-81.358
-111206.1,-81.570
-111084.0,-81.825
-110961.9,-82.525
-110839.8,-82.631
-110717.8,-82.226
-110595.7,-81.535
-110473.6,-81.400
-110351.6,-81.391
-110229.5,-81.377
-110107.4,-81.446
-109985.4,-81.695
-109863.3,-81.808
-109741.2,-81.894
-109619.1,-82.420
-109497.1,-82.589
-109375.0,-82.306
-109252.9,-81.959
-109130.9,-82.135
-109008.8,-82.559
-108886.7,-82.970
-108764.6,-82.584
-108642.6,-82.154
-108520.5,-82.015
-108398.4,-82.133
-108276.4,-82.294
-108154.3,-82.121
-108032.2,-82.179
-107910.2,-81.762
-107788.1,-81.512
-107666.0,-81.468
-107543.9,-81.362
-107421.9,-81.036
-107299.8,-80.982
-107177.7,-81.388
-107055.7,-81.825
-106933.6,-81.883
-106811.5,-81.386
-106689.5,-81.139
-106567.4,-80.906
-106445.3,-81.034
-106323.2,-81.544
-106201.2,-82.038
-106079.1,-81.913
-105957.0,-81.890
-105835.0,-81.769
-105712.9,-81.950
-105590.8,-82.262
-105468.8,-81.738
-105346.7,-81.725
-105224.6,-81.521
-105102.5,-81.470
-104980.5,-81.220
-104858.4,-81.271
-104736.3,-81.542
-104614.3,-82.281
-104492.2,-82.489
-104370.1,-82.552
-104248.0,-82.184
-104126.0,-82.195
-104003.9,-82.015
-103881.8,-81.901
-103759.8,-81.553
-103637.7,-81.339
-103515.6,-81.398
-103393.6,-82.091
-103271.5,-82.209
-103149.4,-82.172
-103027.3,-82.358
-102905.3,-81.742
-102783.2,-81.528
-102661.1,-81.553
-102539.1,-81.755
-102417.0,-81.637
-102294.9,-81.116
-102172.9,-81.209
-102050.8,-81.209
-101928.7,-81.514
-101806.6,-81.659
-101684.6,-81.798
-101562.5,-82.030
-101440.4,-82.146
-101318.4,-81.990
-101196.3,-82.142
-101074.2,-82.309
-100952.1,-82.140
-100830.1,-81.853
-100708.0,-81.299
-100585.9,-81.120
-100463.9,-81.485
-100341.8,-81.815
-100219.7,-82.340
-100097.7,-82.683
-99975.6,-82.390
-99853.5,-82.129
-99731.4,-81.718
-99609.4,-81.536
-99487.3,-81.972
-99365.2,-81.956
-99243.2,-82.250
-99121.1,-81.884
-98999.0,-81.822
-98877.0,-81.621
-98754.9,-81.907
-98632.8,-82.146
-98510.7,-81.881
-98388.7,-81.689
-98266.6,-81.729
-98144.5,-81.827
-98022.5,-81.911
-97900.4,-82.187
-97778.3,-82.390
-97656.2,-82.244
-97534.2,-81.943
-97412.1,-81.563
-97290.0,-81.391
-97168.0,-81.066
-97045.9,-80.996
-96923.8,-80.765
-96801.8,-80.349
-96679.7,-79.916
-96557.6,-80.210
-96435.5,-80.602
-96313.5,-80.800
-96191.4,-80.976
-96069.3,-80.905
-95947.3,-81.298
-95825.2,-81.384
-95703.1,-81.638
-95581.1,-81.613
-95459.0,-81.817
-95336.9,-81.413
-95214.8,-80.823
-95092.8,-80.934
-94970.7,-81.520
-94848.6,-81.763
-94726.6,-81.872
-94604.5,-81.787
-94482.4,-81.691
-94360.4,-82.310
-94238.3,-82.520
-94116.2,-82.255
-93994.1,-82.144
-93872.1,-82.076
-93750.0,-82.216
-93627.9,-82.568
-93505.9,-82.942
-93383.8,-82.949
-93261.7,-82.189
-93139.6,-82.035
-93017.6,-82.348
-92895.5,-83.035
-92773.4,-82.994
-92651.4,-82.554
-92529.3,-81.988
-92407.2,-82.169
-92285.2,-82.241
-92163.1,-81.665
-92041.0,-81.190
-91918.9,-81.346
-91796.9,-81.458
-91674.8,-81.624
-91552.7,-81.919
-91430.7,-82.198
-91308.6,-82.170
-91186.5,-81.513
-91064.5,-81.079
-90942.4,-81.629
-90820.3,-82.071
-90698.2,-82.185
-90576.2,-82.287
-90454.1,-82.693
-90332.0,-81.911
-90210.0,-81.294
-90087.9,-81.164
-89965.8,-81.607
-89843.8,-82.171
-89721.7,-81.894
-89599.6,-81.635
-89477.5,-81.532
-89355.5,-81.402
-89233.4,-81.395
-89111.3,-81.520
-88989.3,-81.605
-88867.2,-81.581
-88745.1,-81.641
-88623.0,-81.699
-88501.0,-82.138
-88378.9,-81.725
-88256.8,-81.275
-88134.8,-80.943
-88012.7,-80.659
-87890.6,-80.431
-87768.6,-80.329
-87646.5,-80.809
-87524.4,-81.611
-87402.3,-81.476
-87280.3,-81.438
-87158.2,-81.679
-87036.1,-81.543
-86914.1,-81.777
-86792.0,-82.008
-86669.9,-82.129
-86547.9,-82.542
-86425.8,-83.123
-86303.7,-83.663
-86181.6,-83.481
-86059.6,-82.807
-85937.5,-82.199
-85815.4,-81.978
-85693.4,-81.996
-85571.3,-81.627
-85449.2,-81.752
-85327.1,-82.239
-85205.1,-82.497
-85083.0,-82.470
-84960.9,-83.186
-84838.9,-83.539
-84716.8,-83.275
-84594.7,-82.700
-84472.7,-82.512
-84350.6,-82.375
-84228.5,-82.573
-84106.4,-82.452
-83984.4,-82.456
-83862.3,-82.488
-83740.2,-82.395
-83618.2,-82.179
-83496.1,-82.139
-83374.0,-82.436
-83252.0,-82.545
-83129.9,-82.703
-83007.8,-82.353
-82885.7,-81.576
-82763.7,-80.746
-82641.6,-80.654
-82519.5,-81.110
-82397.5,-81.532
-82275.4,-81.361
-82153.3,-81.348
-82031.2,-81.416
-81909.2,-81.536
-81787.1,-81.851
-81665.0,-81.826
-81543.0,-81.295
-81420.9,-81.589
-81298.8,-82.441
-81176.8,-82.599
-81054.7,-82.358
-80932.6,-81.989
-80810.5,-81.886
-80688.5,-81.843
-80566.4,-81.976
-80444.3,-82.061
-80322.3,-82.223
-80200.2,-82.426
-80078.1,-81.904
-79956.1,-81.439
-79834.0,-81.312
-79711.9,-81.597
-79589.8,-82.273
-79467.8,-82.743
-79345.7,-82.497
-79223.6,-82.073
-79101.6,-82.366
-78979.5,-82.471
-78857.4,-82.279
-78735.4,-81.636
-78613.3,-81.239
-78491.2,-81.153
-78369.1,-80.916
-78247.1,-81.080
-78125.0,-81.555
-78002.9,-81.916
-77880.9,-82.036
-77758.8,-81.726
-77636.7,-81.383
-77514.6,-81.299
-77392.6,-81.457
-77270.5,-81.696
-77148.4,-81.696
-77026.4,-81.310
-76904.3,-81.360
-76782.2,-81.909
-76660.2,-82.575
-76538.1,-82.800
-76416.0,-82.014
-76293.9,-81.277
-76171.9,-80.925
-76049.8,-80.899
-75927.7,-81.115
-75805.7,-80.896
-75683.6,-80.911
-75561.5,-81.228
-75439.5,-81.472
-75317.4,-81.399
-75195.3,-81.516
-75073.2,-81.652
-74951.2,-82.029
-74829.1,-81.775
-74707.0,-81.153
-74585.0,-80.968
-74462.9,-80.760
-74340.8,-81.193
-74218.8,-81.388
-74096.7,-81.099
-73974.6,-80.717
-73852.5,-80.604
-73730.5,-80.960
-73608.4,-81.764
-73486.3,-82.401
-73364.3,-82.323
-73242.2,-82.102
-73120.1,-81.873
-72998.0,-81.830
-72876.0,-81.594
-72753.9,-81.070
-72631.8,-80.895
-72509.8,-81.101
-72387.7,-81.690
-72265.6,-81.918
-72143.6,-81.391
-72021.5,-81.115
-71899.4,-81.297
-71777.3,-81.890
-71655.3,-82.324
-71533.2,-82.087
-71411.1,-81.924
-71289.1,-81.763
-71167.0,-81.601
-71044.9,-81.552
-70922.9,-81.761
-70800.8,-81.854
-70678.7,-82.080
-70556.6,-82.120
-70434.6,-82.282
-70312.5,-82.155
-70190.4,-81.715
-70068.4,-81.377
-69946.3,-81.381
-69824.2,-81.023
-69702.1,-80.696
-69580.1,-80.543
-69458.0,-81.333
-69335.9,-82.296
-69213.9,-81.876
-69091.8,-80.843
-68969.7,-80.359
-68847.7,-81.232
-68725.6,-81.931
-68603.5,-81.074
-68481.4,-80.152
-68359.4,-80.057
-68237.3,-80.780
-68115.2,-81.091
-67993.2,-80.709
-67871.1,-80.492
-67749.0,-81.160
-67627.0,-81.607
-67504.9,-81.609
-67382.8,-81.175
-67260.7,-80.931
-67138.7,-81.769
-67016.6,-81.929
-66894.5,-81.694
-66772.5,-80.789
-66650.4,-80.267
-66528.3,-80.479
-66406.2,-81.236
-66284.2,-81.889
-66162.1,-82.080
-66040.0,-81.674
-65918.0,-81.109
-65795.9,-80.640
-65673.8,-80.300
-65551.8,-79.894
-65429.7,-79.564
-65307.6,-79.518
-65185.5,-80.171
-65063.5,-80.918
-64941.4,-81.326
-64819.3,-81.425
-64697.3,-81.400
-64575.2,-81.278
-64453.1,-81.080
-64331.1,-80.940
-64209.0,-80.731
-64086.9,-80.865
-63964.8,-81.227
-63842.8,-81.114
-63720.7,-80.883
-63598.6,-80.720
-63476.6,-80.514
-63354.5,-80.709
-63232.4,-81.008
-63110.4,-81.277
-62988.3,-81.450
-62866.2,-81.318
-62744.1,-81.350
-62622.1,-81.606
-62500.0,-81.985
-62377.9,-82.685
-62255.9,-83.174
-62133.8,-82.953
-62011.7,-82.474
-61889.6,-81.596
-61767.6,-81.229
-61645.5,-80.967
-61523.4,-81.103
-61401.4,-81.506
-61279.3,-81.585
-61157.2,-81.265
-61035.2,-81.516
-60913.1,-81.480
-60791.0,-81.450
-60668.9,-81.519
-60546.9,-81.204
-60424.8,-81.425
-60302.7,-81.949
-60180.7,-81.380
-60058.6,-81.021
-59936.5,-80.739
-59814.5,-80.695
-59692.4,-80.543
-59570.3,-80.264
-59448.2,-80.143
-59326.2,-80.519
-59204.1,-80.820
-59082.0,-81.243
-58960.0,-81.390
-58837.9,-81.496
-58715.8,-81.316
-58593.8,-81.087
-58471.7,-81.369
-58349.6,-81.859
-58227.5,-81.426
-58105.5,-81.021
-57983.4,-80.825
-57861.3,-80.956
-57739.3,-81.203
-57617.2,-81.274
-57495.1,-81.739
-57373.0,-81.784
-57251.0,-81.422
-57128.9,-81.188
-57006.8,-81.344
-56884.8,-80.908
-56762.7,-80.791
-56640.6,-81.826
-56518.6,-82.159
-56396.5,-82.539
-56274.4,-82.534
-56152.3,-82.345
-56030.3,-82.591
-55908.2,-82.950
-55786.1,-83.202
-55664.1,-82.865
-55542.0,-82.181
-55419.9,-81.324
-55297.9,-80.877
-55175.8,-81.502
-55053.7,-82.262
-54931.6,-82.553
-54809.6,-82.647
-54687.5,-81.588
-54565.4,-81.590
-54443.4,-82.109
-54321.3,-82.126
-54199.2,-82.019
-54077.1,-81.282
-53955.1,-80.956
-53833.0,-81.295
-53710.9,-81.314
-53588.9,-81.314
-53466.8,-81.090
-53344.7,-81.249
-53222.7,-81.613
-53100.6,-81.589
-52978.5,-81.631
-52856.4,-82.004
-52734.4,-81.978
-52612.3,-82.156
-52490.2,-82.287
-52368.2,-82.092
-52246.1,-82.043
-52124.0,-81.474
-52002.0,-80.902
-51879.9,-80.877
-51757.8,-81.358
-51635.7,-81.925
-51513.7,-81.947
-51391.6,-81.801
-51269.5,-81.787
-51147.5,-81.989
-51025.4,-81.643
-50903.3,-81.819
-50781.2,-81.907
-50659.2,-82.188
-50537.1,-81.622
-50415.0,-81.392
-50293.0,-81.140
-50170.9,-81.011
-50048.8,-81.022
-49926.8,-81.204
-49804.7,-81.637
-49682.6,-81.913
-49560.5,-81.879
-49438.5,-81.836
-49316.4,-81.395
-49194.3,-80.816
-49072.3,-80.706
-48950.2,-80.802
-48828.1,-81.114
-48706.1,-81.651
-48584.0,-82.087
-48461.9,-82.154
-48339.8,-82.085
-48217.8,-82.257
-48095.7,-81.996
-47973.6,-82.003
-47851.6,-81.865
-47729.5,-82.003
-47607.4,-82.260
-47485.4,-82.580
-47363.3,-82.843
-47241.2,-82.379
-47119.1,-81.929
-46997.1,-81.848
-46875.0,-81.835
-46752.9,-82.175
-46630.9,-81.964
-46508.8,-81.798
-46386.7,-82.092
-46264.6,-82.286
-46142.6,-81.940
-46020.5,-81.417
-45898.4,-81.073
-45776.4,-81.328
-45654.3,-81.693
-45532.2,-81.688
-45410.2,-81.719
-45288.1,-81.780
-45166.0,-81.775
-45043.9,-81.896
-44921.9,-82.202
-44799.8,-82.362
-44677.7,-81.664
-44555.7,-81.536
-44433.6,-81.750
-44311.5,-81.823
-44189.5,-82.116
-44067.4,-82.413
-43945.3,-82.675
-43823.2,-82.500
-43701.2,-82.271
-43579.1,-82.122
-43457.0,-81.766
-43335.0,-81.377
-43212.9,-81.171
-43090.8,-81.155
-42968.8,-81.713
-42846.7,-82.346
-42724.6,-82.447
-42602.5,-82.070
-42480.5,-82.233
-42358.4,-81.617
-42236.3,-81.048
-42114.3,-81.129
-41992.2,-81.399
-41870.1,-81.789
-41748.0,-81.345
-41626.0,-81.591
-41503.9,-82.076
-41381.8,-81.754
-41259.8,-81.224
-41137.7,-80.911
-41015.6,-81.015
-40893.6,-81.043
-40771.5,-81.225
-40649.4,-81.644
-40527.3,-81.870
-40405.3,-81.623
-40283.2,-81.532
-40161.1,-81.426
-40039.1,-81.291
-39917.0,-81.322
-39794.9,-81.188
-39672.9,-81.275
-39550.8,-81.925
-39428.7,-82.599
-39306.6,-82.906
-39184.6,-83.177
-39062.5,-83.037
-38940.4,-82.371
-38818.4,-82.129
-38696.3,-82.527
-38574.2,-82.804
-38452.1,-82.115
-38330.1,-81.778
-38208.0,-81.324
-38085.9,-81.690
-37963.9,-82.188
-37841.8,-82.380
-37719.7,-82.509
-37597.7,-82.291
-37475.6,-81.887
-37353.5,-81.544
-37231.4,-81.461
-37109.4,-81.674
-36987.3,-81.826
-36865.2,-81.291
-36743.2,-81.471
-36621.1,-81.908
-36499.0,-81.455
-36377.0,-81.112
-36254.9,-80.975
-36132.8,-81.157
-36010.7,-81.121
-35888.7,-81.104
-35766.6,-81.444
-35644.5,-81.621
-35522.5,-81.830
-35400.4,-82.348
-35278.3,-82.482
-35156.2,-82.557
-35034.2,-82.335
-34912.1,-82.019
-34790.0,-81.800
-34668.0,-81.723
-34545.9,-81.520
-34423.8,-81.389
-34301.8,-81.159
-34179.7,-81.118
-34057.6,-81.723
-33935.5,-81.930
-33813.5,-81.948
-33691.4,-81.496
-33569.3,-81.024
-33447.3,-80.957
-33325.2,-81.345
-33203.1,-81.651
-33081.1,-81.485
-32959.0,-81.315
-32836.9,-81.979
-32714.8,-82.031
-32592.8,-81.427
-32470.7,-81.235
-32348.6,-81.412
-32226.6,-81.436
-32104.5,-81.230
-31982.4,-81.174
-31860.4,-81.165
-31738.3,-80.951
-31616.2,-80.192
-31494.1,-80.094
-31372.1,-80.493
-31250.0,-80.901
-31127.9,-81.460
-31005.9,-81.704
-30883.8,-82.036
-30761.7,-82.305
-30639.6,-81.756
-30517.6,-81.187
-30395.5,-81.036
-30273.4,-81.457
-30151.4,-81.980
-30029.3,-82.320
-29907.2,-81.796
-29785.2,-81.199
-29663.1,-81.168
-29541.0,-81.902
-29418.9,-82.410
-29296.9,-82.260
-29174.8,-82.126
-29052.7,-81.932
-28930.7,-82.312
-28808.6,-82.643
-28686.5,-82.355
-28564.5,-82.433
-28442.4,-82.507
-28320.3,-82.788
-28198.2,-82.432
-28076.2,-81.890
-27954.1,-81.733
-27832.0,-81.766
-27710.0,-81.923
-27587.9,-82.203
-27465.8,-82.449
-27343.8,-82.970
-27221.7,-82.725
-27099.6,-82.125
-26977.5,-81.713
-26855.5,-81.218
-26733.4,-81.505
-26611.3,-81.890
-26489.3,-81.568
-26367.2,-81.717
-26245.1,-82.046
-26123.0,-82.182
-26001.0,-82.148
-25878.9,-82.073
-25756.8,-81.971
-25634.8,-81.444
-25512.7,-81.213
-25390.6,-81.382
-25268.6,-81.605
-25146.5,-81.620
-25024.4,-81.913
-24902.3,-82.050
-24780.3,-82.019
-24658.2,-81.907
-24536.1,-82.314
-24414.1,-82.737
-24292.0,-82.933
-24169.9,-82.389
-24047.9,-81.466
-23925.8,-80.919
-23803.7,-80.703
-23681.6,-80.578
-23559.6,-80.643
-23437.5,-81.032
-23315.4,-81.329
-23193.4,-81.462
-23071.3,-81.600
-22949.2,-81.820
-22827.1,-81.866
-22705.1,-82.114
-22583.0,-81.944
-22460.9,-81.787
-22338.9,-81.333
-22216.8,-80.915
-22094.7,-80.676
-21972.7,-80.716
-21850.6,-81.162
-21728.5,-81.363
-21606.4,-81.189
-21484.4,-80.844
-21362.3,-80.001
-21240.2,-80.203
-21118.2,-80.917
-20996.1,-80.499
-20874.0,-80.109
-20752.0,-80.089
-20629.9,-80.500
-20507.8,-80.996
-20385.7,-80.548
-20263.7,-80.509
-20141.6,-81.118
-20019.5,-80.924
-19897.5,-80.143
-19775.4,-80.292
-19653.3,-80.901
-19531.2,-81.201
-19409.2,-80.957
-19287.1,-81.192
-19165.0,-82.068
-19043.0,-82.576
-18920.9,-82.104
-18798.8,-81.184
-18676.8,-80.692
-18554.7,-81.263
-18432.6,-81.686
-18310.5,-82.055
-18188.5,-82.224
-18066.4,-82.043
-17944.3,-82.365
-17822.3,-82.665
-17700.2,-82.569
-17578.1,-82.563
-17456.1,-83.081
-17334.0,-82.882
-17211.9,-82.218
-17089.8,-81.667
-16967.8,-81.931
-16845.7,-82.086
-16723.6,-81.997
-16601.6,-82.366
-16479.5,-82.533
-16357.4,-82.569
-16235.4,-82.337
-16113.3,-82.025
-15991.2,-81.787
-15869.1,-81.933
-15747.1,-82.325
-15625.0,-82.701
-15502.9,-82.342
-15380.9,-82.146
-15258.8,-81.857
-15136.7,-81.615
-15014.6,-81.983
-14892.6,-81.980
-14770.5,-81.767
-14648.4,-81.754
-14526.4,-81.884
-14404.3,-81.972
-14282.2,-82.088
-14160.2,-82.169
-14038.1,-83.074
-13916.0,-82.833
-13793.9,-82.582
-13671.9,-82.729
-13549.8,-82.861
-13427.7,-83.042
-13305.7,-83.293
-13183.6,-82.988
-13061.5,-82.886
-12939.5,-82.887
-12817.4,-82.943
-12695.3,-83.360
-12573.2,-83.098
-12451.2,-82.344
-12329.1,-81.265
-12207.0,-80.949
-12085.0,-81.760
-11962.9,-82.517
-11840.8,-82.312
-11718.8,-82.169
-11596.7,-82.101
-11474.6,-82.610
-11352.5,-82.857
-11230.5,-82.946
-11108.4,-83.024
-10986.3,-82.336
-10864.3,-82.047
-10742.2,-81.550
-10620.1,-81.301
-10498.0,-81.059
-10376.0,-80.748
-10253.9,-81.174
-10131.8,-81.816
-10009.8,-81.799
-9887.7,-81.488
-9765.6,-81.655
-9643.6,-81.680
-9521.5,-81.951
-9399.4,-81.938
-9277.3,-82.076
-9155.3,-82.495
-9033.2,-81.841
-8911.1,-81.423
-8789.1,-81.766
-8667.0,-81.659
-8544.9,-81.884
-8422.9,-82.063
-8300.8,-82.293
-8178.7,-82.455
-8056.6,-82.055
-7934.6,-82.183
-7812.5,-82.505
-7690.4,-82.213
-7568.4,-82.050
-7446.3,-81.947
-7324.2,-82.115
-7202.1,-82.114
-7080.1,-81.424
-6958.0,-81.255
-6835.9,-81.246
-6713.9,-81.303
-6591.8,-81.520
-6469.7,-81.433
-6347.7,-81.639
-6225.6,-82.385
-6103.5,-82.576
-5981.4,-82.684
-5859.4,-82.548
-5737.3,-82.069
-5615.2,-82.067
-5493.2,-82.371
-5371.1,-82.222
-5249.0,-82.025
-5127.0,-81.534
-5004.9,-81.465
-4882.8,-81.716
-4760.7,-81.324
-4638.7,-81.799
-4516.6,-82.103
-4394.5,-82.039
-4272.5,-82.040
-4150.4,-82.015
-4028.3,-82.283
-3906.2,-82.256
-3784.2,-81.986
-3662.1,-81.487
-3540.0,-81.434
-3418.0,-81.040
-3295.9,-80.894
-3173.8,-80.986
-3051.8,-81.205
-2929.7,-81.350
-2807.6,-81.365
-2685.5,-80.998
-2563.5,-80.970
-2441.4,-81.408
-2319.3,-81.570
-2197.3,-81.277
-2075.2,-81.194
-1953.1,-80.944
-1831.1,-80.674
-1709.0,-81.200
-1586.9,-81.234
-1464.8,-81.426
-1342.8,-81.233
-1220.7,-81.204
-1098.6,-81.189
-976.6,-80.916
-854.5,-80.708
-732.4,-80.803
-610.4,-80.409
-488.3,-79.439
-366.2,-78.415
-244.1,-77.479
-122.1,-75.704
0.0,-74.549
122.1,-75.676
244.1,-77.439
366.2,-79.225
488.3,-80.130
610.4,-80.684
732.4,-80.976
854.5,-81.332
976.6,-81.715
1098.6,-81.687
1220.7,-81.500
1342.8,-81.255
1464.8,-81.598
1586.9,-81.762
1709.0,-81.402
1831.1,-81.295
1953.1,-81.430
2075.2,-81.507
2197.3,-81.706
2319.3,-81.444
2441.4,-81.580
2563.5,-81.475
2685.5,-81.323
2807.6,-81.547
2929.7,-81.480
3051.8,-81.143
3173.8,-81.148
3295.9,-81.584
3418.0,-82.012
3540.0,-82.133
3662.1,-81.720
3784.2,-81.315
3906.2,-81.017
4028.3,-81.073
4150.4,-81.735
4272.5,-81.489
4394.5,-81.042
4516.6,-80.999
4638.7,-81.414
4760.7,-81.530
4882.8,-81.135
5004.9,-80.869
5127.0,-80.842
5249.0,-81.285
5371.1,-81.540
5493.2,-81.590
5615.2,-80.847
5737.3,-81.043
5859.4,-80.964
5981.4,-81.071
6103.5,-81.254
6225.6,-80.614
6347.7,-80.458
6469.7,-80.528
6591.8,-80.887
6713.9,-80.889
6835.9,-80.544
6958.0,-80.563
7080.1,-81.037
7202.1,-81.220
7324.2,-80.662
7446.3,-79.524
7568.4,-80.777
7690.4,-81.922
7812.5,-81.848
7934.6,-81.789
8056.6,-81.657
8178.7,-81.066
8300.8,-81.038
8422.9,-81.395
8544.9,-81.502
8667.0,-81.167
8789.1,-80.852
8911.1,-81.080
9033.2,-81.656
9155.3,-81.524
9277.3,-81.339
9399.4,-81.303
9521.5,-81.343
9643.6,-81.883
9765.6,-82.407
9887.7,-82.431
10009.8,-81.870
10131.8,-80.924
10253.9,-81.485
10376.0,-81.782
10498.0,-81.879
10620.1,-81.697
10742.2,-81.755
10864.3,-82.033
10986.3,-82.149
11108.4,-82.193
11230.5,-81.917
11352.5,-81.812
11474.6,-81.651
11596.7,-82.068
11718.8,-82.213
11840.8,-82.146
11962.9,-82.399
12085.0,-82.232
12207.0,-82.854
12329.1,-82.649
12451.2,-82.506
12573.2,-82.834
12695.3,-83.170
12817.4,-83.032
12939.5,-82.617
13061.5,-81.965
13183.6,-81.739
13305.7,-81.149
13427.7,-81.238
13549.8,-81.798
13671.9,-82.028
13793.9,-82.366
13916.0,-82.434
14038.1,-82.011
14160.2,-82.440
14282.2,-82.288
14404.3,-82.187
14526.4,-82.262
14648.4,-82.243
14770.5,-82.143
14892.6,-81.955
15014.6,-81.726
15136.7,-81.590
15258.8,-81.490
15380.9,-81.523
15502.9,-82.194
15625.0,-82.021
15747.1,-81.542
15869.1,-81.371
15991.2,-81.368
16113.3,-81.597
16235.4,-81.941
16357.4,-81.501
16479.5,-81.220
16601.6,-81.334
16723.6,-81.864
16845.7,-81.985
16967.8,-82.168
17089.8,-82.430
17211.9,-82.640
17334.0,-83.052
17456.1,-82.745
17578.1,-82.501
17700.2,-82.184
17822.3,-82.230
17944.3,-82.085
18066.4,-82.156
18188.5,-82.307
18310.5,-82.164
18432.6,-82.082
18554.7,-81.996
18676.8,-82.417
18798.8,-82.750
18920.9,-82.297
19043.0,-82.227
19165.0,-82.102
19287.1,-82.471
19409.2,-82.762
19531.2,-82.340
19653.3,-82.056
19775.4,-81.565
19897.5,-81.227
20019.5,-81.040
20141.6,-81.054
20263.7,-81.081
20385.7,-81.074
20507.8,-81.585
20629.9,-81.860
20752.0,-82.081
20874.0,-82.105
20996.1,-82.506
21118.2,-82.575
21240.2,-82.179
21362.3,-82.244
21484.4,-82.642
21606.4,-82.673
21728.5,-82.397
21850.6,-81.961
21972.7,-81.710
22094.7,-81.369
22216.8,-81.904
22338.9,-82.639
22460.9,-82.435
22583.0,-82.030
22705.1,-81.723
22827.1,-81.951
22949.2,-81.760
23071.3,-81.472
23193.4,-81.388
23315.4,-81.461
23437.5,-81.159
23559.6,-81.063
23681.6,-80.988
23803.7,-81.136
23925.8,-81.474
24047.9,-81.693
24169.9,-81.797
24292.0,-82.385
24414.1,-82.779
24536.1,-82.792
24658.2,-81.956
24780.3,-81.787
24902.3,-82.112
25024.4,-82.120
25146.5,-82.571
25268.6,-82.508
25390.6,-81.505
25512.7,-80.972
25634.8,-81.349
25756.8,-82.351
25878.9,-82.863
26001.0,-82.811
26123.0,-82.651
26245.1,-82.682
26367.2,-82.722
26489.3,-82.605
26611.3,-82.898
26733.4,-83.030
26855.5,-82.867
26977.5,-82.621
27099.6,-82.444
27221.7,-82.609
27343.8,-82.282
27465.8,-82.457
27587.9,-82.361
27710.0,-81.899
27832.0,-81.814
27954.1,-81.760
28076.2,-81.951
28198.2,-81.933
28320.3,-81.628
28442.4,-81.413
28564.5,-81.258
28686.5,-81.875
28808.6,-82.769
28930.7,-82.851
29052.7,-82.263
29174.8,-81.688
29296.9,-81.779
29418.9,-82.300
29541.0,-82.437
29663.1,-82.545
29785.2,-82.644
29907.2,-82.188
30029.3,-81.940
30151.4,-81.797
30273.4,-81.746
30395.5,-82.168
30517.6,-82.340
30639.6,-82.867
30761.7,-82.818
30883.8,-82.393
31005.9,-82.326
31127.9,-82.166
31250.0,-82.089
31372.1,-82.323
31494.1,-82.020
31616.2,-81.884
31738.3,-81.473
31860.4,-81.024
31982.4,-80.790
32104.5,-80.708
32226.6,-81.784
32348.6,-82.112
32470.7,-81.558
32592.8,-80.892
32714.8,-80.994
32836.9,-81.006
32959.0,-80.664
33081.1,-80.260
33203.1,-80.641
33325.2,-81.447
33447.3,-81.301
33569.3,-80.925
33691.4,-80.850
33813.5,-80.736
33935.5,-80.534
34057.6,-79.873
34179.7,-80.344
34301.8,-81.024
34423.8,-80.822
34545.9,-80.532
34668.0,-80.731
34790.0,-81.198
34912.1,-81.692
35034.2,-81.739
35156.2,-81.475
35278.3,-81.074
35400.4,-80.810
35522.5,-81.105
35644.5,-81.610
35766.6,-82.142
35888.7,-82.243
36010.7,-82.005
36132.8,-81.827
36254.9,-81.850
36377.0,-81.559
36499.0,-81.397
36621.1,-81.387
36743.2,-81.267
36865.2,-81.135
36987.3,-80.940
37109.4,-80.921
37231.4,-81.068
37353.5,-81.708
37475.6,-82.697
37597.7,-83.118
37719.7,-82.906
37841.8,-82.636
37963.9,-82.213
38085.9,-82.304
38208.0,-82.415
38330.1,-82.521
38452.1,-82.036
38574.2,-81.669
38696.3,-81.871
38818.4,-82.032
38940.4,-82.154
39062.5,-82.592
39184.6,-82.443
39306.6,-82.128
39428.7,-82.321
39550.8,-82.077
39672.9,-82.105
39794.9,-82.557
39917.0,-82.376
40039.1,-82.019
40161.1,-81.906
40283.2,-82.021
40405.3,-82.910
40527.3,-82.956
40649.4,-83.048
40771.5,-82.888
40893.6,-82.467
41015.6,-82.406
41137.7,-82.213
41259.8,-82.324
41381.8,-82.390
41503.9,-82.690
41626.0,-83.135
41748.0,-82.773
41870.1,-82.541
41992.2,-82.801
42114.3,-82.834
42236.3,-82.513
42358.4,-82.364
42480.5,-82.230
42602.5,-82.625
42724.6,-82.906
42846.7,-82.159
42968.8,-81.793
43090.8,-81.722
43212.9,-82.219
43335.0,-82.786
43457.0,-82.298
43579.1,-81.612
43701.2,-81.334
43823.2,-81.273
43945.3,-81.873
44067.4,-82.663
44189.5,-82.216
44311.5,-81.724
44433.6,-81.759
44555.7,-81.620
44677.7,-80.934
44799.8,-80.299
44921.9,-80.824
45043.9,-81.720
45166.0,-81.730
45288.1,-81.624
45410.2,-81.592
45532.2,-81.754
45654.3,-81.627
45776.4,-81.319
45898.4,-82.000
46020.5,-82.411
46142.6,-81.911
46264.6,-81.761
46386.7,-82.116
46508.8,-82.145
46630.9,-81.519
46752.9,-80.990
46875.0,-81.414
46997.1,-82.079
47119.1,-82.589
47241.2,-82.627
47363.3,-82.115
47485.4,-81.414
47607.4,-81.463
47729.5,-81.722
47851.6,-81.888
47973.6,-81.782
48095.7,-81.703
48217.8,-82.019
48339.8,-82.564
48461.9,-83.025
48584.0,-82.702
48706.1,-82.416
48828.1,-82.671
48950.2,-82.201
49072.3,-81.628
49194.3,-81.355
49316.4,-81.055
49438.5,-81.391
49560.5,-81.408
49682.6,-81.451
49804.7,-82.074
49926.8,-81.980
50048.8,-81.733
50170.9,-81.822
50293.0,-81.952
50415.0,-82.050
50537.1,-81.660
50659.2,-81.693
50781.2,-82.209
50903.3,-82.388
51025.4,-82.221
51147.5,-82.193
51269.5,-81.782
51391.6,-81.777
51513.7,-81.654
51635.7,-81.972
51757.8,-82.440
51879.9,-82.563
52002.0,-82.484
52124.0,-82.534
52246.1,-82.576
52368.2,-83.020
52490.2,-83.064
52612.3,-82.582
52734.4,-82.725
52856.4,-82.012
52978.5,-81.553
53100.6,-81.511
53222.7,-81.461
53344.7,-81.675
53466.8,-81.813
53588.9,-81.713
53710.9,-82.198
53833.0,-82.265
53955.1,-82.029
54077.1,-81.662
54199.2,-81.524
54321.3,-81.110
54443.4,-80.887
54565.4,-81.300
54687.5,-81.843
54809.6,-82.082
54931.6,-81.921
55053.7,-81.920
55175.8,-81.722
55297.9,-81.605
55419.9,-81.584
55542.0,-81.521
55664.1,-81.912
55786.1,-82.113
55908.2,-82.126
56030.3,-82.536
56152.3,-82.165
56274.4,-81.720
56396.5,-81.238
56518.6,-81.268
56640.6,-81.653
56762.7,-82.097
56884.8,-82.644
57006.8,-82.944
57128.9,-82.776
57251.0,-82.669
57373.0,-82.280
57495.1,-82.168
57617.2,-81.859
57739.3,-81.540
57861.3,-81.896
57983.4,-82.471
58105.5,-82.436
58227.5,-82.153
58349.6,-81.865
58471.7,-81.987
58593.8,-82.069
58715.8,-81.951
58837.9,-81.773
58960.0,-81.589
59082.0,-81.267
59204.1,-81.091
59326.2,-81.700
59448.2,-82.387
59570.3,-82.543
59692.4,-82.417
59814.5,-82.463
59936.5,-82.279
60058.6,-82.144
60180.7,-81.704
60302.7,-81.789
60424.8,-82.319
60546.9,-83.072
60668.9,-82.988
60791.0,-82.901
60913.1,-82.188
61035.2,-81.462
61157.2,-81.921
61279.3,-82.444
61401.4,-82.512
61523.4,-82.591
61645.5,-82.631
61767.6,-82.577
61889.6,-82.093
62011.7,-81.673
62133.8,-81.466
62255.9,-80.961
62377.9,-80.734
62500.0,-81.064
62622.1,-81.830
62744.1,-82.668
62866.2,-82.981
62988.3,-82.299
63110.4,-81.720
63232.4,-81.365
63354.5,-81.149
63476.6,-81.287
63598.6,-81.476
63720.7,-81.854
63842.8,-82.357
63964.8,-82.376
64086.9,-82.507
64209.0,-82.029
64331.1,-81.834
64453.1,-82.174
64575.2,-82.422
64697.3,-82.255
64819.3,-82.373
64941.4,-82.331
65063.5,-81.757
65185.5,-81.083
65307.6,-81.073
65429.7,-81.989
65551.8,-82.835
65673.8,-82.847
65795.9,-82.607
65918.0,-82.758
66040.0,-82.621
66162.1,-81.930
66284.2,-82.000
66406.2,-81.971
66528.3,-81.362
66650.4,-81.272
66772.5,-81.415
66894.5,-81.721
67016.6,-81.719
67138.7,-81.523
67260.7,-81.704
67382.8,-81.947
67504.9,-82.349
67627.0,-82.766
67749.0,-82.009
67871.1,-82.034
67993.2,-82.652
68115.2,-82.731
68237.3,-82.606
68359.4,-82.009
68481.4,-81.476
68603.5,-81.461
68725.6,-81.941
68847.7,-82.819
68969.7,-83.505
69091.8,-83.405
69213.9,-83.434
69335.9,-83.147
69458.0,-82.800
69580.1,-82.807
69702.1,-82.617
69824.2,-82.282
69946.3,-82.198
70068.4,-82.014
70190.4,-81.805
70312.5,-81.588
70434.6,-81.451
70556.6,-81.833
70678.7,-82.008
70800.8,-81.931
70922.9,-81.440
71044.9,-81.365
71167.0,-81.454
71289.1,-81.735
71411.1,-81.838
71533.2,-82.138
71655.3,-81.542
71777.3,-81.614
71899.4,-81.604
72021.5,-81.784
72143.6,-81.870
72265.6,-81.642
72387.7,-81.206
72509.8,-80.850
72631.8,-80.549
72753.9,-80.735
72876.0,-80.928
72998.0,-81.009
73120.1,-81.393
73242.2,-81.462
73364.3,-81.832
73486.3,-82.410
73608.4,-82.361
73730.5,-81.943
73852.5,-81.579
73974.6,-81.830
74096.7,-82.245
74218.8,-81.720
74340.8,-81.765
74462.9,-82.209
74585.0,-82.294
74707.0,-81.735
74829.1,-81.409
74951.2,-81.373
75073.2,-81.681
75195.3,-82.307
75317.4,-83.025
75439.5,-83.613
75561.5,-83.515
75683.6,-83.096
75805.7,-82.646
75927.7,-81.986
76049.8,-81.690
76171.9,-81.745
76293.9,-81.810
76416.0,-82.113
76538.1,-81.693
76660.2,-81.113
76782.2,-80.889
76904.3,-81.031
77026.4,-81.286
77148.4,-81.435
77270.5,-81.394
77392.6,-81.407
77514.6,-81.235
77636.7,-81.450
77758.8,-81.996
77880.9,-82.064
78002.9,-81.839
78125.0,-81.514
78247.1,-81.406
78369.1,-81.054
78491.2,-80.358
78613.3,-79.750
78735.4,-80.034
78857.4,-80.719
78979.5,-81.290
79101.6,-81.453
79223.6,-81.756
79345.7,-82.453
79467.8,-82.692
79589.8,-82.761
79711.9,-81.858
79834.0,-81.148
79956.1,-81.258
80078.1,-81.659
80200.2,-82.353
80322.3,-82.427
80444.3,-81.965
80566.4,-81.642
80688.5,-82.009
80810.5,-82.341
80932.6,-82.428
81054.7,-81.482
81176.8,-80.889
81298.8,-81.136
81420.9,-81.410
81543.0,-81.158
81665.0,-80.456
81787.1,-80.780
81909.2,-82.096
82031.2,-82.679
82153.3,-81.736
82275.4,-81.152
82397.5,-81.446
82519.5,-82.549
82641.6,-82.785
82763.7,-81.818
82885.7,-81.096
83007.8,-81.143
83129.9,-81.513
83252.0,-81.573
83374.0,-81.706
83496.1,-82.205
83618.2,-82.540
83740.2,-82.884
83862.3,-82.826
83984.4,-82.499
84106.4,-82.258
84228.5,-82.220
84350.6,-82.296
84472.7,-82.042
84594.7,-81.908
84716.8,-82.037
84838.9,-82.330
84960.9,-82.522
85083.0,-82.131
85205.1,-81.608
85327.1,-81.505
85449.2,-82.031
85571.3,-82.562
85693.4,-82.283
85815.4,-81.796
85937.5,-81.744
86059.6,-82.082
86181.6,-82.157
86303.7,-82.267
86425.8,-82.446
86547.9,-82.698
86669.9,-82.649
86792.0,-82.697
86914.1,-82.243
87036.1,-81.629
87158.2,-81.122
87280.3,-81.323
87402.3,-81.765
87524.4,-81.639
87646.5,-81.353
87768.6,-81.004
87890.6,-81.075
88012.7,-81.632
88134.8,-82.057
88256.8,-82.271
88378.9,-82.101
88501.0,-81.781
88623.0,-81.785
88745.1,-81.965
88867.2,-81.887
88989.3,-81.638
89111.3,-81.709
89233.4,-81.695
89355.5,-81.460
89477.5,-81.328
89599.6,-81.787
89721.7,-82.462
89843.8,-82.896
89965.8,-82.737
90087.9,-82.134
90210.0,-81.842
90332.0,-81.928
90454.1,-82.003
90576.2,-81.860
90698.2,-81.726
90820.3,-82.189
90942.4,-82.420
91064.5,-82.528
91186.5,-82.764
91308.6,-82.455
91430.7,-81.844
91552.7,-81.470
91674.8,-81.466
91796.9,-81.586
91918.9,-81.892
92041.0,-81.888
92163.1,-82.575
92285.2,-83.190
92407.2,-82.758
92529.3,-82.493
92651.4,-82.910
92773.4,-82.888
92895.5,-82.601
93017.6,-82.046
93139.6,-81.959
93261.7,-82.064
93383.8,-82.357
93505.9,-82.742
93627.9,-82.522
93750.0,-82.277
93872.1,-82.193
93994.1,-82.122
94116.2,-82.271
94238.3,-82.737
94360.4,-82.900
94482.4,-82.800
94604.5,-82.382
94726.6,-81.975
94848.6,-81.937
94970.7,-82.392
95092.8,-82.440
95214.8,-81.966
95336.9,-81.367
95459.0,-81.312
95581.1,-81.484
95703.1,-81.583
95825.2,-81.369
95947.3,-81.301
96069.3,-81.661
96191.4,-82.140
96313.5,-82.484
96435.5,-82.602
96557.6,-82.468
96679.7,-82.070
96801.8,-82.032
96923.8,-82.419
97045.9,-82.783
97168.0,-83.005
97290.0,-82.745
97412.1,-82.409
97534.2,-82.330
97656.2,-82.503
97778.3,-82.677
97900.4,-82.895
98022.5,-83.157
98144.5,-83.171
98266.6,-82.867
98388.7,-82.531
98510.7,-82.338
98632.8,-82.008
98754.9,-81.761
98877.0,-81.993
98999.0,-82.088
99121.1,-82.122
99243.2,-82.385
99365.2,-83.275
99487.3,-83.571
99609.4,-83.028
99731.4,-82.770
99853.5,-82.548
99975.6,-82.412
100097.7,-82.098
100219.7,-81.686
100341.8,-81.446
100463.9,-81.573
100585.9,-81.796
100708.0,-81.729
100830.1,-81.260
100952.1,-80.849
101074.2,-80.789
101196.3,-80.729
101318.4,-81.095
101440.4,-81.275
101562.5,-81.546
101684.6,-81.953
101806.6,-81.896
101928.7,-81.768
102050.8,-81.855
102172.9,-81.931
102294.9,-81.733
102417.0,-81.731
102539.1,-81.676
102661.1,-81.573
102783.2,-81.700
102905.3,-81.622
103027.3,-81.568
103149.4,-81.635
103271.5,-81.354
103393.6,-81.369
103515.6,-81.897
103637.7,-82.476
103759.8,-82.770
103881.8,-82.638
104003.9,-82.456
104126.0,-82.418
104248.0,-81.769
104370.1,-81.514
104492.2,-81.856
104614.3,-82.464
104736.3,-82.206
104858.4,-81.945
104980.5,-81.912
105102.5,-81.650
105224.6,-81.409
105346.7,-81.541
105468.8,-82.182
105590.8,-82.418
105712.9,-82.260
105835.0,-82.315
105957.0,-82.551
106079.1,-83.223
106201.2,-83.124
106323.2,-82.397
106445.3,-82.403
106567.4,-82.906
106689.5,-83.076
106811.5,-83.107
106933.6,-83.090
107055.7,-82.622
107177.7,-82.167
107299.8,-82.257
107421.9,-82.417
107543.9,-82.577
107666.0,-82.394
107788.1,-82.027
107910.2,-81.790
108032.2,-81.856
108154.3,-82.003
108276.4,-81.717
108398.4,-81.535
108520.5,-81.539
108642.6,-81.882
108764.6,-82.287
108886.7,-82.186
109008.8,-81.750
109130.9,-81.463
109252.9,-81.475
109375.0,-81.681
109497.1,-81.516
109619.1,-81.058
109741.2,-80.706
109863.3,-80.499
109985.4,-80.558
110107.4,-80.951
110229.5,-81.198
110351.6,-81.531
110473.6,-81.724
110595.7,-81.862
110717.8,-82.163
110839.8,-82.549
110961.9,-82.628
111084.0,-82.853
111206.1,-82.793
111328.1,-82.214
111450.2,-82.068
111572.3,-82.039
111694.3,-82.426
111816.4,-82.737
111938.5,-82.605
112060.5,-82.382
112182.6,-82.286
112304.7,-82.040
112426.8,-82.210
112548.8,-82.429
112670.9,-82.516
112793.0,-82.133
112915.0,-81.971
113037.1,-82.351
113159.2,-82.779
113281.2,-82.867
113403.3,-83.042
113525.4,-82.847
113647.5,-82.285
113769.5,-81.958
113891.6,-81.773
114013.7,-81.887
114135.7,-82.379
114257.8,-82.890
114379.9,-82.906
114502.0,-82.996
114624.0,-82.712
114746.1,-82.453
114868.2,-82.604
114990.2,-82.482
115112.3,-82.390
115234.4,-82.008
115356.4,-81.760
115478.5,-81.745
115600.6,-81.822
115722.7,-81.962
115844.7,-82.323
115966.8,-82.072
116088.9,-81.741
116210.9,-82.075
116333.0,-82.441
116455.1,-82.807
116577.1,-82.679
116699.2,-82.191
116821.3,-81.762
116943.4,-81.842
117065.4,-82.258
117187.5,-82.373
117309.6,-82.469
117431.6,-82.472
117553.7,-82.935
117675.8,-82.943
117797.9,-82.821
117919.9,-82.342
118042.0,-81.822
118164.1,-81.718
118286.1,-81.761
118408.2,-81.784
118530.3,-82.093
118652.3,-82.244
118774.4,-82.511
118896.5,-82.425
119018.6,-82.425
119140.6,-82.453
119262.7,-82.468
119384.8,-82.457
119506.8,-82.483
119628.9,-81.929
119751.0,-81.639
119873.0,-81.375
119995.1,-81.405
120117.2,-82.069
120239.3,-82.666
120361.3,-82.313
120483.4,-81.777
120605.5,-81.618
120727.5,-81.709
120849.6,-81.762
120971.7,-81.826
121093.8,-82.211
121215.8,-82.214
121337.9,-82.211
121460.0,-82.334
121582.0,-82.237
121704.1,-82.499
121826.2,-82.312
121948.2,-82.060
122070.3,-82.589
122192.4,-83.024
122314.5,-82.788
122436.5,-82.474
122558.6,-82.551
122680.7,-82.633
122802.7,-82.677
122924.8,-82.143
123046.9,-81.719
123168.9,-81.728
123291.0,-81.698
123413.1,-81.433
123535.2,-81.336
123657.2,-81.178
123779.3,-81.324
123901.4,-81.744
124023.4,-82.349
124145.5,-83.009
124267.6,-82.777
124389.6,-82.093
124511.7,-81.533
124633.8,-81.571
124755.9,-81.750
124877.9,-81.981
125000.0,-81.897
125122.1,-81.760
125244.1,-82.080
125366.2,-82.451
125488.3,-82.403
125610.4,-82.347
125732.4,-82.309
125854.5,-82.480
125976.6,-82.302
126098.6,-82.134
126220.7,-81.814
126342.8,-81.790
126464.8,-81.975
126586.9,-81.742
126709.0,-82.052
126831.1,-82.603
126953.1,-82.686
127075.2,-82.535
127197.3,-82.463
127319.3,-82.415
127441.4,-82.674
127563.5,-82.903
127685.5,-82.837
127807.6,-82.587
127929.7,-82.071
128051.8,-81.728
128173.8,-81.647
128295.9,-81.794
128418.0,-82.066
128540.0,-82.415
128662.1,-82.127
128784.2,-81.471
128906.2,-81.253
129028.3,-81.221
129150.4,-81.592
129272.5,-81.708
129394.5,-81.542
129516.6,-81.370
129638.7,-81.190
129760.7,-80.980
129882.8,-80.885
130004.9,-81.364
130127.0,-81.719
130249.0,-82.231
130371.1,-81.848
130493.2,-81.361
130615.2,-80.786
130737.3,-80.923
130859.4,-81.165
130981.4,-81.267
131103.5,-81.303
131225.6,-81.112
131347.7,-81.079
131469.7,-81.338
131591.8,-81.633
131713.9,-82.063
131835.9,-82.309
131958.0,-82.133
132080.1,-82.191
132202.1,-82.025
132324.2,-81.569
132446.3,-80.797
132568.4,-80.696
132690.4,-80.991
132812.5,-81.668
132934.6,-82.258
133056.6,-82.376
133178.7,-82.429
133300.8,-82.298
133422.9,-82.546
133544.9,-82.618
133667.0,-82.661
133789.1,-82.341
133911.1,-81.794
134033.2,-81.985
134155.3,-82.114
134277.3,-82.199
134399.4,-82.260
134521.5,-82.644
134643.6,-82.820
134765.6,-82.476
134887.7,-82.026
135009.8,-82.248
135131.8,-82.381
135253.9,-82.709
135376.0,-82.635
135498.0,-82.472
135620.1,-82.248
135742.2,-82.218
135864.3,-82.193
135986.3,-82.421
136108.4,-82.526
136230.5,-82.627
136352.5,-82.616
136474.6,-82.392
136596.7,-81.883
136718.8,-81.679
136840.8,-81.691
136962.9,-82.241
137085.0,-82.606
137207.0,-81.560
137329.1,-80.677
137451.2,-80.474
137573.2,-80.846
137695.3,-81.350
137817.4,-82.033
137939.5,-82.319
138061.5,-82.058
138183.6,-81.999
138305.7,-82.041
138427.7,-81.985
138549.8,-82.227
138671.9,-82.465
138793.9,-82.626
138916.0,-82.399
139038.1,-82.799
139160.2,-82.797
139282.2,-82.717
139404.3,-82.861
139526.4,-82.680
139648.4,-82.397
139770.5,-81.759
139892.6,-81.327
140014.6,-80.847
140136.7,-80.189
140258.8,-80.060
140380.9,-80.363
140502.9,-81.197
140625.0,-81.657
140747.1,-81.346
140869.1,-80.752
140991.2,-81.083
141113.3,-81.481
141235.4,-81.534
141357.4,-81.724
141479.5,-82.443
141601.6,-82.942
141723.6,-82.744
141845.7,-82.213
141967.8,-81.858
142089.8,-82.332
142211.9,-82.280
142334.0,-81.480
142456.1,-81.141
142578.1,-81.661
142700.2,-82.258
142822.3,-82.607
142944.3,-82.834
143066.4,-82.956
143188.5,-82.984
143310.5,-82.440
143432.6,-82.193
143554.7,-82.241
143676.8,-82.672
143798.8,-82.899
143920.9,-83.071
144043.0,-82.872
144165.0,-82.426
144287.1,-82.356
144409.2,-82.969
144531.2,-83.330
144653.3,-82.547
144775.4,-81.684
144897.5,-81.363
145019.5,-81.455
145141.6,-81.451
145263.7,-81.872
145385.7,-81.921
145507.8,-81.987
145629.9,-82.070
145752.0,-82.332
145874.0,-82.528
145996.1,-82.481
146118.2,-82.451
146240.2,-82.329
146362.3,-82.149
146484.4,-82.052
146606.4,-81.959
146728.5,-82.459
146850.6,-82.819
146972.7,-82.946
147094.7,-82.531
147216.8,-82.216
147338.9,-82.040
147460.9,-82.126
147583.0,-82.107
147705.1,-81.960
147827.1,-81.906
147949.2,-81.897
148071.3,-81.829
148193.4,-81.991
148315.4,-82.481
148437.5,-82.804
148559.6,-82.880
148681.6,-82.423
148803.7,-82.207
148925.8,-82.351
149047.9,-82.466
149169.9,-82.512
149292.0,-82.328
149414.1,-82.235
149536.1,-82.337
149658.2,-82.169
149780.3,-81.968
149902.3,-81.843
150024.4,-81.776
150146.5,-81.675
150268.6,-81.135
150390.6,-81.075
150512.7,-81.642
150634.8,-82.347
150756.8,-82.750
150878.9,-82.384
151001.0,-82.540
151123.0,-82.766
151245.1,-82.525
151367.2,-82.379
151489.3,-82.193
151611.3,-82.501
151733.4,-82.507
151855.5,-82.105
151977.5,-82.426
152099.6,-82.651
152221.7,-82.447
152343.8,-81.851
152465.8,-81.612
152587.9,-81.566
152710.0,-81.796
152832.0,-82.170
152954.1,-82.214
153076.2,-82.186
153198.2,-82.277
153320.3,-82.068
153442.4,-81.443
153564.5,-80.770
153686.5,-80.684
153808.6,-81.048
153930.7,-81.540
154052.7,-81.303
154174.8,-81.327
154296.9,-81.802
154418.9,-82.350
154541.0,-82.463
154663.1,-82.186
154785.2,-82.117
154907.2,-82.111
155029.3,-81.592
155151.4,-81.568
155273.4,-82.135
155395.5,-82.291
155517.6,-82.463
155639.6,-82.380
155761.7,-82.218
155883.8,-81.866
156005.9,-81.711
156127.9,-81.796
156250.0,-81.758
156372.1,-81.556
156494.1,-81.814
156616.2,-81.971
156738.3,-81.891
156860.4,-81.692
156982.4,-81.309
157104.5,-81.317
157226.6,-81.747
157348.6,-82.301
157470.7,-82.216
157592.8,-81.465
157714.8,-80.924
157836.9,-80.837
157959.0,-80.851
158081.1,-81.172
158203.1,-81.312
158325.2,-81.391
158447.3,-81.696
158569.3,-81.803
158691.4,-81.835
158813.5,-82.267
158935.5,-82.323
159057.6,-82.106
159179.7,-82.085
159301.8,-82.282
159423.8,-82.004
159545.9,-81.728
159668.0,-81.805
159790.0,-81.979
159912.1,-81.770
160034.2,-81.895
160156.2,-82.141
160278.3,-82.180
160400.4,-82.337
160522.5,-82.156
160644.5,-81.732
160766.6,-82.206
160888.7,-82.358
161010.7,-82.801
161132.8,-82.786
161254.9,-82.726
161377.0,-82.814
161499.0,-82.736
161621.1,-82.543
161743.2,-82.292
161865.2,-82.077
161987.3,-82.080
162109.4,-82.199
162231.4,-82.137
162353.5,-81.986
162475.6,-82.132
162597.7,-82.483
162719.7,-82.218
162841.8,-81.670
162963.9,-81.785
163085.9,-82.144
163208.0,-82.265
163330.1,-81.996
163452.1,-81.794
163574.2,-81.718
163696.3,-81.689
163818.4,-81.519
163940.4,-82.019
164062.5,-82.603
164184.6,-82.669
164306.6,-82.592
164428.7,-82.436
164550.8,-82.177
164672.9,-81.621
164794.9,-81.250
164917.0,-81.665
165039.1,-82.316
165161.1,-82.377
165283.2,-81.560
165405.3,-80.872
165527.3,-80.672
165649.4,-81.395
165771.5,-82.103
165893.6,-82.797
166015.6,-83.154
166137.7,-82.500
166259.8,-82.468
166381.8,-82.536
166503.9,-82.302
166626.0,-82.083
166748.0,-81.781
166870.1,-81.590
166992.2,-81.791
167114.3,-82.295
167236.3,-82.978
167358.4,-83.214
167480.5,-83.203
167602.5,-83.008
167724.6,-82.868
167846.7,-82.312
167968.8,-82.387
168090.8,-82.593
168212.9,-82.919
168335.0,-83.025
168457.0,-82.548
168579.1,-82.295
168701.2,-82.222
168823.2,-82.652
168945.3,-83.117
169067.4,-82.904
169189.5,-82.707
169311.5,-82.245
169433.6,-81.570
169555.7,-81.296
169677.7,-81.285
169799.8,-81.505
169921.9,-81.717
170043.9,-81.865
170166.0,-82.426
170288.1,-83.231
170410.2,-83.171
170532.2,-82.589
170654.3,-81.728
170776.4,-81.807
170898.4,-81.798
171020.5,-81.858
171142.6,-82.148
171264.6,-82.562
171386.7,-82.799
171508.8,-82.515
171630.9,-82.035
171752.9,-81.999
171875.0,-81.719
171997.1,-81.701
172119.1,-81.676
172241.2,-81.673
172363.3,-81.984
172485.4,-82.477
172607.4,-82.553
172729.5,-82.676
172851.6,-82.366
172973.6,-82.046
173095.7,-82.163
173217.8,-82.053
173339.8,-82.224
173461.9,-82.518
173584.0,-82.769
173706.1,-82.490
173828.1,-81.937
173950.2,-81.556
174072.3,-81.791
174194.3,-82.016
174316.4,-82.551
174438.5,-82.508
174560.5,-82.019
174682.6,-81.610
174804.7,-82.125
174926.8,-82.425
175048.8,-82.407
175170.9,-81.764
175293.0,-81.722
175415.0,-81.749
175537.1,-81.212
175659.2,-81.501
175781.2,-81.791
175903.3,-81.987
176025.4,-81.766
176147.5,-81.524
176269.5,-81.549
176391.6,-82.048
176513.7,-81.947
176635.7,-82.123
176757.8,-81.451
176879.9,-81.824
177002.0,-82.259
177124.0,-82.155
177246.1,-82.040
177368.2,-81.699
177490.2,-81.585
177612.3,-81.704
177734.4,-81.644
177856.4,-81.572
177978.5,-81.556
178100.6,-81.691
178222.7,-82.003
178344.7,-81.919
178466.8,-81.972
178588.9,-82.043
178710.9,-81.845
178833.0,-81.592
178955.1,-81.281
179077.1,-81.203
179199.2,-81.099
179321.3,-81.281
179443.4,-81.102
179565.4,-81.172
179687.5,-80.950
179809.6,-80.853
179931.6,-81.161
180053.7,-81.239
180175.8,-81.318
180297.9,-81.306
180419.9,-81.866
180542.0,-82.095
180664.1,-81.742
180786.1,-81.176
180908.2,-80.856
181030.3,-80.773
181152.3,-81.495
181274.4,-81.877
181396.5,-81.858
181518.6,-82.054
181640.6,-81.957
181762.7,-81.562
181884.8,-80.986
182006.8,-81.095
182128.9,-81.675
182251.0,-81.992
182373.0,-81.277
182495.1,-80.589
182617.2,-80.592
182739.3,-81.192
182861.3,-80.816
182983.4,-80.230
183105.5,-80.353
183227.5,-81.046
183349.6,-81.956
183471.7,-82.476
183593.8,-82.540
183715.8,-82.341
183837.9,-82.044
183960.0,-81.572
184082.0,-81.543
184204.1,-82.153
184326.2,-82.378
184448.2,-82.271
184570.3,-81.562
184692.4,-81.550
184814.5,-81.650
184936.5,-82.374
185058.6,-82.888
185180.7,-82.807
185302.7,-82.064
185424.8,-81.842
185546.9,-82.005
185668.9,-81.923
185791.0,-81.979
185913.1,-81.978
186035.2,-82.022
186157.2,-82.359
186279.3,-82.788
186401.4,-82.465
186523.4,-81.579
186645.5,-81.392
186767.6,-81.476
186889.6,-81.720
187011.7,-81.795
187133.8,-81.562
187255.9,-81.679
187377.9,-81.947
187500.0,-81.960
187622.1,-82.260
187744.1,-82.385
187866.2,-82.411
187988.3,-82.587
188110.4,-82.433
188232.4,-82.740
188354.5,-82.437
188476.6,-81.885
188598.6,-81.850
188720.7,-81.959
188842.8,-81.964
188964.8,-81.742
189086.9,-81.415
189209.0,-81.415
189331.1,-81.540
189453.1,-81.459
189575.2,-81.453
189697.3,-81.459
189819.3,-81.344
189941.4,-81.300
190063.5,-81.066
190185.5,-81.149
190307.6,-81.249
190429.7,-81.015
190551.8,-81.342
190673.8,-81.852
190795.9,-82.359
190918.0,-82.665
191040.0,-82.954
191162.1,-82.791
191284.2,-82.600
191406.2,-82.695
191528.3,-82.873
191650.4,-82.195
191772.5,-81.667
191894.5,-81.171
192016.6,-81.090
192138.7,-81.761
192260.7,-82.622
192382.8,-83.110
192504.9,-83.150
192627.0,-82.648
192749.0,-82.296
192871.1,-82.553
192993.2,-82.326
193115.2,-81.957
193237.3,-81.910
193359.4,-82.119
193481.4,-82.591
193603.5,-82.209
193725.6,-82.018
193847.7,-82.073
193969.7,-82.264
194091.8,-81.898
194213.9,-81.742
194335.9,-81.544
194458.0,-81.777
194580.1,-81.958
194702.1,-81.705
194824.2,-81.582
194946.3,-81.461
195068.4,-81.379
195190.4,-81.463
195312.5,-81.694
195434.6,-82.113
195556.6,-82.008
195678.7,-82.047
195800.8,-82.097
195922.9,-81.947
196044.9,-81.532
196167.0,-81.170
196289.1,-81.173
196411.1,-81.178
196533.2,-81.098
196655.3,-81.135
196777.3,-81.548
196899.4,-81.798
197021.5,-81.380
197143.6,-80.946
197265.6,-80.712
197387.7,-80.951
197509.8,-81.441
197631.8,-81.900
197753.9,-82.137
197876.0,-81.922
197998.0,-81.898
198120.1,-81.674
198242.2,-81.435
198364.3,-81.778
198486.3,-82.139
198608.4,-82.501
198730.5,-82.031
198852.5,-81.897
198974.6,-81.722
199096.7,-81.374
199218.8,-81.646
199340.8,-82.208
199462.9,-82.350
199585.0,-82.166
199707.0,-82.056
199829.1,-81.686
199951.2,-82.083
200073.2,-82.330
200195.3,-82.809
200317.4,-83.124
200439.5,-83.294
200561.5,-83.104
200683.6,-82.529
200805.7,-82.124
200927.7,-82.059
201049.8,-81.966
201171.9,-82.103
201293.9,-82.151
201416.0,-82.226
201538.1,-82.440
201660.2,-82.613
201782.2,-82.449
201904.3,-82.324
202026.4,-81.673
202148.4,-81.474
202270.5,-81.655
202392.6,-81.639
202514.6,-81.637
202636.7,-81.286
202758.8,-81.264
202880.9,-82.028
203002.9,-82.758
203125.0,-83.178
203247.1,-83.116
203369.1,-82.629
203491.2,-82.615
203613.3,-82.677
203735.4,-82.711
203857.4,-82.874
203979.5,-83.048
204101.6,-83.054
204223.6,-82.618
204345.7,-82.027
204467.8,-82.254
204589.8,-82.615
204711.9,-82.488
204834.0,-82.179
204956.1,-81.657
205078.1,-81.866
205200.2,-82.156
205322.3,-82.180
205444.3,-82.102
205566.4,-82.026
205688.5,-81.913
205810.5,-82.010
205932.6,-81.801
206054.7,-82.002
206176.8,-82.071
206298.8,-82.208
206420.9,-82.703
206543.0,-82.420
206665.0,-81.616
206787.1,-81.526
206909.2,-82.409
207031.2,-83.309
207153.3,-83.379
207275.4,-82.711
207397.5,-82.220
207519.5,-82.587
207641.6,-83.258
207763.7,-83.578
207885.7,-83.514
208007.8,-83.045
208129.9,-82.824
208252.0,-82.610
208374.0,-82.400
208496.1,-82.122
208618.2,-82.160
208740.2,-82.829
208862.3,-82.644
208984.4,-82.494
209106.4,-82.640
209228.5,-82.938
209350.6,-82.916
209472.7,-83.090
209594.7,-82.846
209716.8,-82.040
209838.9,-81.203
209960.9,-81.113
210083.0,-81.202
210205.1,-81.265
210327.1,-81.818
210449.2,-82.163
210571.3,-82.260
210693.4,-82.202
210815.4,-81.838
210937.5,-81.962
211059.6,-82.462
211181.6,-82.869
211303.7,-83.039
211425.8,-82.128
211547.9,-81.707
211669.9,-81.803
211792.0,-82.118
211914.1,-82.392
212036.1,-82.457
212158.2,-82.121
212280.3,-81.873
212402.3,-81.878
212524.4,-82.103
212646.5,-82.452
212768.6,-82.194
212890.6,-82.307
213012.7,-82.402
213134.8,-82.630
213256.8,-82.680
213378.9,-82.236
213501.0,-81.881
213623.0,-81.917
213745.1,-82.275
213867.2,-82.835
213989.3,-82.606
214111.3,-82.345
214233.4,-82.798
214355.5,-82.591
214477.5,-82.103
214599.6,-81.609
214721.7,-81.596
214843.8,-82.473
214965.8,-83.433
215087.9,-82.910
215210.0,-82.242
215332.0,-82.031
215454.1,-82.463
215576.2,-82.561
215698.2,-82.159
215820.3,-82.223
215942.4,-82.163
216064.5,-81.928
216186.5,-81.701
216308.6,-81.862
216430.7,-82.196
216552.7,-82.363
216674.8,-82.709
216796.9,-82.987
216918.9,-82.620
217041.0,-82.046
217163.1,-81.528
217285.2,-81.523
217407.2,-81.713
217529.3,-81.668
217651.4,-81.431
217773.4,-81.170
217895.5,-81.216
218017.6,-81.603
218139.6,-81.740
218261.7,-81.544
218383.8,-80.825
218505.9,-81.106
218627.9,-81.626
218750.0,-81.772
218872.1,-81.647
218994.1,-81.362
219116.2,-81.170
219238.3,-81.292
219360.4,-81.722
219482.4,-82.063
219604.5,-82.137
219726.6,-82.576
219848.6,-82.687
219970.7,-82.661
220092.8,-82.383
220214.8,-82.296
220336.9,-82.592
220459.0,-82.999
220581.1,-82.650
220703.1,-82.601
220825.2,-82.395
220947.3,-82.464
221069.3,-82.242
221191.4,-82.105
221313.5,-82.559
221435.5,-82.301
221557.6,-82.572
221679.7,-83.093
221801.8,-82.656
221923.8,-82.198
222045.9,-81.970
222168.0,-81.732
222290.0,-82.239
222412.1,-82.534
222534.2,-83.045
222656.2,-83.318
222778.3,-83.163
222900.4,-82.586
223022.5,-82.364
223144.5,-82.689
223266.6,-82.596
223388.7,-82.561
223510.7,-82.630
223632.8,-82.605
223754.9,-82.368
223877.0,-82.716
223999.0,-83.122
224121.1,-83.250
224243.2,-83.383
224365.2,-83.234
224487.3,-82.899
224609.4,-82.782
224731.4,-82.332
224853.5,-82.266
224975.6,-82.183
225097.7,-81.943
225219.7,-82.073
225341.8,-82.271
225463.9,-82.569
225585.9,-82.857
225708.0,-82.857
225830.1,-82.563
225952.1,-82.266
226074.2,-81.903
226196.3,-82.245
226318.4,-82.469
226440.4,-82.552
226562.5,-82.568
226684.6,-81.928
226806.6,-82.126
226928.7,-82.504
227050.8,-82.443
227172.9,-82.401
227294.9,-82.209
227417.0,-81.924
227539.1,-81.698
227661.1,-81.843
227783.2,-82.362
227905.3,-82.695
228027.3,-82.464
228149.4,-82.139
228271.5,-81.502
228393.6,-81.469
228515.6,-82.003
228637.7,-82.233
228759.8,-82.804
228881.8,-82.927
229003.9,-82.581
229126.0,-82.059
229248.0,-81.929
229370.1,-82.603
229492.2,-82.796
229614.3,-83.045
229736.3,-83.721
229858.4,-83.573
229980.5,-82.250
230102.5,-81.809
230224.6,-81.379
230346.7,-81.949
230468.8,-82.694
230590.8,-82.772
230712.9,-83.129
230835.0,-82.966
230957.0,-83.193
231079.1,-83.000
231201.2,-82.703
231323.2,-82.681
231445.3,-82.523
231567.4,-82.575
231689.5,-82.856
231811.5,-82.721
231933.6,-82.588
232055.7,-82.689
232177.7,-82.738
232299.8,-82.885
232421.9,-82.860
232543.9,-82.326
232666.0,-82.226
232788.1,-82.273
232910.2,-82.314
233032.2,-82.219
233154.3,-81.639
233276.4,-81.723
233398.4,-81.912
233520.5,-81.663
233642.6,-81.059
233764.6,-80.360
233886.7,-80.400
234008.8,-80.792
234130.9,-80.723
234252.9,-80.966
234375.0,-81.182
234497.1,-81.257
234619.1,-81.879
234741.2,-81.856
234863.3,-81.422
234985.4,-80.980
235107.4,-80.785
235229.5,-80.718
235351.6,-81.101
235473.6,-81.319
235595.7,-81.953
235717.8,-82.597
235839.8,-83.008
235961.9,-83.477
236084.0,-83.069
236206.1,-82.346
236328.1,-81.909
236450.2,-81.695
236572.3,-81.733
236694.3,-81.493
236816.4,-81.519
236938.5,-81.875
237060.5,-81.662
237182.6,-81.864
237304.7,-82.236
237426.8,-82.265
237548.8,-82.375
237670.9,-82.324
237793.0,-81.521
237915.0,-81.211
238037.1,-81.147
238159.2,-81.235
238281.2,-81.428
238403.3,-82.133
238525.4,-82.792
238647.5,-82.431
238769.5,-81.874
238891.6,-81.740
239013.7,-81.868
239135.7,-82.000
239257.8,-82.501
239379.9,-82.648
239502.0,-82.803
239624.0,-82.782
239746.1,-82.840
239868.2,-82.598
239990.2,-82.550
240112.3,-82.827
240234.4,-82.652
240356.4,-82.207
240478.5,-82.208
240600.6,-81.972
240722.7,-82.004
240844.7,-82.191
240966.8,-82.182
241088.9,-82.248
241210.9,-82.485
241333.0,-82.783
241455.1,-82.954
241577.1,-82.781
241699.2,-82.264
241821.3,-81.632
241943.4,-81.456
242065.4,-81.970
242187.5,-82.020
242309.6,-82.087
242431.6,-82.579
242553.7,-82.241
242675.8,-82.376
242797.9,-82.580
242919.9,-82.420
243042.0,-82.330
243164.1,-82.089
243286.1,-82.227
243408.2,-82.084
243530.3,-81.838
243652.3,-81.411
243774.4,-81.033
243896.5,-80.610
244018.6,-80.315
244140.6,-80.546
244262.7,-81.303
244384.8,-82.008
244506.8,-82.139
244628.9,-82.560
244751.0,-82.683
244873.0,-82.738
244995.1,-82.827
245117.2,-82.640
245239.3,-82.827
245361.3,-82.940
245483.4,-82.343
245605.5,-82.147
245727.5,-82.210
245849.6,-82.341
245971.7,-82.979
246093.8,-82.907
246215.8,-82.482
246337.9,-82.340
246460.0,-82.001
246582.0,-81.933
246704.1,-82.204
246826.2,-82.643
246948.2,-83.131
247070.3,-83.481
247192.4,-83.529
247314.5,-83.063
247436.5,-81.942
247558.6,-81.839
247680.7,-81.700
247802.7,-81.841
247924.8,-82.275
248046.9,-82.156
248168.9,-82.584
248291.0,-82.595
248413.1,-82.251
248535.2,-81.665
248657.2,-81.686
248779.3,-82.011
248901.4,-82.227
249023.4,-81.601
249145.5,-81.754
249267.6,-82.189
249389.6,-82.140
249511.7,-81.756
249633.8,-81.636
249755.9,-81.896
249877.9,-72.889
250000.0,-67.452
250122.1,-73.086
250244.1,-81.342
250366.2,-81.027
250488.3,-81.327
250610.4,-81.894
250732.4,-82.191
250854.5,-82.213
250976.6,-81.722
251098.6,-81.715
251220.7,-81.671
251342.8,-81.769
251464.8,-81.949
251586.9,-81.865
251709.0,-81.793
251831.1,-81.798
251953.1,-81.626
252075.2,-82.073
252197.3,-82.143
252319.3,-82.046
252441.4,-81.963
252563.5,-81.575
252685.5,-81.695
252807.6,-81.794
252929.7,-81.901
253051.8,-82.069
253173.8,-81.920
253295.9,-81.468
253418.0,-81.164
253540.0,-81.079
253662.1,-81.796
253784.2,-81.960
253906.2,-81.643
254028.3,-81.011
254150.4,-81.000
254272.5,-81.651
254394.5,-82.857
254516.6,-82.366
254638.7,-82.242
254760.7,-82.434
254882.8,-82.464
255004.9,-82.064
255127.0,-81.876
255249.0,-81.785
255371.1,-82.604
255493.2,-82.578
255615.2,-82.198
255737.3,-81.660
255859.4,-81.502
255981.4,-81.741
256103.5,-81.786
256225.6,-82.152
256347.7,-82.422
256469.7,-82.033
256591.8,-82.083
256713.9,-82.396
256835.9,-82.334
256958.0,-82.082
257080.1,-81.650
257202.1,-81.288
257324.2,-81.393
257446.3,-81.496
257568.4,-81.902
257690.4,-82.037
257812.5,-82.311
257934.6,-82.895
258056.6,-83.019
258178.7,-82.421
258300.8,-81.868
258422.9,-81.503
258544.9,-81.511
258667.0,-81.615
258789.1,-81.527
258911.1,-81.791
259033.2,-82.179
259155.3,-82.245
259277.3,-82.041
259399.4,-81.688
259521.5,-81.725
259643.6,-82.077
259765.6,-81.576
259887.7,-80.634
260009.8,-80.234
260131.8,-80.583
260253.9,-81.322
260376.0,-81.872
260498.0,-82.016
260620.1,-81.564
260742.2,-80.805
260864.3,-81.145
260986.3,-81.601
261108.4,-82.097
261230.5,-82.368
261352.5,-82.351
261474.6,-82.320
261596.7,-82.163
261718.8,-82.181
261840.8,-82.062
261962.9,-82.143
262085.0,-82.483
262207.0,-82.698
262329.1,-82.742
262451.2,-82.541
262573.2,-82.393
262695.3,-82.312
262817.4,-82.822
262939.5,-81.890
263061.5,-81.821
263183.6,-81.907
263305.7,-82.277
263427.7,-82.672
263549.8,-83.028
263671.9,-82.867
263793.9,-83.439
263916.0,-83.560
264038.1,-83.077
264160.2,-82.241
264282.2,-81.768
264404.3,-82.157
264526.4,-82.490
264648.4,-82.606
264770.5,-82.897
264892.6,-83.064
265014.6,-82.839
265136.7,-82.166
265258.8,-82.139
265380.9,-82.192
265502.9,-82.405
265625.0,-82.625
265747.1,-82.723
265869.1,-82.164
265991.2,-81.635
266113.3,-81.657
266235.4,-81.652
266357.4,-82.133
266479.5,-82.336
266601.6,-82.054
266723.6,-82.452
266845.7,-82.065
266967.8,-82.287
267089.8,-82.402
267211.9,-82.376
267334.0,-82.600
267456.1,-82.181
267578.1,-81.859
267700.2,-81.796
267822.3,-81.614
267944.3,-81.792
268066.4,-82.113
268188.5,-82.009
268310.5,-81.634
268432.6,-81.526
268554.7,-81.364
268676.8,-81.750
268798.8,-82.250
268920.9,-81.908
269043.0,-81.624
269165.0,-81.469
269287.1,-82.499
269409.2,-82.812
269531.2,-82.239
269653.3,-81.638
269775.4,-81.378
269897.5,-81.447
270019.5,-81.312
270141.6,-81.319
270263.7,-81.899
270385.7,-82.439
270507.8,-82.519
270629.9,-82.049
270752.0,-81.540
270874.0,-81.815
270996.1,-82.019
271118.2,-81.926
271240.2,-81.680
271362.3,-81.741
271484.4,-82.163
271606.4,-82.574
271728.5,-82.537
271850.6,-82.727
271972.7,-82.521
272094.7,-82.067
272216.8,-82.027
272338.9,-81.908
272460.9,-82.032
272583.0,-81.973
272705.1,-81.553
272827.1,-82.013
272949.2,-82.616
273071.3,-82.856
273193.4,-82.546
273315.4,-81.680
273437.5,-81.562
273559.6,-81.260
273681.6,-81.176
273803.7,-81.773
273925.8,-82.258
274047.9,-82.516
274169.9,-82.027
274292.0,-81.337
274414.1,-81.331
274536.1,-81.526
274658.2,-81.713
274780.3,-81.849
274902.3,-81.906
275024.4,-81.835
275146.5,-81.400
275268.6,-81.134
275390.6,-81.105
275512.7,-81.847
275634.8,-82.267
275756.8,-82.322
275878.9,-82.227
276001.0,-82.238
276123.0,-82.085
276245.1,-81.247
276367.2,-81.135
276489.3,-81.576
276611.3,-82.229
276733.4,-82.492
276855.5,-81.773
276977.5,-81.428
277099.6,-82.069
277221.7,-82.026
277343.8,-82.067
277465.8,-82.123
277587.9,-82.231
277710.0,-81.670
277832.0,-81.222
277954.1,-81.420
278076.2,-82.277
278198.2,-82.056
278320.3,-82.051
278442.4,-82.230
278564.5,-82.081
278686.5,-82.460
278808.6,-82.129
278930.7,-82.027
279052.7,-82.374
279174.8,-82.588
279296.9,-82.503
279418.9,-82.261
279541.0,-82.121
279663.1,-82.511
279785.2,-82.631
279907.2,-82.539
280029.3,-82.816
280151.4,-82.538
280273.4,-82.581
280395.5,-82.511
280517.6,-82.447
280639.6,-82.627
280761.7,-82.543
280883.8,-82.259
281005.9,-82.136
281127.9,-82.126
281250.0,-82.299
281372.1,-82.561
281494.1,-82.333
281616.2,-81.626
281738.3,-81.478
281860.4,-81.786
281982.4,-81.691
282104.5,-81.140
282226.6,-81.106
282348.6,-81.315
282470.7,-81.226
282592.8,-80.600
282714.8,-80.773
282836.9,-81.552
282959.0,-81.724
283081.1,-81.669
283203.1,-81.596
283325.2,-81.700
283447.3,-81.571
283569.3,-81.358
283691.4,-81.329
283813.5,-81.835
283935.5,-82.491
284057.6,-82.644
284179.7,-82.370
284301.8,-82.079
284423.8,-82.053
284545.9,-81.971
284668.0,-81.671
284790.0,-82.019
284912.1,-82.136
285034.2,-81.620
285156.2,-81.763
285278.3,-82.151
285400.4,-82.407
285522.5,-82.395
285644.5,-81.929
285766.6,-81.831
285888.7,-82.133
286010.7,-82.660
286132.8,-83.136
286254.9,-82.661
286377.0,-82.681
286499.0,-82.798
286621.1,-81.874
286743.2,-81.687
286865.2,-82.307
286987.3,-82.456
287109.4,-82.440
287231.4,-81.843
287353.5,-81.249
287475.6,-80.940
287597.7,-80.551
287719.7,-80.456
287841.8,-80.944
287963.9,-81.294
288085.9,-81.559
288208.0,-81.438
288330.1,-81.902
288452.1,-82.598
288574.2,-82.297
288696.3,-82.010
288818.4,-82.274
288940.4,-82.320
289062.5,-82.719
289184.6,-82.624
289306.6,-82.739
289428.7,-82.791
289550.8,-82.405
289672.9,-81.755
289794.9,-81.457
289917.0,-81.349
290039.1,-81.677
290161.1,-81.950
290283.2,-81.776
290405.3,-81.490
290527.3,-81.516
290649.4,-81.932
290771.5,-82.171
290893.6,-82.337
291015.6,-82.580
291137.7,-82.548
291259.8,-82.628
291381.8,-82.398
291503.9,-82.258
291626.0,-82.470
291748.0,-81.718
291870.1,-81.586
291992.2,-82.014
292114.3,-81.647
292236.3,-81.226
292358.4,-81.349
292480.5,-81.776
292602.5,-82.032
292724.6,-81.703
292846.7,-81.010
292968.8,-81.142
293090.8,-81.627
293212.9,-81.939
293335.0,-82.018
293457.0,-82.170
293579.1,-82.422
293701.2,-82.463
293823.2,-82.132
293945.3,-81.892
294067.4,-81.993
294189.5,-82.759
294311.5,-83.321
294433.6,-83.223
294555.7,-82.784
294677.7,-82.140
294799.8,-82.204
294921.9,-82.605
295043.9,-82.314
295166.0,-82.400
295288.1,-82.712
295410.2,-82.817
295532.2,-82.768
295654.3,-82.350
295776.4,-82.241
295898.4,-82.677
296020.5,-82.778
296142.6,-82.894
296264.6,-83.092
296386.7,-82.651
296508.8,-82.225
296630.9,-82.109
296752.9,-82.038
296875.0,-81.980
296997.1,-82.199
297119.1,-82.321
297241.2,-82.302
297363.3,-82.360
297485.4,-82.778
297607.4,-82.898
297729.5,-83.233
297851.6,-83.642
297973.6,-83.743
298095.7,-83.191
298217.8,-82.378
298339.8,-81.880
298461.9,-82.411
298584.0,-82.615
298706.1,-82.593
298828.1,-82.472
298950.2,-81.901
299072.3,-81.894
299194.3,-81.966
299316.4,-82.052
299438.5,-82.034
299560.5,-81.877
299682.6,-82.081
299804.7,-82.544
299926.8,-82.476
300048.8,-82.327
300170.9,-81.902
300293.0,-81.821
300415.0,-82.441
300537.1,-83.010
300659.2,-83.139
300781.2,-82.657
300903.3,-82.088
301025.4,-82.289
301147.5,-82.180
301269.5,-82.412
301391.6,-82.639
301513.7,-82.639
301635.7,-82.288
301757.8,-81.870
301879.9,-82.013
302002.0,-82.236
302124.0,-82.197
302246.1,-81.895
302368.2,-81.859
302490.2,-81.870
302612.3,-82.086
302734.4,-82.412
302856.4,-82.772
302978.5,-82.976
303100.6,-82.565
303222.7,-82.201
303344.7,-82.087
303466.8,-82.016
303588.9,-82.142
303710.9,-81.967
303833.0,-82.175
303955.1,-82.669
304077.1,-82.616
304199.2,-82.394
304321.3,-81.759
304443.4,-81.736
304565.4,-81.988
304687.5,-81.833
304809.6,-81.339
304931.6,-81.341
305053.7,-81.226
305175.8,-81.575
305297.9,-82.018
305419.9,-82.254
305542.0,-82.429
305664.1,-82.210
305786.1,-81.659
305908.2,-81.558
306030.3,-81.733
306152.3,-82.206
306274.4,-82.613
306396.5,-82.185
306518.6,-82.284
306640.6,-82.167
306762.7,-82.180
306884.8,-82.613
307006.8,-82.447
307128.9,-82.543
307251.0,-82.345
307373.0,-82.045
307495.1,-81.788
307617.2,-81.676
307739.3,-82.009
307861.3,-82.340
307983.4,-82.551
308105.5,-83.124
308227.5,-83.275
308349.6,-82.746
308471.7,-82.495
308593.8,-82.179
308715.8,-82.053
308837.9,-82.184
308960.0,-82.282
309082.0,-82.824
309204.1,-82.830
309326.2,-82.251
309448.2,-82.488
309570.3,-82.697
309692.4,-82.870
309814.5,-82.501
309936.5,-82.259
310058.6,-82.822
310180.7,-83.002
310302.7,-82.844
310424.8,-82.878
310546.9,-82.937
310668.9,-82.855
310791.0,-82.995
310913.1,-82.853
311035.2,-82.587
311157.2,-82.476
311279.3,-82.057
311401.4,-82.333
311523.4,-82.299
311645.5,-82.412
311767.6,-82.700
311889.6,-82.285
312011.7,-81.807
312133.8,-81.797
312255.9,-81.710
312377.9,-81.893
312500.0,-82.035
312622.1,-81.927
312744.1,-81.955
312866.2,-81.848
312988.3,-82.110
313110.4,-82.212
313232.4,-82.659
313354.5,-83.031
313476.6,-83.209
313598.6,-82.747
313720.7,-82.746
313842.8,-82.643
313964.8,-82.502
314086.9,-82.593
314209.0,-82.819
314331.1,-83.034
314453.1,-82.677
314575.2,-82.419
314697.3,-82.458
314819.3,-82.271
314941.4,-81.968
315063.5,-82.337
315185.5,-83.109
315307.6,-83.208
315429.7,-82.332
315551.8,-81.923
315673.8,-82.050
315795.9,-82.190
315918.0,-82.037
316040.0,-81.767
316162.1,-82.011
316284.2,-82.662
316406.2,-82.716
316528.3,-82.588
316650.4,-82.320
316772.5,-82.353
316894.5,-82.364
317016.6,-82.291
317138.7,-81.932
317260.7,-82.054
317382.8,-82.245
317504.9,-82.226
317627.0,-82.032
317749.0,-82.009
317871.1,-82.205
317993.2,-82.281
318115.2,-82.913
318237.3,-83.084
318359.4,-82.328
318481.4,-82.128
318603.5,-82.178
318725.6,-82.119
318847.7,-82.215
318969.7,-82.463
319091.8,-82.486
319213.9,-82.187
319335.9,-81.794
319458.0,-81.343
319580.1,-81.413
319702.1,-81.367
319824.2,-81.137
319946.3,-81.206
320068.4,-81.693
320190.4,-82.353
320312.5,-82.768
320434.6,-83.030
320556.6,-82.983
320678.7,-83.099
320800.8,-82.783
320922.9,-82.437
321044.9,-82.340
321167.0,-82.722
321289.1,-83.230
321411.1,-82.945
321533.2,-82.217
321655.3,-82.170
321777.3,-82.704
321899.4,-82.963
322021.5,-82.649
322143.6,-82.267
322265.6,-81.868
322387.7,-81.800
322509.8,-82.179
322631.8,-82.387
322753.9,-82.965
322876.0,-82.707
322998.0,-82.718
323120.1,-82.235
323242.2,-82.349
323364.3,-82.870
323486.3,-82.959
323608.4,-82.416
323730.5,-81.781
323852.5,-81.228
323974.6,-81.489
324096.7,-82.114
324218.8,-82.695
324340.8,-83.032
324462.9,-83.123
324585.0,-82.607
324707.0,-82.023
324829.1,-81.846
324951.2,-82.421
325073.2,-82.568
325195.3,-82.050
325317.4,-81.912
325439.5,-82.079
325561.5,-82.567
325683.6,-82.041
325805.7,-81.861
325927.7,-82.152
326049.8,-82.518
326171.9,-82.511
326293.9,-82.301
326416.0,-82.386
326538.1,-83.021
326660.2,-83.008
326782.2,-82.407
326904.3,-82.113
327026.4,-81.880
327148.4,-81.362
327270.5,-81.194
327392.6,-81.937
327514.6,-82.356
327636.7,-82.441
327758.8,-81.884
327880.9,-81.942
328002.9,-81.528
328125.0,-81.106
328247.1,-81.010
328369.1,-81.333
328491.2,-82.073
328613.3,-82.324
328735.4,-82.311
328857.4,-82.513
328979.5,-82.644
329101.6,-82.509
329223.6,-82.233
329345.7,-82.122
329467.8,-81.763
329589.8,-81.306
329711.9,-81.092
329834.0,-81.286
329956.1,-82.153
330078.1,-82.565
330200.2,-82.512
330322.3,-82.134
330444.3,-81.924
330566.4,-82.258
330688.5,-82.146
330810.5,-82.184
330932.6,-82.295
331054.7,-82.530
331176.8,-82.628
331298.8,-82.565
331420.9,-82.244
331543.0,-81.948
331665.0,-81.698
331787.1,-81.809
331909.2,-82.108
332031.2,-81.945
332153.3,-81.422
332275.4,-81.309
332397.5,-81.524
332519.5,-82.106
332641.6,-82.206
332763.7,-82.522
332885.7,-82.470
333007.8,-82.239
333129.9,-81.672
333252.0,-81.283
333374.0,-81.781
333496.1,-82.292
333618.2,-82.451
333740.2,-82.678
333862.3,-82.385
333984.4,-82.322
334106.4,-82.149
334228.5,-82.288
334350.6,-82.334
334472.7,-82.269
334594.7,-82.303
334716.8,-82.479
334838.9,-82.678
334960.9,-82.271
335083.0,-81.869
335205.1,-81.662
335327.1,-81.744
335449.2,-81.848
335571.3,-81.479
335693.4,-81.919
335815.4,-82.329
335937.5,-82.448
336059.6,-82.141
336181.6,-81.475
336303.7,-81.328
336425.8,-81.629
336547.9,-81.963
336669.9,-81.922
336792.0,-81.980
336914.1,-82.595
337036.1,-82.691
337158.2,-82.541
337280.3,-82.284
337402.3,-81.985
337524.4,-81.616
337646.5,-81.555
337768.6,-81.816
337890.6,-82.095
338012.7,-82.145
338134.8,-81.965
338256.8,-81.890
338378.9,-82.038
338501.0,-81.950
338623.0,-81.602
338745.1,-81.525
338867.2,-81.263
338989.3,-81.504
339111.3,-82.032
339233.4,-82.417
339355.5,-82.526
339477.5,-82.892
339599.6,-82.685
339721.7,-82.468
339843.8,-82.259
339965.8,-82.174
340087.9,-82.252
340210.0,-82.717
340332.0,-82.837
340454.1,-82.700
340576.2,-82.441
340698.2,-81.878
340820.3,-81.952
340942.4,-82.087
341064.5,-82.081
341186.5,-82.128
341308.6,-82.069
341430.7,-81.948
341552.7,-82.274
341674.8,-82.380
341796.9,-82.174
341918.9,-82.016
342041.0,-81.923
342163.1,-81.939
342285.2,-82.191
342407.2,-82.094
342529.3,-82.489
342651.4,-82.871
342773.4,-83.239
342895.5,-83.064
343017.6,-82.324
343139.6,-82.112
343261.7,-82.493
343383.8,-82.845
343505.9,-82.539
343627.9,-82.302
343750.0,-82.286
343872.1,-82.585
343994.1,-82.703
344116.2,-82.854
344238.3,-82.724
344360.4,-82.560
344482.4,-82.734
344604.5,-82.657
344726.6,-82.864
344848.6,-83.020
344970.7,-82.831
345092.8,-82.650
345214.8,-82.328
345336.9,-81.874
345459.0,-81.582
345581.1,-81.457
345703.1,-81.712
345825.2,-82.070
345947.3,-82.067
346069.3,-82.014
346191.4,-82.032
346313.5,-82.182
346435.5,-81.998
346557.6,-81.600
346679.7,-81.422
346801.8,-81.203
346923.8,-81.339
347045.9,-81.700
347168.0,-82.215
347290.0,-82.832
347412.1,-83.418
347534.2,-83.695
347656.2,-83.369
347778.3,-83.267
347900.4,-83.138
348022.5,-83.674
348144.5,-83.780
348266.6,-83.215
348388.7,-82.990
348510.7,-83.058
348632.8,-83.291
348754.9,-83.203
348877.0,-82.672
348999.0,-82.765
349121.1,-83.143
349243.2,-83.151
349365.2,-82.697
349487.3,-82.296
349609.4,-82.460
349731.4,-82.656
349853.5,-83.096
349975.6,-82.762
350097.7,-82.301
350219.7,-81.939
350341.8,-81.908
350463.9,-81.913
350585.9,-81.966
350708.0,-81.856
350830.1,-82.121
350952.1,-82.517
351074.2,-82.694
351196.3,-82.525
351318.4,-82.499
351440.4,-82.671
351562.5,-82.768
351684.6,-82.575
351806.6,-82.460
351928.7,-82.472
352050.8,-82.694
352172.9,-83.052
352294.9,-83.162
352417.0,-83.466
352539.1,-83.786
352661.1,-83.899
352783.2,-83.631
352905.3,-83.346
353027.3,-82.559
353149.4,-81.706
353271.5,-81.319
353393.6,-81.496
353515.6,-81.786
353637.7,-82.252
353759.8,-82.347
353881.8,-82.355
354003.9,-81.826
354126.0,-81.437
354248.0,-81.545
354370.1,-81.705
354492.2,-82.333
354614.3,-83.084
354736.3,-83.443
354858.4,-83.334
354980.5,-82.824
355102.5,-82.934
355224.6,-83.465
355346.7,-83.671
355468.8,-83.594
355590.8,-82.991
355712.9,-82.594
355835.0,-82.565
355957.0,-82.714
356079.1,-82.714
356201.2,-82.400
356323.2,-81.940
356445.3,-81.769
356567.4,-81.936
356689.5,-82.223
356811.5,-82.189
356933.6,-82.241
357055.7,-82.378
357177.7,-82.620
357299.8,-82.471
357421.9,-82.550
357543.9,-82.853
357666.0,-82.314
357788.1,-81.486
357910.2,-81.338
358032.2,-81.701
358154.3,-82.220
358276.4,-82.283
358398.4,-81.956
358520.5,-81.785
358642.6,-81.953
358764.6,-82.672
358886.7,-82.902
359008.8,-82.547
359130.9,-82.039
359252.9,-82.242
359375.0,-82.695
359497.1,-82.980
359619.1,-82.870
359741.2,-82.989
359863.3,-82.574
359985.4,-82.072
360107.4,-81.982
360229.5,-82.106
360351.6,-81.953
360473.6,-81.607
360595.7,-82.374
360717.8,-83.432
360839.8,-83.122
360961.9,-82.197
361084.0,-81.520
361206.1,-81.644
361328.1,-81.628
361450.2,-81.589
361572.3,-81.731
361694.3,-82.079
361816.4,-82.573
361938.5,-82.602
362060.5,-82.585
362182.6,-82.864
362304.7,-83.394
362426.8,-83.348
362548.8,-82.940
362670.9,-82.247
362793.0,-81.761
362915.0,-81.428
363037.1,-81.624
363159.2,-82.294
363281.2,-82.764
363403.3,-82.869
363525.4,-82.999
363647.5,-82.965
363769.5,-82.460
363891.6,-81.947
364013.7,-81.420
364135.7,-81.620
364257.8,-81.977
364379.9,-81.831
364502.0,-82.049
364624.0,-82.097
364746.1,-82.390
364868.2,-82.472
364990.2,-82.352
365112.3,-82.709
365234.4,-82.866
365356.4,-82.846
365478.5,-82.888
365600.6,-83.099
365722.7,-82.942
365844.7,-82.776
365966.8,-83.104
366088.9,-83.207
366210.9,-82.850
366333.0,-82.584
366455.1,-82.388
366577.1,-82.540
366699.2,-82.531
366821.3,-82.593
366943.4,-82.396
367065.4,-82.219
367187.5,-82.133
367309.6,-82.021
367431.6,-81.773
367553.7,-81.509
367675.8,-81.413
367797.9,-81.733
367919.9,-82.073
368042.0,-82.125
368164.1,-81.922
368286.1,-81.527
368408.2,-81.326
368530.3,-81.375
368652.3,-81.309
368774.4,-81.239
368896.5,-81.018
369018.6,-81.110
369140.6,-81.479
369262.7,-81.828
369384.8,-82.189
369506.8,-82.150
369628.9,-81.681
369751.0,-81.431
369873.0,-81.792
369995.1,-81.868
370117.2,-81.377
370239.3,-80.760
370361.3,-80.940
370483.4,-81.360
370605.5,-82.017
370727.5,-81.923
370849.6,-81.697
370971.7,-81.810
371093.8,-81.974
371215.8,-82.103
371337.9,-81.962
371460.0,-81.677
371582.0,-81.586
371704.1,-82.281
371826.2,-83.109
371948.2,-82.666
372070.3,-82.309
372192.4,-81.976
372314.5,-82.308
372436.5,-82.365
372558.6,-82.424
372680.7,-82.591
372802.7,-82.848
372924.8,-83.114
373046.9,-83.096
373168.9,-82.641
373291.0,-82.512
373413.1,-82.482
373535.2,-82.338
373657.2,-81.903
373779.3,-81.614
373901.4,-81.776
374023.4,-82.166
374145.5,-82.606
374267.6,-82.974
374389.6,-83.232
374511.7,-82.834
374633.8,-82.335
374755.9,-82.199
374877.9,-82.414
375000.0,-82.480
375122.1,-82.281
375244.1,-82.500
375366.2,-82.490
375488.3,-82.334
375610.4,-81.826
375732.4,-81.519
375854.5,-81.795
375976.6,-81.767
376098.6,-81.465
376220.7,-81.276
376342.8,-81.020
376464.8,-80.986
376586.9,-80.983
376709.0,-81.281
376831.1,-81.337
376953.1,-80.898
377075.2,-80.425
377197.3,-80.299
377319.3,-80.656
377441.4,-80.923
377563.5,-80.562
377685.5,-80.256
377807.6,-80.674
377929.7,-81.171
378051.8,-81.017
378173.8,-81.048
378295.9,-81.623
378418.0,-81.855
378540.0,-81.629
378662.1,-81.003
378784.2,-81.160
378906.2,-81.665
379028.3,-81.936
379150.4,-82.034
379272.5,-82.368
379394.5,-82.964
379516.6,-83.199
379638.7,-83.252
379760.7,-83.397
379882.8,-82.766
380004.9,-82.690
380127.0,-82.167
380249.0,-81.743
380371.1,-81.855
380493.2,-82.087
380615.2,-82.109
380737.3,-81.756
380859.4,-82.095
380981.4,-82.238
381103.5,-82.278
381225.6,-82.309
381347.7,-82.092
381469.7,-82.154
381591.8,-81.964
381713.9,-82.188
381835.9,-81.974
381958.0,-81.898
382080.1,-82.082
382202.1,-82.272
382324.2,-82.473
382446.3,-82.279
382568.4,-82.267
382690.4,-81.759
382812.5,-81.536
382934.6,-81.715
383056.6,-81.919
383178.7,-81.819
383300.8,-81.567
383422.9,-81.663
383544.9,-81.775
383667.0,-82.438
383789.1,-82.711
383911.1,-82.132
384033.2,-81.597
384155.3,-81.912
384277.3,-81.838
384399.4,-81.812
384521.5,-81.541
384643.6,-81.230
384765.6,-81.055
384887.7,-80.693
385009.8,-80.572
385131.8,-81.158
385253.9,-81.624
385376.0,-81.596
385498.0,-81.735
385620.1,-81.653
385742.2,-81.642
385864.3,-81.802
385986.3,-81.974
386108.4,-81.979
386230.5,-81.428
386352.5,-81.160
386474.6,-81.362
386596.7,-82.058
386718.8,-82.287
386840.8,-82.408
386962.9,-82.531
387085.0,-82.643
387207.0,-82.395
387329.1,-82.111
387451.2,-82.022
387573.2,-81.994
387695.3,-81.734
387817.4,-81.639
387939.5,-81.601
388061.5,-82.246
388183.6,-82.748
388305.7,-82.260
388427.7,-81.893
388549.8,-81.932
388671.9,-82.228
388793.9,-82.385
388916.0,-82.585
389038.1,-82.556
389160.2,-82.435
389282.2,-82.541
389404.3,-82.335
389526.4,-82.144
389648.4,-82.915
389770.5,-82.896
389892.6,-82.862
390014.6,-82.863
390136.7,-82.894
390258.8,-82.641
390380.9,-82.460
390502.9,-82.368
390625.0,-82.339
390747.1,-82.403
390869.1,-82.895
390991.2,-82.817
391113.3,-83.270
391235.4,-83.236
391357.4,-82.792
391479.5,-82.661
391601.6,-82.791
391723.6,-82.950
391845.7,-83.111
391967.8,-82.903
392089.8,-82.562
392211.9,-82.952
392334.0,-83.505
392456.1,-83.762
392578.1,-83.418
392700.2,-82.903
392822.3,-82.896
392944.3,-82.299
393066.4,-81.799
393188.5,-81.835
393310.5,-82.135
393432.6,-82.184
393554.7,-82.045
393676.8,-82.120
393798.8,-82.442
393920.9,-82.714
394043.0,-82.806
394165.0,-82.961
394287.1,-83.366
394409.2,-83.332
394531.2,-83.232
394653.3,-83.388
394775.4,-83.644
394897.5,-83.380
395019.5,-83.154
395141.6,-83.332
395263.7,-83.592
395385.7,-84.016
395507.8,-84.019
395629.9,-83.971
395752.0,-84.012
395874.0,-83.939
395996.1,-84.168
396118.2,-84.572
396240.2,-84.305
396362.3,-83.757
396484.4,-83.228
396606.4,-83.387
396728.5,-83.768
396850.6,-83.411
396972.7,-83.537
397094.7,-84.023
397216.8,-84.107
397338.9,-84.184
397460.9,-83.925
397583.0,-83.961
397705.1,-83.983
397827.1,-83.845
397949.2,-83.927
398071.3,-84.062
398193.4,-83.968
398315.4,-83.439
398437.5,-83.278
398559.6,-83.089
398681.6,-83.256
398803.7,-83.731
398925.8,-84.208
399047.9,-84.314
399169.9,-84.216
399292.0,-84.480
399414.1,-84.477
399536.1,-84.467
399658.2,-83.876
399780.3,-83.295
399902.3,-83.032
400024.4,-83.264
400146.5,-83.892
400268.6,-83.955
400390.6,-83.850
400512.7,-83.927
400634.8,-83.679
400756.8,-83.642
400878.9,-83.604
401001.0,-83.558
401123.0,-83.709
401245.1,-84.218
401367.2,-84.599
401489.3,-84.826
401611.3,-84.410
401733.4,-83.993
401855.5,-83.844
401977.5,-84.141
402099.6,-84.230
402221.7,-83.855
402343.8,-83.577
402465.8,-83.699
402587.9,-84.041
402710.0,-84.470
402832.0,-85.001
402954.1,-85.233
403076.2,-85.243
403198.2,-85.328
403320.3,-85.257
403442.4,-85.055
403564.5,-84.953
403686.5,-84.813
403808.6,-84.270
403930.7,-83.743
404052.7,-83.558
404174.8,-84.060
404296.9,-84.333
404418.9,-84.130
404541.0,-83.314
404663.1,-82.929
404785.2,-82.944
404907.2,-83.032
405029.3,-83.249
405151.4,-83.356
405273.4,-83.139
405395.5,-82.973
405517.6,-83.190
405639.6,-83.612
405761.7,-83.870
405883.8,-84.137
406005.9,-84.361
406127.9,-84.344
406250.0,-83.752
406372.1,-83.631
406494.1,-84.127
406616.2,-84.283
406738.3,-84.318
406860.4,-84.020
406982.4,-84.372
407104.5,-84.523
407226.6,-84.600
407348.6,-84.607
407470.7,-84.790
407592.8,-84.965
407714.8,-85.129
407836.9,-84.683
407959.0,-84.146
408081.1,-84.026
408203.1,-83.835
408325.2,-83.928
408447.3,-83.982
408569.3,-84.171
408691.4,-83.954
408813.5,-83.669
408935.5,-83.710
409057.6,-84.054
409179.7,-84.249
409301.8,-84.057
409423.8,-83.837
409545.9,-83.788
409668.0,-84.081
409790.0,-84.751
409912.1,-84.789
410034.2,-84.553
410156.2,-84.071
410278.3,-83.796
410400.4,-83.617
410522.5,-83.510
410644.5,-83.788
410766.6,-84.120
410888.7,-84.129
411010.7,-84.344
411132.8,-84.560
411254.9,-84.608
411377.0,-84.664
411499.0,-84.991
411621.1,-85.585
411743.2,-86.048
411865.2,-85.706
411987.3,-85.738
412109.4,-85.748
412231.4,-85.942
412353.5,-85.400
412475.6,-85.042
412597.7,-85.217
412719.7,-85.942
412841.8,-86.551
412963.9,-86.548
413085.9,-86.080
413208.0,-85.636
413330.1,-85.416
413452.1,-85.072
413574.2,-85.538
413696.3,-85.460
413818.4,-85.578
413940.4,-85.507
414062.5,-85.290
414184.6,-85.280
414306.6,-85.745
414428.7,-86.449
414550.8,-86.498
414672.9,-86.025
414794.9,-85.364
414917.0,-84.675
415039.1,-84.617
415161.1,-85.367
415283.2,-86.516
415405.3,-86.928
415527.3,-86.721
415649.4,-85.843
415771.5,-85.274
415893.6,-85.435
416015.6,-85.315
416137.7,-85.225
416259.8,-85.294
416381.8,-85.325
416503.9,-85.768
416626.0,-86.287
416748.0,-86.515
416870.1,-85.925
416992.2,-85.756
417114.3,-86.064
417236.3,-86.673
417358.4,-86.962
417480.5,-86.604
417602.5,-86.402
417724.6,-86.586
417846.7,-86.690
417968.8,-86.303
418090.8,-86.095
418212.9,-86.732
418335.0,-87.063
418457.0,-87.468
418579.1,-86.817
418701.2,-86.792
418823.2,-86.529
418945.3,-86.366
419067.4,-86.438
419189.5,-86.678
419311.5,-86.752
419433.6,-86.753
419555.7,-86.836
419677.7,-86.611
419799.8,-86.470
419921.9,-86.334
420043.9,-86.537
420166.0,-87.052
420288.1,-87.123
420410.2,-87.413
420532.2,-87.646
420654.3,-87.877
420776.4,-87.583
420898.4,-87.371
421020.5,-87.077
421142.6,-87.229
421264.6,-87.295
421386.7,-87.344
421508.8,-87.144
421630.9,-87.286
421752.9,-87.587
421875.0,-87.493
421997.1,-87.526
422119.1,-87.649
422241.2,-87.937
422363.3,-87.993
422485.4,-87.315
422607.4,-87.068
422729.5,-87.306
422851.6,-87.487
422973.6,-87.517
423095.7,-87.749
423217.8,-87.573
423339.8,-87.942
423461.9,-87.682
423584.0,-87.645
423706.1,-87.565
423828.1,-87.730
423950.2,-87.636
424072.3,-87.637
424194.3,-87.944
424316.4,-87.697
424438.5,-87.481
424560.5,-87.302
424682.6,-87.511
424804.7,-87.985
424926.8,-88.233
425048.8,-88.041
425170.9,-87.399
425293.0,-87.429
425415.0,-87.587
425537.1,-87.914
425659.2,-88.247
425781.2,-88.470
425903.3,-88.242
426025.4,-88.035
426147.5,-88.077
426269.5,-88.508
426391.6,-88.427
426513.7,-88.163
426635.7,-88.014
426757.8,-87.839
426879.9,-88.359
427002.0,-88.579
427124.0,-88.239
427246.1,-88.200
427368.2,-88.124
427490.2,-88.312
427612.3,-87.864
427734.4,-87.758
427856.4,-87.816
427978.5,-87.743
428100.6,-87.298
428222.7,-87.130
428344.7,-87.464
428466.8,-87.976
428588.9,-88.319
428710.9,-88.828
428833.0,-88.661
428955.1,-88.290
429077.1,-87.858
429199.2,-88.135
429321.3,-88.418
429443.4,-88.832
429565.4,-89.041
429687.5,-89.249
429809.6,-89.418
429931.6,-89.489
430053.7,-89.276
430175.8,-89.067
430297.9,-89.104
430419.9,-89.253
430542.0,-89.481
430664.1,-89.309
430786.1,-89.149
430908.2,-89.084
431030.3,-88.999
431152.3,-88.973
431274.4,-88.867
431396.5,-89.125
431518.6,-89.620
431640.6,-89.836
431762.7,-89.717
431884.8,-89.555
432006.8,-89.569
432128.9,-90.105
432251.0,-90.266
432373.0,-90.078
432495.1,-89.630
432617.2,-89.364
432739.3,-89.490
432861.3,-89.671
432983.4,-90.053
433105.5,-90.192
433227.5,-89.955
433349.6,-90.026
433471.7,-89.951
433593.8,-90.158
433715.8,-90.551
433837.9,-90.740
433960.0,-90.631
434082.0,-90.310
434204.1,-90.285
434326.2,-89.803
434448.2,-89.692
434570.3,-89.661
434692.4,-89.800
434814.5,-89.889
434936.5,-90.081
435058.6,-90.367
435180.7,-90.259
435302.7,-90.356
435424.8,-90.449
435546.9,-90.301
435668.9,-90.295
435791.0,-90.495
435913.1,-90.477
436035.2,-90.363
436157.2,-90.232
436279.3,-90.259
436401.4,-90.133
436523.4,-90.246
436645.5,-90.246
436767.6,-90.221
436889.6,-90.787
437011.7,-90.912
437133.8,-90.871
437255.9,-90.830
437377.9,-90.962
437500.0,-91.138
437622.1,-91.037
437744.1,-90.568
437866.2,-90.325
437988.3,-90.460
438110.4,-90.861
438232.4,-90.964
438354.5,-90.733
438476.6,-90.511
438598.6,-90.463
438720.7,-90.590
438842.8,-90.773
438964.8,-90.905
439086.9,-91.003
439209.0,-90.742
439331.1,-90.549
439453.1,-90.325
439575.2,-90.160
439697.3,-89.936
439819.3,-90.147
439941.4,-90.889
440063.5,-91.459
440185.5,-91.802
440307.6,-91.480
440429.7,-91.503
440551.8,-91.604
440673.8,-91.692
440795.9,-92.255
440918.0,-92.110
441040.0,-92.268
441162.1,-91.753
441284.2,-91.694
441406.2,-91.675
441528.3,-91.863
441650.4,-92.101
441772.5,-91.929
441894.5,-92.057
442016.6,-92.273
442138.7,-92.295
442260.7,-92.135
442382.8,-91.724
442504.9,-91.842
442627.0,-91.666
442749.0,-91.588
442871.1,-91.325
442993.2,-91.007
443115.2,-91.141
443237.3,-90.896
443359.4,-90.675
443481.4,-90.453
443603.5,-90.521
443725.6,-90.802
443847.7,-90.804
443969.7,-90.875
444091.8,-90.679
444213.9,-90.579
444335.9,-90.425
444458.0,-90.535
444580.1,-90.921
444702.1,-91.430
444824.2,-91.747
444946.3,-91.790
445068.4,-92.124
445190.4,-92.125
445312.5,-92.316
445434.6,-92.248
445556.6,-92.191
445678.7,-92.048
445800.8,-92.159
445922.9,-92.009
446044.9,-92.147
446167.0,-92.146
446289.1,-92.210
446411.1,-92.010
446533.2,-91.639
446655.3,-91.597
446777.3,-91.474
446899.4,-91.514
447021.5,-91.379
447143.6,-91.356
447265.6,-91.323
447387.7,-91.200
447509.8,-91.296
447631.8,-91.262
447753.9,-91.456
447876.0,-91.499
447998.0,-91.559
448120.1,-91.445
448242.2,-91.529
448364.3,-91.575
448486.3,-91.651
448608.4,-91.532
448730.5,-91.797
448852.5,-91.678
448974.6,-91.795
449096.7,-91.869
449218.8,-91.820
449340.8,-91.948
449462.9,-91.931
449585.0,-91.941
449707.0,-91.971
449829.1,-91.904
449951.2,-92.007
450073.2,-91.963
450195.3,-92.126
450317.4,-91.994
450439.5,-91.912
450561.5,-91.760
450683.6,-91.532
450805.7,-91.582
450927.7,-91.559
451049.8,-91.602
451171.9,-91.598
451293.9,-91.530
451416.0,-91.604
451538.1,-91.584
451660.2,-91.696
451782.2,-91.668
451904.3,-91.721
452026.4,-91.865
452148.4,-91.787
452270.5,-91.959
452392.6,-91.979
452514.6,-92.161
452636.7,-92.207
452758.8,-92.362
452880.9,-92.438
453002.9,-92.190
453125.0,-92.264
453247.1,-92.295
453369.1,-92.337
453491.2,-92.347
453613.3,-92.207
453735.4,-92.209
453857.4,-92.202
453979.5,-92.270
454101.6,-92.128
454223.6,-91.921
454345.7,-92.071
454467.8,-91.960
454589.8,-91.764
454711.9,-91.624
454834.0,-91.565
454956.1,-91.484
455078.1,-91.483
455200.2,-91.520
455322.3,-91.383
455444.3,-91.315
455566.4,-91.400
455688.5,-91.456
455810.5,-91.463
455932.6,-91.472
456054.7,-91.489
456176.8,-91.502
456298.8,-91.582
456420.9,-91.527
456543.0,-91.568
456665.0,-91.677
456787.1,-91.889
456909.2,-92.080
457031.2,-92.234
457153.3,-92.202
457275.4,-92.358
457397.5,-92.375
457519.5,-92.160
457641.6,-92.159
457763.7,-92.284
457885.7,-92.284
458007.8,-92.308
458129.9,-92.381
458252.0,-92.413
458374.0,-92.280
458496.1,-92.303
458618.2,-92.162
458740.2,-91.977
458862.3,-91.975
458984.4,-91.858
459106.4,-91.771
459228.5,-91.802
459350.6,-91.696
459472.7,-91.702
459594.7,-91.657
459716.8,-91.660
459838.9,-91.719
459960.9,-91.743
460083.0,-91.643
460205.1,-91.634
460327.1,-91.659
460449.2,-91.630
460571.3,-91.648
460693.4,-91.664
460815.4,-91.758
460937.5,-91.763
461059.6,-91.772
461181.6,-91.843
461303.7,-91.983
461425.8,-92.027
461547.9,-91.936
461669.9,-91.969
461792.0,-92.142
461914.1,-92.257
462036.1,-92.288
462158.2,-92.227
462280.3,-92.179
462402.3,-92.225
462524.4,-92.214
462646.5,-92.316
462768.6,-92.389
462890.6,-92.474
463012.7,-92.528
463134.8,-92.504
463256.8,-92.502
463378.9,-92.483
463501.0,-92.472
463623.0,-92.376
463745.1,-92.319
463867.2,-92.410
463989.3,-92.396
464111.3,-92.450
464233.4,-92.564
464355.5,-92.620
464477.5,-92.642
464599.6,-92.588
464721.7,-92.628
464843.8,-92.671
464965.8,-92.598
465087.9,-92.533
465210.0,-92.435
465332.0,-92.495
465454.1,-92.633
465576.2,-92.637
465698.2,-92.679
465820.3,-92.693
465942.4,-92.697
466064.5,-92.696
466186.5,-92.683
466308.6,-92.745
466430.7,-92.680
466552.7,-92.612
466674.8,-92.680
466796.9,-92.649
466918.9,-92.710
467041.0,-92.809
467163.1,-92.864
467285.2,-92.854
467407.2,-92.913
467529.3,-92.971
467651.4,-92.911
467773.4,-92.939
467895.5,-92.908
468017.6,-92.883
468139.6,-92.960
468261.7,-92.906
468383.8,-92.961
468505.9,-92.909
468627.9,-92.992
468750.0,-93.090
468872.1,-92.968
468994.1,-92.979
469116.2,-92.876
469238.3,-92.839
469360.4,-92.756
469482.4,-92.672
469604.5,-92.654
469726.6,-92.534
469848.6,-92.554
469970.7,-92.451
470092.8,-92.386
470214.8,-92.397
470336.9,-92.252
470459.0,-92.272
470581.1,-92.060
470703.1,-92.045
470825.2,-92.024
470947.3,-91.935
471069.3,-91.941
471191.4,-91.887
471313.5,-91.936
471435.5,-91.916
471557.6,-91.947
471679.7,-92.049
471801.8,-91.984
471923.8,-92.098
472045.9,-92.100
472168.0,-92.149
472290.0,-92.220
472412.1,-92.143
472534.2,-92.274
472656.2,-92.231
472778.3,-92.337
472900.4,-92.368
473022.5,-92.330
473144.5,-92.434
473266.6,-92.403
473388.7,-92.371
473510.7,-92.365
473632.8,-92.230
473754.9,-92.235
473877.0,-92.037
473999.0,-92.107
474121.1,-91.984
474243.2,-91.867
474365.2,-91.853
474487.3,-91.727
474609.4,-91.680
474731.4,-91.535
474853.5,-91.458
474975.6,-91.349
475097.7,-91.241
475219.7,-91.260
475341.8,-91.119
475463.9,-91.125
475585.9,-91.127
475708.0,-91.111
475830.1,-91.210
475952.1,-91.180
476074.2,-91.312
476196.3,-91.331
476318.4,-91.338
476440.4,-91.438
476562.5,-91.424
476684.6,-91.544
476806.6,-91.613
476928.7,-91.809
477050.8,-91.917
477172.9,-91.956
477294.9,-92.111
477417.0,-92.151
477539.1,-92.259
477661.1,-92.339
477783.2,-92.313
477905.3,-92.391
478027.3,-92.277
478149.4,-92.399
478271.5,-92.302
478393.6,-92.239
478515.6,-92.257
478637.7,-92.197
478759.8,-92.190
478881.8,-91.996
479003.9,-91.984
479126.0,-91.873
479248.0,-91.695
479370.1,-91.650
479492.2,-91.486
479614.3,-91.438
479736.3,-91.369
479858.4,-91.319
479980.5,-91.364
480102.5,-91.247
480224.6,-91.299
480346.7,-91.237
480468.8,-91.228
480590.8,-91.242
480712.9,-91.157
480835.0,-91.181
480957.0,-91.119
481079.1,-91.213
481201.2,-91.250
481323.2,-91.243
481445.3,-91.378
481567.4,-91.407
481689.5,-91.515
481811.5,-91.573
481933.6,-91.605
482055.7,-91.711
482177.7,-91.644
482299.8,-91.703
482421.9,-91.611
482543.9,-91.620
482666.0,-91.641
482788.1,-91.622
482910.2,-91.711
483032.2,-91.641
483154.3,-91.697
483276.4,-91.703
483398.4,-91.588
483520.5,-91.635
483642.6,-91.495
483764.6,-91.413
483886.7,-91.327
484008.8,-91.235
484130.9,-91.198
484252.9,-91.052
484375.0,-91.044
484497.1,-90.956
484619.1,-90.965
484741.2,-90.892
484863.3,-90.814
484985.4,-90.796
485107.4,-90.692
485229.5,-90.679
485351.6,-90.596
485473.6,-90.503
485595.7,-90.515
485717.8,-90.444
485839.8,-90.501
485961.9,-90.483
486084.0,-90.441
486206.1,-90.507
486328.1,-90.452
486450.2,-90.529
486572.3,-90.467
486694.3,-90.470
486816.4,-90.506
486938.5,-90.504
487060.5,-90.519
487182.6,-90.488
487304.7,-90.541
487426.8,-90.537
487548.8,-90.576
487670.9,-90.684
487793.0,-90.664
487915.0,-90.740
488037.1,-90.715
488159.2,-90.711
488281.2,-90.711
488403.3,-90.643
488525.4,-90.689
488647.5,-90.667
488769.5,-90.696
488891.6,-90.724
489013.7,-90.674
489135.7,-90.695
489257.8,-90.680
489379.9,-90.710
489502.0,-90.697
489624.0,-90.655
489746.1,-90.674
489868.2,-90.611
489990.2,-90.585
490112.3,-90.530
490234.4,-90.521
490356.4,-90.515
490478.5,-90.492
490600.6,-90.493
490722.7,-90.451
490844.7,-90.454
490966.8,-90.454
491088.9,-90.392
491210.9,-90.363
491333.0,-90.327
491455.1,-90.300
491577.1,-90.262
491699.2,-90.284
491821.3,-90.292
491943.4,-90.259
492065.4,-90.270
492187.5,-90.242
492309.6,-90.276
492431.6,-90.269
492553.7,-90.238
492675.8,-90.232
492797.9,-90.202
492919.9,-90.217
493042.0,-90.201
493164.1,-90.181
493286.1,-90.187
493408.2,-90.206
493530.3,-90.246
493652.3,-90.242
493774.4,-90.273
493896.5,-90.282
494018.6,-90.287
494140.6,-90.298
494262.7,-90.255
494384.8,-90.245
494506.8,-90.261
494628.9,-90.271
494751.0,-90.254
494873.0,-90.239
494995.1,-90.272
495117.2,-90.265
495239.3,-90.250
495361.3,-90.265
495483.4,-90.252
495605.5,-90.249
495727.5,-90.226
495849.6,-90.201
495971.7,-90.114
496093.8,-90.046
496215.8,-90.016
496337.9,-89.970
496460.0,-89.914
496582.0,-89.907
496704.1,-89.900
496826.2,-89.849
496948.2,-89.793
497070.3,-89.753
497192.4,-89.697
497314.5,-89.626
497436.5,-89.542
497558.6,-89.493
497680.7,-89.458
497802.7,-89.405
497924.8,-89.391
498046.9,-89.334
498168.9,-89.300
498291.0,-89.290
498413.1,-89.301
498535.2,-89.283
498657.2,-89.270
498779.3,-89.268
498901.4,-89.253
499023.4,-89.243
499145.5,-89.237
499267.6,-89.245
499389.6,-89.307
499511.7,-89.321
499633.8,-89.377
499755.9,-89.415
499877.9,-89.468
