# baseband_freq_hz,power_dbfs_per_hz
-500000.0,-89.691
-499877.9,-85.491
-499755.9,-86.532
-499633.8,-84.116
-499511.7,-82.994
-499389.6,-85.294
-499267.6,-87.904
-499145.5,-84.319
-499023.4,-85.914
-498901.4,-89.764
-498779.3,-84.685
-498657.2,-79.890
-498535.2,-81.887
-498413.1,-88.436
-498291.0,-88.317
-498168.9,-89.388
-498046.9,-90.430
-497924.8,-83.470
-497802.7,-81.849
-497680.7,-83.133
-497558.6,-82.446
-497436.5,-82.615
-497314.5,-84.876
-497192.4,-86.123
-497070.3,-86.765
-496948.2,-84.776
-496826.2,-87.714
-496704.1,-90.290
-496582.0,-88.449
-496460.0,-88.315
-496337.9,-86.655
-496215.8,-82.634
-496093.8,-85.330
-495971.7,-86.692
-495849.6,-83.348
-495727.5,-84.786
-495605.5,-89.093
-495483.4,-87.183
-495361.3,-85.423
-495239.3,-83.303
-495117.2,-79.133
-494995.1,-88.189
-494873.0,-84.678
-494751.0,-89.048
-494628.9,-77.369
-494506.8,-82.090
-494384.8,-90.463
-494262.7,-85.928
-494140.6,-80.589
-494018.6,-84.371
-493896.5,-85.718
-493774.4,-89.759
-493652.3,-83.110
-493530.3,-85.413
-493408.2,-83.743
-493286.1,-81.493
-493164.1,-83.080
-493042.0,-84.847
-492919.9,-83.721
-492797.9,-86.426
-492675.8,-84.068
-492553.7,-90.380
-492431.6,-85.674
-492309.6,-78.471
-492187.5,-77.490
-492065.4,-83.956
-491943.4,-86.074
-491821.3,-84.886
-491699.2,-81.799
-491577.1,-82.626
-491455.1,-87.634
-491333.0,-86.110
-491210.9,-85.959
-491088.9,-86.842
-490966.8,-87.995
-490844.7,-84.957
-490722.7,-81.899
-490600.6,-84.804
-490478.5,-84.390
-490356.4,-84.033
-490234.4,-84.584
-490112.3,-86.799
-489990.2,-89.543
-489868.2,-81.507
-489746.1,-81.225
-489624.0,-91.774
-489502.0,-84.082
-489379.9,-87.767
-489257.8,-86.739
-489135.7,-82.464
-489013.7,-86.666
-488891.6,-85.543
-488769.5,-88.481
-488647.5,-81.218
-488525.4,-82.670
-488403.3,-74.364
-488281.2,-78.467
-488159.2,-83.698
-488037.1,-89.358
-487915.0,-82.358
-487793.0,-86.416
-487670.9,-88.394
-487548.8,-85.377
-487426.8,-88.047
-487304.7,-88.367
-487182.6,-83.479
-487060.5,-90.076
-486938.5,-80.833
-486816.4,-80.833
-486694.3,-82.341
-486572.3,-85.925
-486450.2,-85.638
-486328.1,-83.565
-486206.1,-87.565
-486084.0,-85.915
-485961.9,-86.278
-485839.8,-82.438
-485717.8,-80.057
-485595.7,-90.591
-485473.6,-83.428
-485351.6,-84.737
-485229.5,-89.472
-485107.4,-89.003
-484985.4,-89.062
-484863.3,-92.184
-484741.2,-87.365
-484619.1,-85.662
-484497.1,-89.782
-484375.0,-86.498
-484252.9,-83.103
-484130.9,-80.474
-484008.8,-85.336
-483886.7,-84.607
-483764.6,-88.080
-483642.6,-85.835
-483520.5,-86.081
-483398.4,-87.561
-483276.4,-87.457
-483154.3,-79.747
-483032.2,-86.430
-482910.2,-87.934
-482788.1,-87.167
-482666.0,-89.643
-482543.9,-90.956
-482421.9,-88.591
-482299.8,-87.660
-482177.7,-87.593
-482055.7,-84.281
-481933.6,-85.943
-481811.5,-91.680
-481689.5,-88.759
-481567.4,-90.990
-481445.3,-91.473
-481323.2,-88.737
-481201.2,-85.574
-481079.1,-85.992
-480957.0,-84.516
-480835.0,-82.321
-480712.9,-83.374
-480590.8,-84.681
-480468.8,-88.962
-480346.7,-91.992
-480224.6,-89.592
-480102.5,-88.129
-479980.5,-88.787
-479858.4,-87.175
-479736.3,-89.589
-479614.3,-90.556
-479492.2,-84.857
-479370.1,-81.080
-479248.0,-85.121
-479126.0,-87.404
-479003.9,-87.524
-478881.8,-89.550
-478759.8,-90.163
-478637.7,-84.037
-478515.6,-87.826
-478393.6,-85.374
-478271.5,-86.715
-478149.4,-84.838
-478027.3,-87.375
-477905.3,-77.560
-477783.2,-78.502
-477661.1,-81.089
-477539.1,-79.708
-477417.0,-81.499
-477294.9,-85.653
-477172.9,-86.705
-477050.8,-87.428
-476928.7,-81.997
-476806.6,-83.919
-476684.6,-82.766
-476562.5,-83.070
-476440.4,-81.822
-476318.4,-81.682
-476196.3,-83.433
-476074.2,-83.778
-475952.1,-78.037
-475830.1,-81.078
-475708.0,-81.412
-475585.9,-87.980
-475463.9,-86.062
-475341.8,-84.193
-475219.7,-88.077
-475097.7,-81.854
-474975.6,-84.037
-474853.5,-84.363
-474731.4,-90.324
-474609.4,-79.589
-474487.3,-83.882
-474365.2,-87.419
-474243.2,-85.076
-474121.1,-86.756
-473999.0,-86.717
-473877.0,-82.824
-473754.9,-84.809
-473632.8,-84.398
-473510.7,-86.066
-473388.7,-85.463
-473266.6,-89.408
-473144.5,-85.166
-473022.5,-83.105
-472900.4,-87.591
-472778.3,-85.555
-472656.2,-81.946
-472534.2,-83.742
-472412.1,-87.611
-472290.0,-88.125
-472168.0,-81.924
-472045.9,-84.859
-471923.8,-81.370
-471801.8,-85.690
-471679.7,-88.111
-471557.6,-84.224
-471435.5,-89.004
-471313.5,-79.225
-471191.4,-77.358
-471069.3,-82.679
-470947.3,-82.237
-470825.2,-84.578
-470703.1,-86.156
-470581.1,-91.527
-470459.0,-87.871
-470336.9,-79.774
-470214.8,-79.124
-470092.8,-81.837
-469970.7,-82.936
-469848.6,-90.647
-469726.6,-84.730
-469604.5,-83.477
-469482.4,-83.756
-469360.4,-81.628
-469238.3,-85.082
-469116.2,-86.254
-468994.1,-86.679
-468872.1,-88.767
-468750.0,-86.961
-468627.9,-88.695
-468505.9,-91.550
-468383.8,-89.841
-468261.7,-88.202
-468139.6,-87.529
-468017.6,-87.918
-467895.5,-83.725
-467773.4,-86.773
-467651.4,-88.123
-467529.3,-89.111
-467407.2,-87.403
-467285.2,-86.745
-467163.1,-84.632
-467041.0,-89.412
-466918.9,-83.651
-466796.9,-83.399
-466674.8,-85.368
-466552.7,-89.229
-466430.7,-84.359
-466308.6,-83.100
-466186.5,-86.390
-466064.5,-88.306
-465942.4,-83.408
-465820.3,-89.716
-465698.2,-84.472
-465576.2,-88.685
-465454.1,-86.455
-465332.0,-88.202
-465210.0,-82.223
-465087.9,-85.113
-464965.8,-89.278
-464843.8,-83.171
-464721.7,-82.182
-464599.6,-81.137
-464477.5,-83.528
-464355.5,-84.100
-464233.4,-85.820
-464111.3,-87.873
-463989.3,-86.160
-463867.2,-83.588
-463745.1,-83.557
-463623.0,-86.008
-463501.0,-88.763
-463378.9,-86.244
-463256.8,-85.366
-463134.8,-82.666
-463012.7,-85.208
-462890.6,-88.283
-462768.6,-89.118
-462646.5,-87.211
-462524.4,-88.228
-462402.3,-89.815
-462280.3,-90.529
-462158.2,-85.122
-462036.1,-82.971
-461914.1,-86.014
-461792.0,-90.562
-461669.9,-82.429
-461547.9,-83.022
-461425.8,-85.445
-461303.7,-87.557
-461181.6,-80.772
-461059.6,-87.370
-460937.5,-87.047
-460815.4,-88.323
-460693.4,-86.057
-460571.3,-85.368
-460449.2,-82.389
-460327.1,-82.437
-460205.1,-84.839
-460083.0,-88.356
-459960.9,-88.601
-459838.9,-83.198
-459716.8,-85.277
-459594.7,-84.401
-459472.7,-84.411
-459350.6,-88.666
-459228.5,-90.500
-459106.4,-82.993
-458984.4,-84.453
-458862.3,-84.646
-458740.2,-83.716
-458618.2,-85.667
-458496.1,-84.917
-458374.0,-90.513
-458252.0,-86.309
-458129.9,-83.681
-458007.8,-85.177
-457885.7,-83.179
-457763.7,-84.333
-457641.6,-84.861
-457519.5,-84.026
-457397.5,-86.627
-457275.4,-86.626
-457153.3,-83.273
-457031.2,-84.341
-456909.2,-81.862
-456787.1,-84.866
-456665.0,-84.108
-456543.0,-85.479
-456420.9,-84.693
-456298.8,-85.490
-456176.8,-83.325
-456054.7,-84.609
-455932.6,-86.194
-455810.5,-82.743
-455688.5,-84.248
-455566.4,-87.497
-455444.3,-82.706
-455322.3,-86.034
-455200.2,-87.421
-455078.1,-84.764
-454956.1,-80.978
-454834.0,-80.582
-454711.9,-82.529
-454589.8,-86.158
-454467.8,-78.449
-454345.7,-78.955
-454223.6,-83.973
-454101.6,-89.409
-453979.5,-84.751
-453857.4,-82.888
-453735.4,-84.418
-453613.3,-84.655
-453491.2,-83.216
-453369.1,-80.707
-453247.1,-81.237
-453125.0,-80.672
-453002.9,-80.422
-452880.9,-82.915
-452758.8,-84.821
-452636.7,-87.108
-452514.6,-82.897
-452392.6,-86.312
-452270.5,-84.736
-452148.4,-82.331
-452026.4,-84.016
-451904.3,-81.607
-451782.2,-83.596
-451660.2,-90.653
-451538.1,-89.068
-451416.0,-85.594
-451293.9,-88.631
-451171.9,-84.637
-451049.8,-84.621
-450927.7,-85.425
-450805.7,-83.292
-450683.6,-80.210
-450561.5,-87.046
-450439.5,-82.119
-450317.4,-86.062
-450195.3,-89.810
-450073.2,-85.868
-449951.2,-81.788
-449829.1,-89.438
-449707.0,-81.101
-449585.0,-80.185
-449462.9,-80.060
-449340.8,-83.233
-449218.8,-85.386
-449096.7,-85.648
-448974.6,-84.331
-448852.5,-85.824
-448730.5,-84.361
-448608.4,-83.823
-448486.3,-83.925
-448364.3,-86.688
-448242.2,-80.407
-448120.1,-80.656
-447998.0,-82.745
-447876.0,-84.684
-447753.9,-87.593
-447631.8,-85.086
-447509.8,-88.199
-447387.7,-85.372
-447265.6,-83.744
-447143.6,-86.105
-447021.5,-86.755
-446899.4,-83.020
-446777.3,-81.785
-446655.3,-80.849
-446533.2,-83.794
-446411.1,-85.673
-446289.1,-84.449
-446167.0,-84.496
-446044.9,-86.710
-445922.9,-85.088
-445800.8,-82.503
-445678.7,-80.069
-445556.6,-86.129
-445434.6,-82.650
-445312.5,-81.255
-445190.4,-80.826
-445068.4,-84.743
-444946.3,-80.794
-444824.2,-77.730
-444702.1,-77.368
-444580.1,-83.615
-444458.0,-89.307
-444335.9,-84.306
-444213.9,-81.241
-444091.8,-84.274
-443969.7,-80.941
-443847.7,-78.842
-443725.6,-79.264
-443603.5,-81.164
-443481.4,-81.413
-443359.4,-82.964
-443237.3,-84.858
-443115.2,-82.917
-442993.2,-79.889
-442871.1,-82.617
-442749.0,-84.136
-442627.0,-79.966
-442504.9,-81.758
-442382.8,-81.657
-442260.7,-84.763
-442138.7,-87.849
-442016.6,-85.317
-441894.5,-79.536
-441772.5,-80.370
-441650.4,-78.890
-441528.3,-78.925
-441406.2,-79.888
-441284.2,-84.081
-441162.1,-86.075
-441040.0,-80.938
-440918.0,-77.238
-440795.9,-81.367
-440673.8,-79.352
-440551.8,-79.916
-440429.7,-77.990
-440307.6,-81.010
-440185.5,-83.754
-440063.5,-81.148
-439941.4,-77.767
-439819.3,-82.275
-439697.3,-79.928
-439575.2,-81.397
-439453.1,-82.829
-439331.1,-83.423
-439209.0,-81.610
-439086.9,-80.925
-438964.8,-80.649
-438842.8,-82.795
-438720.7,-78.839
-438598.6,-78.435
-438476.6,-77.176
-438354.5,-85.049
-438232.4,-83.102
-438110.4,-80.995
-437988.3,-81.621
-437866.2,-83.458
-437744.1,-82.019
-437622.1,-78.788
-437500.0,-80.367
-437377.9,-86.568
-437255.9,-82.599
-437133.8,-76.496
-437011.7,-78.840
-436889.6,-85.662
-436767.6,-81.934
-436645.5,-74.229
-436523.4,-76.466
-436401.4,-81.127
-436279.3,-78.894
-436157.2,-75.267
-436035.2,-78.656
-435913.1,-84.114
-435791.0,-79.837
-435668.9,-74.542
-435546.9,-79.033
-435424.8,-86.910
-435302.7,-83.590
-435180.7,-80.732
-435058.6,-83.625
-434936.5,-81.045
-434814.5,-80.287
-434692.4,-80.393
-434570.3,-81.975
-434448.2,-84.057
-434326.2,-82.370
-434204.1,-80.285
-434082.0,-83.705
-433960.0,-85.671
-433837.9,-80.748
-433715.8,-79.721
-433593.8,-84.652
-433471.7,-84.466
-433349.6,-78.282
-433227.5,-78.322
-433105.5,-85.366
-432983.4,-82.584
-432861.3,-79.665
-432739.3,-80.188
-432617.2,-86.553
-432495.1,-85.063
-432373.0,-79.580
-432251.0,-80.320
-432128.9,-86.060
-432006.8,-82.731
-431884.8,-76.708
-431762.7,-78.533
-431640.6,-80.835
-431518.6,-81.186
-431396.5,-73.727
-431274.4,-76.058
-431152.3,-83.401
-431030.3,-82.204
-430908.2,-76.544
-430786.1,-79.234
-430664.1,-80.221
-430542.0,-79.319
-430419.9,-79.016
-430297.9,-80.760
-430175.8,-84.178
-430053.7,-80.901
-429931.6,-81.860
-429809.6,-85.308
-429687.5,-82.531
-429565.4,-81.601
-429443.4,-79.023
-429321.3,-83.882
-429199.2,-84.234
-429077.1,-79.490
-428955.1,-77.307
-428833.0,-82.155
-428710.9,-82.360
-428588.9,-77.255
-428466.8,-76.059
-428344.7,-80.949
-428222.7,-83.185
-428100.6,-75.628
-427978.5,-75.239
-427856.4,-83.413
-427734.4,-81.484
-427612.3,-77.076
-427490.2,-78.470
-427368.2,-83.434
-427246.1,-81.285
-427124.0,-73.626
-427002.0,-74.432
-426879.9,-82.559
-426757.8,-79.777
-426635.7,-72.980
-426513.7,-74.459
-426391.6,-80.097
-426269.5,-78.505
-426147.5,-73.346
-426025.4,-75.750
-425903.3,-85.235
-425781.2,-77.767
-425659.2,-71.606
-425537.1,-74.874
-425415.0,-82.041
-425293.0,-77.068
-425170.9,-74.944
-425048.8,-78.965
-424926.8,-78.410
-424804.7,-77.569
-424682.6,-73.484
-424560.5,-76.913
-424438.5,-79.824
-424316.4,-76.170
-424194.3,-76.428
-424072.3,-81.477
-423950.2,-79.216
-423828.1,-74.579
-423706.1,-71.947
-423584.0,-78.122
-423461.9,-81.962
-423339.8,-76.140
-423217.8,-74.928
-423095.7,-81.777
-422973.6,-79.095
-422851.6,-74.625
-422729.5,-74.668
-422607.4,-80.719
-422485.4,-79.029
-422363.3,-69.801
-422241.2,-69.738
-422119.1,-78.282
-421997.1,-77.632
-421875.0,-72.659
-421752.9,-74.374
-421630.9,-81.397
-421508.8,-78.892
-421386.7,-71.525
-421264.6,-73.174
-421142.6,-82.416
-421020.5,-77.137
-420898.4,-68.928
-420776.4,-71.247
-420654.3,-81.856
-420532.2,-74.235
-420410.2,-65.803
-420288.1,-68.564
-420166.0,-77.751
-420043.9,-77.427
-419921.9,-72.524
-419799.8,-75.356
-419677.7,-79.675
-419555.7,-74.976
-419433.6,-70.000
-419311.5,-74.899
-419189.5,-78.184
-419067.4,-74.469
-418945.3,-69.839
-418823.2,-75.286
-418701.2,-82.995
-418579.1,-78.168
-418457.0,-74.426
-418335.0,-78.118
-418212.9,-77.818
-418090.8,-73.050
-417968.8,-71.059
-417846.7,-77.989
-417724.6,-78.892
-417602.5,-73.757
-417480.5,-73.478
-417358.4,-79.792
-417236.3,-78.880
-417114.3,-73.734
-416992.2,-73.947
-416870.1,-80.594
-416748.0,-79.831
-416626.0,-74.320
-416503.9,-74.613
-416381.8,-77.695
-416259.8,-74.135
-416137.7,-71.060
-416015.6,-72.275
-415893.6,-81.563
-415771.5,-76.296
-415649.4,-68.600
-415527.3,-70.784
-415405.3,-80.415
-415283.2,-75.522
-415161.1,-71.074
-415039.1,-75.216
-414917.0,-81.296
-414794.9,-75.098
-414672.9,-71.430
-414550.8,-76.174
-414428.7,-82.065
-414306.6,-73.442
-414184.6,-68.841
-414062.5,-73.955
-413940.4,-82.157
-413818.4,-71.489
-413696.3,-66.658
-413574.2,-72.401
-413452.1,-81.146
-413330.1,-70.162
-413208.0,-66.426
-413085.9,-72.626
-412963.9,-78.653
-412841.8,-71.839
-412719.7,-70.733
-412597.7,-77.923
-412475.6,-79.671
-412353.5,-68.929
-412231.4,-67.081
-412109.4,-75.670
-411987.3,-79.020
-411865.2,-70.739
-411743.2,-70.293
-411621.1,-78.458
-411499.0,-78.292
-411377.0,-67.076
-411254.9,-66.410
-411132.8,-77.040
-411010.7,-77.043
-410888.7,-68.631
-410766.6,-68.859
-410644.5,-77.188
-410522.5,-76.631
-410400.4,-68.059
-410278.3,-69.266
-410156.2,-79.066
-410034.2,-76.067
-409912.1,-69.228
-409790.0,-71.303
-409668.0,-79.461
-409545.9,-75.385
-409423.8,-71.275
-409301.8,-73.608
-409179.7,-78.598
-409057.6,-74.966
-408935.5,-69.646
-408813.5,-73.488
-408691.4,-80.714
-408569.3,-75.400
-408447.3,-72.043
-408325.2,-75.757
-408203.1,-77.885
-408081.1,-73.169
-407959.0,-69.952
-407836.9,-74.962
-407714.8,-78.982
-407592.8,-72.462
-407470.7,-71.218
-407348.6,-77.028
-407226.6,-78.541
-407104.5,-71.099
-406982.4,-70.294
-406860.4,-77.751
-406738.3,-76.723
-406616.2,-70.521
-406494.1,-71.991
-406372.1,-79.039
-406250.0,-76.878
-406127.9,-68.694
-406005.9,-69.825
-405883.8,-78.398
-405761.7,-75.873
-405639.6,-66.562
-405517.6,-67.116
-405395.5,-77.509
-405273.4,-74.794
-405151.4,-68.176
-405029.3,-69.404
-404907.2,-75.887
-404785.2,-72.324
-404663.1,-66.108
-404541.0,-68.025
-404418.9,-77.273
-404296.9,-73.488
-404174.8,-66.709
-404052.7,-69.417
-403930.7,-79.042
-403808.6,-75.409
-403686.5,-71.627
-403564.5,-74.248
-403442.4,-78.759
-403320.3,-74.243
-403198.2,-72.153
-403076.2,-76.402
-402954.1,-78.415
-402832.0,-70.989
-402710.0,-69.924
-402587.9,-75.597
-402465.8,-79.078
-402343.8,-70.186
-402221.7,-68.591
-402099.6,-75.163
-401977.5,-75.151
-401855.5,-69.227
-401733.4,-68.983
-401611.3,-75.957
-401489.3,-75.215
-401367.2,-67.216
-401245.1,-67.863
-401123.0,-77.749
-401001.0,-76.053
-400878.9,-64.952
-400756.8,-64.540
-400634.8,-75.060
-400512.7,-76.346
-400390.6,-67.395
-400268.6,-67.571
-400146.5,-77.203
-400024.4,-73.884
-399902.3,-64.905
-399780.3,-65.976
-399658.2,-76.022
-399536.1,-72.065
-399414.1,-64.319
-399292.0,-66.036
-399169.9,-77.811
-399047.9,-75.134
-398925.8,-68.943
-398803.7,-70.892
-398681.6,-77.334
-398559.6,-74.340
-398437.5,-68.735
-398315.4,-72.196
-398193.4,-78.811
-398071.3,-71.012
-397949.2,-67.545
-397827.1,-72.440
-397705.1,-78.400
-397583.0,-69.279
-397460.9,-66.569
-397338.9,-72.648
-397216.8,-78.474
-397094.7,-71.258
-396972.7,-69.000
-396850.6,-74.713
-396728.5,-78.705
-396606.4,-70.118
-396484.4,-68.466
-396362.3,-75.091
-396240.2,-76.508
-396118.2,-65.736
-395996.1,-64.217
-395874.0,-73.068
-395752.0,-74.978
-395629.9,-66.168
-395507.8,-66.412
-395385.7,-74.675
-395263.7,-73.804
-395141.6,-66.988
-395019.5,-69.129
-394897.5,-78.068
-394775.4,-74.558
-394653.3,-65.588
-394531.2,-66.880
-394409.2,-77.983
-394287.1,-73.236
-394165.0,-64.910
-394043.0,-66.307
-393920.9,-76.880
-393798.8,-71.950
-393676.8,-64.423
-393554.7,-66.726
-393432.6,-76.516
-393310.5,-72.015
-393188.5,-66.124
-393066.4,-69.799
-392944.3,-79.236
-392822.3,-72.237
-392700.2,-67.733
-392578.1,-72.096
-392456.1,-80.005
-392334.0,-69.707
-392211.9,-66.951
-392089.8,-72.534
-391967.8,-77.818
-391845.7,-68.389
-391723.6,-64.948
-391601.6,-71.021
-391479.5,-77.042
-391357.4,-70.111
-391235.4,-67.963
-391113.3,-74.013
-390991.2,-77.574
-390869.1,-68.152
-390747.1,-65.975
-390625.0,-73.987
-390502.9,-79.232
-390380.9,-68.095
-390258.8,-66.033
-390136.7,-74.052
-390014.6,-76.817
-389892.6,-69.383
-389770.5,-68.891
-389648.4,-75.228
-389526.4,-74.235
-389404.3,-68.344
-389282.2,-69.864
-389160.2,-77.158
-389038.1,-75.187
-388916.0,-69.252
-388793.9,-71.134
-388671.9,-77.464
-388549.8,-75.919
-388427.7,-70.670
-388305.7,-72.602
-388183.6,-77.010
-388061.5,-72.176
-387939.5,-66.854
-387817.4,-70.321
-387695.3,-76.396
-387573.2,-69.955
-387451.2,-65.955
-387329.1,-71.208
-387207.0,-77.268
-387085.0,-70.809
-386962.9,-67.288
-386840.8,-72.847
-386718.8,-77.460
-386596.7,-71.945
-386474.6,-68.918
-386352.5,-74.294
-386230.5,-77.265
-386108.4,-68.959
-385986.3,-65.504
-385864.3,-72.089
-385742.2,-75.897
-385620.1,-67.832
-385498.0,-66.177
-385376.0,-73.544
-385253.9,-75.201
-385131.8,-67.899
-385009.8,-67.908
-384887.7,-75.807
-384765.6,-75.271
-384643.6,-69.826
-384521.5,-70.398
-384399.4,-77.156
-384277.3,-75.735
-384155.3,-68.931
-384033.2,-69.201
-383911.1,-76.412
-383789.1,-73.555
-383667.0,-66.676
-383544.9,-67.376
-383422.9,-76.540
-383300.8,-73.228
-383178.7,-69.263
-383056.6,-70.719
-382934.6,-76.833
-382812.5,-72.512
-382690.4,-70.642
-382568.4,-75.116
-382446.3,-77.053
-382324.2,-71.144
-382202.1,-67.970
-382080.1,-72.985
-381958.0,-77.943
-381835.9,-70.927
-381713.9,-69.043
-381591.8,-73.319
-381469.7,-76.267
-381347.7,-67.251
-381225.6,-66.301
-381103.5,-72.962
-380981.4,-74.145
-380859.4,-65.877
-380737.3,-64.586
-380615.2,-73.294
-380493.2,-76.274
-380371.1,-66.401
-380249.0,-65.556
-380127.0,-73.793
-380004.9,-74.603
-379882.8,-64.855
-379760.7,-64.587
-379638.7,-73.849
-379516.6,-71.782
-379394.5,-61.795
-379272.5,-62.660
-379150.4,-73.936
-379028.3,-70.990
-378906.2,-62.016
-378784.2,-63.392
-378662.1,-75.283
-378540.0,-72.454
-378418.0,-64.381
-378295.9,-65.983
-378173.8,-75.700
-378051.8,-72.197
-377929.7,-62.836
-377807.6,-64.253
-377685.5,-75.930
-377563.5,-71.927
-377441.4,-62.856
-377319.3,-64.644
-377197.3,-76.180
-377075.2,-70.671
-376953.1,-65.257
-376831.1,-68.076
-376709.0,-76.421
-376586.9,-68.654
-376464.8,-65.938
-376342.8,-71.254
-376220.7,-75.437
-376098.6,-70.935
-375976.6,-68.270
-375854.5,-72.321
-375732.4,-75.939
-375610.4,-70.706
-375488.3,-68.119
-375366.2,-71.869
-375244.1,-75.316
-375122.1,-66.388
-375000.0,-64.763
-374877.9,-71.412
-374755.9,-73.864
-374633.8,-64.368
-374511.7,-64.390
-374389.6,-73.621
-374267.6,-74.276
-374145.5,-66.301
-374023.4,-66.883
-373901.4,-74.930
-373779.3,-73.128
-373657.2,-66.147
-373535.2,-67.286
-373413.1,-74.662
-373291.0,-72.294
-373168.9,-63.729
-373046.9,-64.580
-372924.8,-74.180
-372802.7,-72.674
-372680.7,-65.272
-372558.6,-66.644
-372436.5,-74.840
-372314.5,-71.292
-372192.4,-66.630
-372070.3,-69.769
-371948.2,-76.089
-371826.2,-68.571
-371704.1,-64.303
-371582.0,-69.369
-371460.0,-76.043
-371337.9,-67.750
-371215.8,-63.875
-371093.8,-69.004
-370971.7,-74.932
-370849.6,-68.190
-370727.5,-65.261
-370605.5,-70.852
-370483.4,-74.435
-370361.3,-66.783
-370239.3,-64.454
-370117.2,-70.906
-369995.1,-74.261
-369873.0,-65.600
-369751.0,-63.885
-369628.9,-71.456
-369506.8,-74.636
-369384.8,-65.509
-369262.7,-64.475
-369140.6,-72.212
-369018.6,-72.896
-368896.5,-65.404
-368774.4,-65.659
-368652.3,-73.910
-368530.3,-71.349
-368408.2,-63.379
-368286.1,-65.124
-368164.1,-74.474
-368042.0,-68.333
-367919.9,-60.578
-367797.9,-63.201
-367675.8,-75.514
-367553.7,-70.497
-367431.6,-63.190
-367309.6,-65.617
-367187.5,-75.020
-367065.4,-68.873
-366943.4,-62.696
-366821.3,-66.156
-366699.2,-75.710
-366577.1,-68.232
-366455.1,-61.457
-366333.0,-64.626
-366210.9,-76.056
-366088.9,-69.310
-365966.8,-63.538
-365844.7,-67.022
-365722.7,-75.780
-365600.6,-68.031
-365478.5,-64.158
-365356.4,-69.512
-365234.4,-75.869
-365112.3,-65.224
-364990.2,-62.951
-364868.2,-70.138
-364746.1,-74.857
-364624.0,-63.660
-364502.0,-62.280
-364379.9,-70.187
-364257.8,-73.399
-364135.7,-64.394
-364013.7,-63.473
-363891.6,-70.967
-363769.5,-74.837
-363647.5,-65.760
-363525.4,-64.507
-363403.3,-72.744
-363281.2,-74.656
-363159.2,-65.035
-363037.1,-63.913
-362915.0,-72.577
-362793.0,-74.397
-362670.9,-66.374
-362548.8,-65.503
-362426.8,-73.241
-362304.7,-72.693
-362182.6,-67.087
-362060.5,-68.379
-361938.5,-74.636
-361816.4,-71.741
-361694.3,-66.410
-361572.3,-69.730
-361450.2,-76.648
-361328.1,-69.698
-361206.1,-64.652
-361084.0,-68.969
-360961.9,-75.915
-360839.8,-69.411
-360717.8,-65.964
-360595.7,-70.339
-360473.6,-75.167
-360351.6,-65.883
-360229.5,-62.596
-360107.4,-69.315
-359985.4,-75.021
-359863.3,-68.215
-359741.2,-64.749
-359619.1,-70.732
-359497.1,-76.315
-359375.0,-68.086
-359252.9,-65.815
-359130.9,-71.618
-359008.8,-74.179
-358886.7,-66.064
-358764.6,-64.397
-358642.6,-71.606
-358520.5,-73.371
-358398.4,-64.714
-358276.4,-64.330
-358154.3,-72.729
-358032.2,-73.263
-357910.2,-67.184
-357788.1,-67.741
-357666.0,-75.482
-357543.9,-72.687
-357421.9,-64.617
-357299.8,-66.519
-357177.7,-74.746
-357055.7,-70.625
-356933.6,-63.764
-356811.5,-65.951
-356689.5,-74.962
-356567.4,-69.923
-356445.3,-64.026
-356323.2,-67.083
-356201.2,-75.244
-356079.1,-68.894
-355957.0,-63.860
-355835.0,-68.253
-355712.9,-77.746
-355590.8,-69.839
-355468.8,-64.434
-355346.7,-68.806
-355224.6,-77.158
-355102.5,-67.421
-354980.5,-63.217
-354858.4,-68.845
-354736.3,-75.709
-354614.3,-67.349
-354492.2,-64.641
-354370.1,-70.557
-354248.0,-74.375
-354126.0,-63.577
-354003.9,-61.983
-353881.8,-70.767
-353759.8,-76.465
-353637.7,-66.344
-353515.6,-64.368
-353393.6,-71.922
-353271.5,-76.551
-353149.4,-67.244
-353027.3,-65.983
-352905.3,-72.914
-352783.2,-72.444
-352661.1,-63.146
-352539.1,-63.459
-352417.0,-73.381
-352294.9,-71.498
-352172.9,-62.878
-352050.8,-64.087
-351928.7,-74.683
-351806.6,-75.928
-351684.6,-68.573
-351562.5,-68.968
-351440.4,-76.217
-351318.4,-75.218
-351196.3,-68.021
-351074.2,-68.903
-350952.1,-75.531
-350830.1,-69.951
-350708.0,-64.412
-350585.9,-67.333
-350463.9,-75.881
-350341.8,-65.587
-350219.7,-60.639
-350097.7,-66.310
-349975.6,-76.741
-349853.5,-71.509
-349731.4,-68.115
-349609.4,-73.052
-349487.3,-77.163
-349365.2,-70.890
-349243.2,-67.752
-349121.1,-72.706
-348999.0,-75.812
-348877.0,-66.055
-348754.9,-63.025
-348632.8,-69.434
-348510.7,-75.657
-348388.7,-67.001
-348266.6,-64.829
-348144.5,-70.486
-348022.5,-73.043
-347900.4,-66.652
-347778.3,-67.120
-347656.2,-76.257
-347534.2,-74.550
-347412.1,-67.087
-347290.0,-67.405
-347168.0,-75.429
-347045.9,-72.617
-346923.8,-65.130
-346801.8,-66.075
-346679.7,-74.180
-346557.6,-72.520
-346435.5,-64.773
-346313.5,-66.677
-346191.4,-74.929
-346069.3,-69.353
-345947.3,-62.037
-345825.2,-65.838
-345703.1,-78.135
-345581.1,-68.857
-345459.0,-62.864
-345336.9,-67.263
-345214.8,-77.899
-345092.8,-67.074
-344970.7,-61.823
-344848.6,-66.948
-344726.6,-75.935
-344604.5,-68.020
-344482.4,-63.024
-344360.4,-68.038
-344238.3,-75.976
-344116.2,-71.199
-343994.1,-65.632
-343872.1,-69.872
-343750.0,-77.178
-343627.9,-69.924
-343505.9,-66.317
-343383.8,-71.327
-343261.7,-76.627
-343139.6,-66.637
-343017.6,-64.569
-342895.5,-70.888
-342773.4,-75.477
-342651.4,-69.427
-342529.3,-67.932
-342407.2,-73.779
-342285.2,-76.849
-342163.1,-71.332
-342041.0,-70.835
-341918.9,-75.326
-341796.9,-73.245
-341674.8,-65.060
-341552.7,-66.477
-341430.7,-75.349
-341308.6,-71.015
-341186.5,-62.599
-341064.5,-64.970
-340942.4,-74.123
-340820.3,-70.212
-340698.2,-63.463
-340576.2,-66.757
-340454.1,-76.502
-340332.0,-72.716
-340210.0,-66.527
-340087.9,-69.635
-339965.8,-76.857
-339843.8,-69.437
-339721.7,-63.398
-339599.6,-67.542
-339477.5,-76.899
-339355.5,-70.820
-339233.4,-65.599
-339111.3,-69.194
-338989.3,-75.989
-338867.2,-69.932
-338745.1,-66.267
-338623.0,-71.622
-338501.0,-77.499
-338378.9,-72.484
-338256.8,-69.252
-338134.8,-74.058
-338012.7,-75.487
-337890.6,-68.295
-337768.6,-66.465
-337646.5,-72.823
-337524.4,-74.975
-337402.3,-69.785
-337280.3,-69.421
-337158.2,-74.313
-337036.1,-73.520
-336914.1,-66.080
-336792.0,-66.723
-336669.9,-75.395
-336547.9,-75.048
-336425.8,-68.939
-336303.7,-69.769
-336181.6,-76.317
-336059.6,-72.104
-335937.5,-65.375
-335815.4,-67.617
-335693.4,-75.756
-335571.3,-68.559
-335449.2,-60.797
-335327.1,-64.331
-335205.1,-74.453
-335083.0,-66.598
-334960.9,-59.968
-334838.9,-64.307
-334716.8,-77.538
-334594.7,-70.607
-334472.7,-64.745
-334350.6,-68.779
-334228.5,-76.442
-334106.4,-71.265
-333984.4,-66.269
-333862.3,-69.556
-333740.2,-75.938
-333618.2,-69.853
-333496.1,-64.540
-333374.0,-68.807
-333252.0,-76.587
-333129.9,-69.945
-333007.8,-66.643
-332885.7,-71.382
-332763.7,-76.648
-332641.6,-65.502
-332519.5,-64.016
-332397.5,-72.927
-332275.4,-74.251
-332153.3,-62.345
-332031.2,-61.572
-331909.2,-71.989
-331787.1,-74.393
-331665.0,-67.323
-331543.0,-66.952
-331420.9,-74.197
-331298.8,-72.399
-331176.8,-62.644
-331054.7,-63.443
-330932.6,-73.963
-330810.5,-73.922
-330688.5,-66.524
-330566.4,-66.817
-330444.3,-75.721
-330322.3,-70.838
-330200.2,-62.757
-330078.1,-65.103
-329956.1,-76.159
-329834.0,-69.683
-329711.9,-63.151
-329589.8,-66.650
-329467.8,-75.643
-329345.7,-68.245
-329223.6,-62.044
-329101.6,-66.348
-328979.5,-77.197
-328857.4,-71.751
-328735.4,-66.783
-328613.3,-70.522
-328491.2,-77.506
-328369.1,-69.512
-328247.1,-65.387
-328125.0,-70.086
-328002.9,-76.584
-327880.9,-66.423
-327758.8,-63.551
-327636.7,-70.415
-327514.6,-76.541
-327392.6,-63.630
-327270.5,-61.382
-327148.4,-69.917
-327026.4,-75.462
-326904.3,-64.383
-326782.2,-63.293
-326660.2,-72.350
-326538.1,-73.206
-326416.0,-63.078
-326293.9,-62.843
-326171.9,-72.762
-326049.8,-71.324
-325927.7,-59.893
-325805.7,-60.480
-325683.6,-72.416
-325561.5,-75.134
-325439.5,-65.956
-325317.4,-65.958
-325195.3,-73.701
-325073.2,-71.920
-324951.2,-63.618
-324829.1,-65.472
-324707.0,-76.246
-324585.0,-72.450
-324462.9,-65.383
-324340.8,-67.118
-324218.8,-75.878
-324096.7,-71.092
-323974.6,-64.404
-323852.5,-67.110
-323730.5,-75.163
-323608.4,-74.076
-323486.3,-70.509
-323364.3,-72.271
-323242.2,-77.642
-323120.1,-72.473
-322998.0,-68.424
-322876.0,-72.189
-322753.9,-77.378
-322631.8,-68.772
-322509.8,-66.368
-322387.7,-72.060
-322265.6,-75.806
-322143.6,-67.616
-322021.5,-65.351
-321899.4,-71.968
-321777.3,-75.441
-321655.3,-67.740
-321533.2,-66.787
-321411.1,-74.376
-321289.1,-75.923
-321167.0,-67.946
-321044.9,-67.905
-320922.9,-75.269
-320800.8,-71.342
-320678.7,-59.906
-320556.6,-60.523
-320434.6,-72.891
-320312.5,-72.373
-320190.4,-63.931
-320068.4,-65.156
-319946.3,-74.213
-319824.2,-71.129
-319702.1,-64.078
-319580.1,-66.437
-319458.0,-77.497
-319335.9,-72.021
-319213.9,-64.914
-319091.8,-67.470
-318969.7,-76.416
-318847.7,-67.760
-318725.6,-60.781
-318603.5,-64.649
-318481.4,-76.741
-318359.4,-66.936
-318237.3,-61.496
-318115.2,-66.952
-317993.2,-76.547
-317871.1,-62.618
-317749.0,-57.836
-317627.0,-64.581
-317504.9,-77.906
-317382.8,-68.544
-317260.7,-64.322
-317138.7,-70.238
-317016.6,-78.646
-316894.5,-70.397
-316772.5,-66.297
-316650.4,-70.822
-316528.3,-76.546
-316406.2,-63.411
-316284.2,-61.297
-316162.1,-70.117
-316040.0,-75.529
-315918.0,-64.516
-315795.9,-63.182
-315673.8,-71.813
-315551.8,-76.228
-315429.7,-69.274
-315307.6,-69.823
-315185.5,-76.503
-315063.5,-75.372
-314941.4,-65.221
-314819.3,-65.860
-314697.3,-74.769
-314575.2,-74.276
-314453.1,-66.052
-314331.1,-67.169
-314209.0,-75.252
-314086.9,-68.995
-313964.8,-60.896
-313842.8,-64.077
-313720.7,-76.332
-313598.6,-64.505
-313476.6,-56.955
-313354.5,-61.294
-313232.4,-78.412
-313110.4,-73.218
-312988.3,-66.270
-312866.2,-69.479
-312744.1,-76.488
-312622.1,-71.963
-312500.0,-66.468
-312377.9,-70.183
-312255.9,-77.381
-312133.8,-68.246
-312011.7,-63.449
-311889.6,-68.641
-311767.6,-77.482
-311645.5,-75.048
-311523.4,-68.528
-311401.4,-71.361
-311279.3,-78.245
-311157.2,-73.909
-311035.2,-71.747
-310913.1,-75.126
-310791.0,-74.496
-310668.9,-66.901
-310546.9,-65.869
-310424.8,-74.163
-310302.7,-76.640
-310180.7,-71.316
-310058.6,-70.171
-309936.5,-74.230
-309814.5,-75.023
-309692.4,-71.876
-309570.3,-71.738
-309448.2,-75.396
-309326.2,-76.653
-309204.1,-73.146
-309082.0,-74.404
-308960.0,-78.741
-308837.9,-74.861
-308715.8,-68.693
-308593.8,-71.003
-308471.7,-77.034
-308349.6,-71.050
-308227.5,-64.811
-308105.5,-68.771
-307983.4,-75.681
-307861.3,-69.812
-307739.3,-64.278
-307617.2,-69.127
-307495.1,-73.931
-307373.0,-69.898
-307251.0,-66.331
-307128.9,-72.251
-307006.8,-78.432
-306884.8,-68.976
-306762.7,-65.184
-306640.6,-71.689
-306518.6,-76.416
-306396.5,-62.817
-306274.4,-59.488
-306152.3,-67.787
-306030.3,-76.601
-305908.2,-68.584
-305786.1,-66.812
-305664.1,-74.352
-305542.0,-75.552
-305419.9,-62.711
-305297.9,-61.424
-305175.8,-72.079
-305053.7,-76.123
-304931.6,-65.486
-304809.6,-64.930
-304687.5,-74.454
-304565.4,-74.579
-304443.4,-66.571
-304321.3,-67.060
-304199.2,-76.402
-304077.1,-69.635
-303955.1,-59.197
-303833.0,-60.804
-303710.9,-74.955
-303588.9,-68.640
-303466.8,-59.418
-303344.7,-61.926
-303222.7,-77.286
-303100.6,-68.780
-302978.5,-60.788
-302856.4,-64.274
-302734.4,-78.169
-302612.3,-64.321
-302490.2,-57.432
-302368.2,-62.066
-302246.1,-78.205
-302124.0,-67.430
-302002.0,-61.275
-301879.9,-66.112
-301757.8,-78.685
-301635.7,-67.478
-301513.7,-62.399
-301391.6,-68.115
-301269.5,-78.635
-301147.5,-69.732
-301025.4,-65.973
-300903.3,-71.891
-300781.2,-76.495
-300659.2,-61.167
-300537.1,-58.341
-300415.0,-67.079
-300293.0,-77.939
-300170.9,-65.121
-300048.8,-63.118
-299926.8,-71.879
-299804.7,-76.610
-299682.6,-67.902
-299560.5,-66.762
-299438.5,-74.507
-299316.4,-74.071
-299194.3,-62.797
-299072.3,-62.848
-298950.2,-73.652
-298828.1,-71.721
-298706.1,-61.076
-298584.0,-62.040
-298461.9,-74.267
-298339.8,-75.592
-298217.8,-67.527
-298095.7,-68.933
-297973.6,-77.418
-297851.6,-74.464
-297729.5,-67.650
-297607.4,-70.195
-297485.4,-78.071
-297363.3,-70.682
-297241.2,-63.631
-297119.1,-67.350
-296997.1,-77.149
-296875.0,-71.468
-296752.9,-66.573
-296630.9,-70.367
-296508.8,-77.965
-296386.7,-67.451
-296264.6,-62.489
-296142.6,-68.852
-296020.5,-79.270
-295898.4,-64.524
-295776.4,-60.433
-295654.3,-68.059
-295532.2,-77.244
-295410.2,-67.835
-295288.1,-64.950
-295166.0,-72.465
-295043.9,-75.722
-294921.9,-62.708
-294799.8,-60.901
-294677.7,-70.477
-294555.7,-75.043
-294433.6,-66.425
-294311.5,-65.196
-294189.5,-74.428
-294067.4,-76.179
-293945.3,-67.456
-293823.2,-67.019
-293701.2,-75.551
-293579.1,-74.594
-293457.0,-65.240
-293335.0,-66.424
-293212.9,-75.936
-293090.8,-65.128
-292968.8,-54.923
-292846.7,-56.934
-292724.6,-72.448
-292602.5,-75.850
-292480.5,-69.072
-292358.4,-70.459
-292236.3,-79.341
-292114.3,-72.589
-291992.2,-65.216
-291870.1,-68.593
-291748.0,-78.362
-291626.0,-70.533
-291503.9,-64.506
-291381.8,-68.768
-291259.8,-76.931
-291137.7,-65.419
-291015.6,-59.989
-290893.6,-65.562
-290771.5,-77.252
-290649.4,-71.203
-290527.3,-67.284
-290405.3,-73.688
-290283.2,-79.753
-290161.1,-67.134
-290039.1,-63.832
-289917.0,-71.277
-289794.9,-76.538
-289672.9,-64.140
-289550.8,-61.811
-289428.7,-71.127
-289306.6,-74.182
-289184.6,-58.993
-289062.5,-57.621
-288940.4,-68.403
-288818.4,-76.187
-288696.3,-65.035
-288574.2,-64.624
-288452.1,-75.880
-288330.1,-77.398
-288208.0,-67.319
-288085.9,-67.570
-287963.9,-77.230
-287841.8,-76.056
-287719.7,-68.274
-287597.7,-69.359
-287475.6,-78.389
-287353.5,-68.012
-287231.4,-58.565
-287109.4,-61.114
-286987.3,-75.661
-286865.2,-67.521
-286743.2,-59.314
-286621.1,-62.952
-286499.0,-79.849
-286377.0,-73.881
-286254.9,-67.821
-286132.8,-71.843
-286010.7,-80.689
-285888.7,-72.787
-285766.6,-67.635
-285644.5,-72.257
-285522.5,-80.142
-285400.4,-65.400
-285278.3,-60.494
-285156.2,-66.971
-285034.2,-78.023
-284912.1,-74.172
-284790.0,-71.243
-284668.0,-76.319
-284545.9,-78.732
-284423.8,-62.966
-284301.8,-60.256
-284179.7,-69.508
-284057.6,-77.754
-283935.5,-63.179
-283813.5,-61.490
-283691.4,-71.596
-283569.3,-77.668
-283447.3,-66.111
-283325.2,-65.289
-283203.1,-74.481
-283081.1,-73.030
-282959.0,-61.673
-282836.9,-62.037
-282714.8,-75.151
-282592.8,-72.568
-282470.7,-61.829
-282348.6,-63.044
-282226.6,-76.678
-282104.5,-75.632
-281982.4,-66.562
-281860.4,-68.501
-281738.3,-78.600
-281616.2,-71.073
-281494.1,-62.826
-281372.1,-66.017
-281250.0,-77.640
-281127.9,-66.345
-281005.9,-59.091
-280883.8,-63.447
-280761.7,-79.281
-280639.6,-70.457
-280517.6,-64.554
-280395.5,-69.619
-280273.4,-80.504
-280151.4,-72.772
-280029.3,-67.862
-279907.2,-72.833
-279785.2,-77.767
-279663.1,-75.525
-279541.0,-72.912
-279418.9,-76.089
-279296.9,-74.961
-279174.8,-63.513
-279052.7,-60.610
-278930.7,-69.359
-278808.6,-76.707
-278686.5,-60.456
-278564.5,-58.419
-278442.4,-68.710
-278320.3,-78.701
-278198.2,-66.892
-278076.2,-65.930
-277954.1,-76.438
-277832.0,-78.796
-277710.0,-69.409
-277587.9,-69.431
-277465.8,-78.267
-277343.8,-69.318
-277221.7,-57.840
-277099.6,-58.842
-276977.5,-73.468
-276855.5,-71.255
-276733.4,-61.170
-276611.3,-63.117
-276489.3,-77.752
-276367.2,-69.718
-276245.1,-60.760
-276123.0,-63.712
-276001.0,-79.072
-275878.9,-78.006
-275756.8,-72.197
-275634.8,-75.176
-275512.7,-80.884
-275390.6,-66.993
-275268.6,-60.400
-275146.5,-65.403
-275024.4,-80.354
-274902.3,-65.881
-274780.3,-60.448
-274658.2,-66.649
-274536.1,-81.704
-274414.1,-63.473
-274292.0,-59.023
-274169.9,-66.472
-274047.9,-81.486
-273925.8,-67.714
-273803.7,-64.370
-273681.6,-72.673
-273559.6,-79.383
-273437.5,-64.568
-273315.4,-62.187
-273193.4,-71.563
-273071.3,-74.187
-272949.2,-58.497
-272827.1,-57.138
-272705.1,-68.413
-272583.0,-74.713
-272460.9,-62.055
-272338.9,-61.668
-272216.8,-73.980
-272094.7,-77.071
-271972.7,-65.623
-271850.6,-66.177
-271728.5,-78.807
-271606.4,-72.607
-271484.4,-61.899
-271362.3,-63.448
-271240.2,-75.696
-271118.2,-75.907
-270996.1,-68.788
-270874.0,-70.980
-270752.0,-80.937
-270629.9,-68.399
-270507.8,-60.162
-270385.7,-63.902
-270263.7,-81.702
-270141.6,-76.815
-270019.5,-70.775
-269897.5,-74.546
-269775.4,-79.195
-269653.3,-65.317
-269531.2,-59.419
-269409.2,-65.296
-269287.1,-81.407
-269165.0,-67.868
-269043.0,-63.201
-268920.9,-69.797
-268798.8,-79.760
-268676.8,-70.523
-268554.7,-67.197
-268432.6,-74.671
-268310.5,-78.435
-268188.5,-61.629
-268066.4,-58.925
-267944.3,-68.425
-267822.3,-79.052
-267700.2,-65.112
-267578.1,-63.398
-267456.1,-73.740
-267334.0,-76.393
-267211.9,-62.464
-267089.8,-61.833
-266967.8,-73.691
-266845.7,-67.853
-266723.6,-54.666
-266601.6,-54.993
-266479.5,-69.114
-266357.4,-69.726
-266235.4,-58.394
-266113.3,-59.739
-265991.2,-75.071
-265869.1,-78.453
-265747.1,-71.916
-265625.0,-74.024
-265502.9,-81.554
-265380.9,-63.735
-265258.8,-55.011
-265136.7,-58.406
-265014.6,-77.818
-264892.6,-69.688
-264770.5,-62.298
-264648.4,-66.581
-264526.4,-81.795
-264404.3,-71.364
-264282.2,-65.155
-264160.2,-70.361
-264038.1,-78.556
-263916.0,-60.031
-263793.9,-54.865
-263671.9,-61.619
-263549.8,-81.159
-263427.7,-69.163
-263305.7,-65.264
-263183.6,-72.404
-263061.5,-83.732
-262939.5,-74.828
-262817.4,-71.719
-262695.3,-77.510
-262573.2,-78.126
-262451.2,-63.763
-262329.1,-61.742
-262207.0,-71.678
-262085.0,-76.604
-261962.9,-63.182
-261840.8,-62.139
-261718.8,-72.724
-261596.7,-73.841
-261474.6,-61.703
-261352.5,-61.704
-261230.5,-74.642
-261108.4,-76.257
-260986.3,-65.109
-260864.3,-66.009
-260742.2,-78.526
-260620.1,-73.165
-260498.0,-63.013
-260376.0,-65.022
-260253.9,-78.208
-260131.8,-69.160
-260009.8,-60.165
-259887.7,-63.211
-259765.6,-80.754
-259643.6,-68.915
-259521.5,-61.099
-259399.4,-65.164
-259277.3,-79.997
-259155.3,-75.598
-259033.2,-69.635
-258911.1,-74.337
-258789.1,-83.020
-258667.0,-63.671
-258544.9,-58.060
-258422.9,-64.326
-258300.8,-81.003
-258178.7,-64.122
-258056.6,-59.625
-257934.6,-67.096
-257812.5,-79.889
-257690.4,-59.814
-257568.4,-56.407
-257446.3,-65.203
-257324.2,-76.588
-257202.1,-60.115
-257080.1,-57.767
-256958.0,-67.772
-256835.9,-80.045
-256713.9,-70.786
-256591.8,-69.546
-256469.7,-79.127
-256347.7,-75.145
-256225.6,-61.326
-256103.5,-60.995
-255981.4,-73.892
-255859.4,-77.684
-255737.3,-66.418
-255615.2,-67.090
-255493.2,-79.179
-255371.1,-71.350
-255249.0,-60.837
-255127.0,-62.495
-255004.9,-77.221
-254882.8,-66.134
-254760.7,-56.581
-254638.7,-59.309
-254516.6,-77.207
-254394.5,-78.624
-254272.5,-71.857
-254150.4,-75.130
-254028.3,-81.937
-253906.2,-74.770
-253784.2,-68.107
-253662.1,-72.574
-253540.0,-79.305
-253418.0,-67.072
-253295.9,-61.280
-253173.8,-67.213
-253051.8,-80.402
-252929.7,-62.626
-252807.6,-57.816
-252685.5,-64.908
-252563.5,-83.245
-252441.4,-69.582
-252319.3,-65.924
-252197.3,-73.732
-252075.2,-82.720
-251953.1,-78.090
-251831.1,-75.931
-251709.0,-80.954
-251586.9,-80.081
-251464.8,-66.251
-251342.8,-64.621
-251220.7,-75.060
-251098.6,-75.408
-250976.6,-61.132
-250854.5,-60.487
-250732.4,-72.763
-250610.4,-81.495
-250488.3,-74.815
-250366.2,-75.059
-250244.1,-79.331
-250122.1,-71.301
-250000.0,-60.007
-249877.9,-61.378
-249755.9,-76.399
-249633.8,-65.089
-249511.7,-54.976
-249389.6,-57.351
-249267.6,-75.021
-249145.5,-64.848
-249023.4,-56.081
-248901.4,-59.523
-248779.3,-79.144
-248657.2,-62.784
-248535.2,-55.272
-248413.1,-59.781
-248291.0,-82.229
-248168.9,-68.541
-248046.9,-62.327
-247924.8,-67.828
-247802.7,-81.081
-247680.7,-79.073
-247558.6,-75.877
-247436.5,-81.054
-247314.5,-82.607
-247192.4,-63.945
-247070.3,-59.875
-246948.2,-67.796
-246826.2,-83.729
-246704.1,-73.879
-246582.0,-71.042
-246460.0,-78.291
-246337.9,-83.223
-246215.8,-72.581
-246093.8,-70.695
-245971.7,-79.506
-245849.6,-74.230
-245727.5,-58.989
-245605.5,-57.996
-245483.4,-70.010
-245361.3,-75.700
-245239.3,-62.723
-245117.2,-62.784
-244995.1,-75.583
-244873.0,-66.392
-244751.0,-54.315
-244628.9,-55.333
-244506.8,-70.682
-244384.8,-69.750
-244262.7,-59.482
-244140.6,-61.547
-244018.6,-77.665
-243896.5,-70.338
-243774.4,-61.521
-243652.3,-64.586
-243530.3,-80.676
-243408.2,-70.116
-243286.1,-62.505
-243164.1,-66.470
-243042.0,-76.544
-242919.9,-68.559
-242797.9,-62.182
-242675.8,-67.401
-242553.7,-79.012
-242431.6,-69.183
-242309.6,-63.818
-242187.5,-69.837
-242065.4,-81.160
-241943.4,-68.631
-241821.3,-64.338
-241699.2,-71.717
-241577.1,-81.136
-241455.1,-62.956
-241333.0,-59.630
-241210.9,-68.256
-241088.9,-79.257
-240966.8,-63.495
-240844.7,-61.126
-240722.7,-70.863
-240600.6,-78.488
-240478.5,-65.343
-240356.4,-64.053
-240234.4,-75.067
-240112.3,-76.826
-239990.2,-63.497
-239868.2,-63.246
-239746.1,-75.936
-239624.0,-76.587
-239502.0,-65.068
-239379.9,-65.744
-239257.8,-79.015
-239135.7,-75.570
-239013.7,-65.748
-238891.6,-67.418
-238769.5,-78.184
-238647.5,-75.527
-238525.4,-67.849
-238403.3,-70.601
-238281.2,-81.367
-238159.2,-69.775
-238037.1,-61.787
-237915.0,-65.613
-237793.0,-81.396
-237670.9,-63.350
-237548.8,-56.318
-237426.8,-61.196
-237304.7,-81.665
-237182.6,-64.364
-237060.5,-58.546
-236938.5,-64.486
-236816.4,-80.044
-236694.3,-63.253
-236572.3,-58.512
-236450.2,-65.618
-236328.1,-79.511
-236206.1,-63.990
-236084.0,-60.406
-235961.9,-68.598
-235839.8,-79.530
-235717.8,-64.516
-235595.7,-61.868
-235473.6,-71.272
-235351.6,-76.042
-235229.5,-59.855
-235107.4,-58.219
-234985.4,-69.072
-234863.3,-74.964
-234741.2,-61.030
-234619.1,-60.406
-234497.1,-72.515
-234375.0,-72.121
-234252.9,-59.447
-234130.9,-59.796
-234008.8,-73.689
-233886.7,-75.644
-233764.6,-65.549
-233642.6,-66.908
-233520.5,-79.775
-233398.4,-71.008
-233276.4,-61.185
-233154.3,-63.537
-233032.2,-78.641
-232910.2,-68.904
-232788.1,-60.482
-232666.0,-63.895
-232543.9,-79.614
-232421.9,-77.081
-232299.8,-73.167
-232177.7,-76.706
-232055.7,-80.997
-231933.6,-64.288
-231811.5,-58.117
-231689.5,-63.685
-231567.4,-77.789
-231445.3,-70.026
-231323.2,-65.113
-231201.2,-71.188
-231079.1,-76.408
-230957.0,-69.763
-230835.0,-66.207
-230712.9,-73.368
-230590.8,-77.550
-230468.8,-61.026
-230346.7,-58.045
-230224.6,-67.156
-230102.5,-76.924
-229980.5,-62.359
-229858.4,-60.409
-229736.3,-70.583
-229614.3,-77.444
-229492.2,-64.878
-229370.1,-63.984
-229248.0,-74.507
-229126.0,-71.735
-229003.9,-60.116
-228881.8,-60.243
-228759.8,-73.377
-228637.7,-74.714
-228515.6,-65.607
-228393.6,-66.736
-228271.5,-77.491
-228149.4,-70.375
-228027.3,-60.526
-227905.3,-62.638
-227783.2,-76.519
-227661.1,-71.467
-227539.1,-63.631
-227417.0,-66.725
-227294.9,-79.063
-227172.9,-65.124
-227050.8,-57.638
-226928.7,-61.840
-226806.6,-77.659
-226684.6,-61.264
-226562.5,-54.641
-226440.4,-59.884
-226318.4,-79.114
-226196.3,-68.444
-226074.2,-63.349
-225952.1,-69.339
-225830.1,-78.727
-225708.0,-64.643
-225585.9,-60.433
-225463.9,-67.865
-225341.8,-75.804
-225219.7,-56.978
-225097.7,-53.667
-224975.6,-62.473
-224853.5,-77.730
-224731.4,-68.461
-224609.4,-66.379
-224487.3,-74.034
-224365.2,-74.992
-224243.2,-65.583
-224121.1,-64.585
-223999.0,-74.225
-223877.0,-73.975
-223754.9,-63.943
-223632.8,-64.121
-223510.7,-75.185
-223388.7,-66.364
-223266.6,-54.080
-223144.5,-54.787
-223022.5,-69.394
-222900.4,-68.650
-222778.3,-58.291
-222656.2,-60.046
-222534.2,-75.157
-222412.1,-68.588
-222290.0,-59.891
-222168.0,-62.768
-222045.9,-77.298
-221923.8,-62.687
-221801.8,-54.575
-221679.7,-58.397
-221557.6,-77.852
-221435.5,-65.036
-221313.5,-58.132
-221191.4,-62.801
-221069.3,-77.848
-220947.3,-65.733
-220825.2,-60.118
-220703.1,-65.894
-220581.1,-77.947
-220459.0,-60.706
-220336.9,-55.961
-220214.8,-63.062
-220092.8,-77.207
-219970.7,-63.182
-219848.6,-59.813
-219726.6,-67.670
-219604.5,-77.148
-219482.4,-64.818
-219360.4,-62.424
-219238.3,-70.912
-219116.2,-75.323
-218994.1,-61.778
-218872.1,-60.255
-218750.0,-70.447
-218627.9,-72.138
-218505.9,-58.833
-218383.8,-58.273
-218261.7,-70.037
-218139.6,-66.958
-218017.6,-54.095
-217895.5,-54.469
-217773.4,-68.491
-217651.4,-72.024
-217529.3,-61.583
-217407.2,-62.876
-217285.2,-75.751
-217163.1,-71.518
-217041.0,-62.484
-216918.9,-64.706
-216796.9,-76.750
-216674.8,-66.951
-216552.7,-58.740
-216430.7,-62.132
-216308.6,-77.193
-216186.5,-64.638
-216064.5,-57.338
-215942.4,-61.667
-215820.3,-77.085
-215698.2,-70.398
-215576.2,-64.871
-215454.1,-69.675
-215332.0,-78.070
-215210.0,-72.582
-215087.9,-69.312
-214965.8,-74.422
-214843.8,-76.833
-214721.7,-71.413
-214599.6,-70.457
-214477.5,-75.339
-214355.5,-75.994
-214233.4,-62.014
-214111.3,-59.139
-213989.3,-67.733
-213867.2,-76.650
-213745.1,-64.623
-213623.0,-62.746
-213501.0,-72.117
-213378.9,-75.759
-213256.8,-63.250
-213134.8,-62.472
-213012.7,-73.296
-212890.6,-69.847
-212768.6,-57.177
-212646.5,-57.250
-212524.4,-70.325
-212402.3,-72.501
-212280.3,-62.481
-212158.2,-63.359
-212036.1,-74.770
-211914.1,-73.096
-211792.0,-65.360
-211669.9,-67.337
-211547.9,-75.696
-211425.8,-68.749
-211303.7,-60.628
-211181.6,-63.743
-211059.6,-77.599
-210937.5,-70.167
-210815.4,-65.338
-210693.4,-69.015
-210571.3,-75.815
-210449.2,-69.012
-210327.1,-64.024
-210205.1,-68.997
-210083.0,-76.418
-209960.9,-68.170
-209838.9,-64.303
-209716.8,-70.619
-209594.7,-78.047
-209472.7,-67.599
-209350.6,-63.861
-209228.5,-70.897
-209106.4,-75.353
-208984.4,-58.041
-208862.3,-54.844
-208740.2,-63.573
-208618.2,-75.847
-208496.1,-65.672
-208374.0,-63.960
-208252.0,-72.484
-208129.9,-73.739
-208007.8,-60.012
-207885.7,-58.787
-207763.7,-70.015
-207641.6,-74.415
-207519.5,-65.155
-207397.5,-65.236
-207275.4,-75.446
-207153.3,-67.650
-207031.2,-55.653
-206909.2,-56.355
-206787.1,-70.118
-206665.0,-69.365
-206543.0,-59.398
-206420.9,-61.037
-206298.8,-74.428
-206176.8,-73.985
-206054.7,-68.157
-205932.6,-70.026
-205810.5,-77.127
-205688.5,-70.929
-205566.4,-64.974
-205444.3,-68.818
-205322.3,-78.284
-205200.2,-68.044
-205078.1,-61.836
-204956.1,-66.111
-204834.0,-75.214
-204711.9,-65.245
-204589.8,-59.901
-204467.8,-65.584
-204345.7,-75.615
-204223.6,-66.256
-204101.6,-62.264
-203979.5,-69.009
-203857.4,-76.819
-203735.4,-65.256
-203613.3,-62.296
-203491.2,-70.200
-203369.1,-76.268
-203247.1,-64.628
-203125.0,-62.324
-203002.9,-70.448
-202880.9,-73.158
-202758.8,-62.881
-202636.7,-61.672
-202514.6,-71.075
-202392.6,-71.953
-202270.5,-60.850
-202148.4,-60.458
-202026.4,-71.621
-201904.3,-70.018
-201782.2,-58.336
-201660.2,-58.814
-201538.1,-71.955
-201416.0,-72.678
-201293.9,-65.120
-201171.9,-66.811
-201049.8,-74.988
-200927.7,-67.923
-200805.7,-59.894
-200683.6,-62.522
-200561.5,-74.075
-200439.5,-68.402
-200317.4,-62.907
-200195.3,-66.913
-200073.2,-77.010
-199951.2,-65.738
-199829.1,-59.044
-199707.0,-63.552
-199585.0,-76.771
-199462.9,-63.490
-199340.8,-57.625
-199218.8,-63.214
-199096.7,-75.826
-198974.6,-60.014
-198852.5,-55.095
-198730.5,-61.775
-198608.4,-74.480
-198486.3,-60.441
-198364.3,-56.524
-198242.2,-64.082
-198120.1,-74.101
-197998.0,-67.859
-197876.0,-65.407
-197753.9,-71.843
-197631.8,-74.832
-197509.8,-66.025
-197387.7,-64.947
-197265.6,-72.808
-197143.6,-72.128
-197021.5,-59.861
-196899.4,-58.982
-196777.3,-69.391
-196655.3,-70.442
-196533.2,-61.598
-196411.1,-62.115
-196289.1,-72.777
-196167.0,-72.275
-196044.9,-66.004
-195922.9,-68.463
-195800.8,-75.304
-195678.7,-67.657
-195556.6,-58.760
-195434.6,-61.111
-195312.5,-74.320
-195190.4,-67.887
-195068.4,-60.410
-194946.3,-63.491
-194824.2,-73.792
-194702.1,-62.056
-194580.1,-54.633
-194458.0,-58.795
-194335.9,-74.948
-194213.9,-66.124
-194091.8,-60.054
-193969.7,-64.901
-193847.7,-75.206
-193725.6,-64.209
-193603.5,-59.182
-193481.4,-65.209
-193359.4,-74.707
-193237.3,-64.855
-193115.2,-61.242
-192993.2,-67.955
-192871.1,-72.642
-192749.0,-64.539
-192627.0,-62.432
-192504.9,-69.394
-192382.8,-73.968
-192260.7,-65.867
-192138.7,-64.937
-192016.6,-72.470
-191894.5,-72.382
-191772.5,-64.691
-191650.4,-65.180
-191528.3,-73.061
-191406.2,-70.416
-191284.2,-60.384
-191162.1,-60.653
-191040.0,-71.395
-190918.0,-67.086
-190795.9,-56.991
-190673.8,-57.973
-190551.8,-70.923
-190429.7,-68.928
-190307.6,-60.074
-190185.5,-62.004
-190063.5,-73.994
-189941.4,-65.218
-189819.3,-56.383
-189697.3,-59.184
-189575.2,-73.377
-189453.1,-65.814
-189331.1,-58.790
-189209.0,-62.531
-189086.9,-74.369
-188964.8,-63.022
-188842.8,-57.256
-188720.7,-62.114
-188598.6,-74.609
-188476.6,-67.610
-188354.5,-64.383
-188232.4,-69.601
-188110.4,-74.360
-187988.3,-65.947
-187866.2,-63.790
-187744.1,-69.776
-187622.1,-72.812
-187500.0,-60.527
-187377.9,-57.441
-187255.9,-65.498
-187133.8,-72.196
-187011.7,-57.460
-186889.6,-54.985
-186767.6,-64.255
-186645.5,-72.715
-186523.4,-64.136
-186401.4,-63.456
-186279.3,-71.547
-186157.2,-69.968
-186035.2,-58.211
-185913.1,-57.794
-185791.0,-68.901
-185668.9,-69.601
-185546.9,-60.359
-185424.8,-60.907
-185302.7,-70.878
-185180.7,-68.068
-185058.6,-58.897
-184936.5,-60.170
-184814.5,-71.650
-184692.4,-67.213
-184570.3,-58.981
-184448.2,-61.502
-184326.2,-73.294
-184204.1,-68.340
-184082.0,-63.391
-183960.0,-66.776
-183837.9,-72.814
-183715.8,-64.402
-183593.8,-58.798
-183471.7,-63.519
-183349.6,-73.678
-183227.5,-64.603
-183105.5,-59.849
-182983.4,-65.056
-182861.3,-73.358
-182739.3,-63.887
-182617.2,-59.719
-182495.1,-66.154
-182373.0,-72.708
-182251.0,-60.716
-182128.9,-57.188
-182006.8,-64.803
-181884.8,-71.365
-181762.7,-59.269
-181640.6,-56.548
-181518.6,-65.271
-181396.5,-71.697
-181274.4,-63.526
-181152.3,-62.250
-181030.3,-69.957
-180908.2,-71.529
-180786.1,-62.086
-180664.1,-61.671
-180542.0,-70.599
-180419.9,-69.666
-180297.9,-60.929
-180175.8,-61.213
-180053.7,-71.405
-179931.6,-68.646
-179809.6,-61.827
-179687.5,-63.099
-179565.4,-72.543
-179443.4,-67.160
-179321.3,-58.962
-179199.2,-61.169
-179077.1,-72.309
-178955.1,-68.221
-178833.0,-61.870
-178710.9,-64.843
-178588.9,-73.508
-178466.8,-65.943
-178344.7,-61.796
-178222.7,-66.431
-178100.6,-73.281
-177978.5,-63.053
-177856.4,-59.230
-177734.4,-65.070
-177612.3,-73.760
-177490.2,-63.256
-177368.2,-59.793
-177246.1,-66.320
-177124.0,-73.009
-177002.0,-63.946
-176879.9,-62.046
-176757.8,-69.399
-176635.7,-71.875
-176513.7,-58.010
-176391.6,-55.248
-176269.5,-63.985
-176147.5,-70.363
-176025.4,-57.128
-175903.3,-55.209
-175781.2,-64.911
-175659.2,-71.166
-175537.1,-60.310
-175415.0,-59.622
-175293.0,-69.533
-175170.9,-69.324
-175048.8,-59.162
-174926.8,-59.530
-174804.7,-70.857
-174682.6,-68.060
-174560.5,-58.267
-174438.5,-59.121
-174316.4,-70.774
-174194.3,-66.931
-174072.3,-57.179
-173950.2,-58.700
-173828.1,-71.163
-173706.1,-68.290
-173584.0,-60.159
-173461.9,-62.469
-173339.8,-72.702
-173217.8,-65.240
-173095.7,-58.443
-172973.6,-62.232
-172851.6,-72.776
-172729.5,-66.274
-172607.4,-62.631
-172485.4,-66.742
-172363.3,-73.102
-172241.2,-65.971
-172119.1,-63.582
-171997.1,-68.036
-171875.0,-72.936
-171752.9,-64.321
-171630.9,-61.091
-171508.8,-67.554
-171386.7,-73.680
-171264.6,-61.385
-171142.6,-58.064
-171020.5,-65.792
-170898.4,-72.006
-170776.4,-60.631
-170654.3,-58.282
-170532.2,-66.804
-170410.2,-71.200
-170288.1,-60.597
-170166.0,-59.076
-170043.9,-67.880
-169921.9,-71.342
-169799.8,-66.447
-169677.7,-66.396
-169555.7,-72.401
-169433.6,-71.653
-169311.5,-64.326
-169189.5,-64.993
-169067.4,-72.367
-168945.3,-69.109
-168823.2,-62.979
-168701.2,-64.759
-168579.1,-71.845
-168457.0,-68.348
-168335.0,-64.437
-168212.9,-67.501
-168090.8,-72.087
-167968.8,-66.416
-167846.7,-61.237
-167724.6,-65.459
-167602.5,-74.019
-167480.5,-66.755
-167358.4,-61.866
-167236.3,-66.578
-167114.3,-73.025
-166992.2,-63.525
-166870.1,-59.280
-166748.0,-64.928
-166626.0,-71.420
-166503.9,-62.619
-166381.8,-59.245
-166259.8,-65.820
-166137.7,-71.262
-166015.6,-62.151
-165893.6,-59.344
-165771.5,-66.921
-165649.4,-72.845
-165527.3,-63.441
-165405.3,-61.569
-165283.2,-69.448
-165161.1,-70.446
-165039.1,-59.784
-164917.0,-58.592
-164794.9,-68.179
-164672.9,-68.737
-164550.8,-60.331
-164428.7,-60.641
-164306.6,-70.198
-164184.6,-68.443
-164062.5,-60.498
-163940.4,-61.473
-163818.4,-71.241
-163696.3,-69.884
-163574.2,-62.451
-163452.1,-64.098
-163330.1,-73.071
-163208.0,-66.377
-163085.9,-57.827
-162963.9,-60.018
-162841.8,-71.793
-162719.7,-64.581
-162597.7,-58.676
-162475.6,-62.333
-162353.5,-72.393
-162231.4,-63.949
-162109.4,-59.512
-161987.3,-64.684
-161865.2,-72.466
-161743.2,-65.442
-161621.1,-62.285
-161499.0,-68.483
-161377.0,-73.278
-161254.9,-62.799
-161132.8,-58.797
-161010.7,-64.867
-160888.7,-72.360
-160766.6,-59.544
-160644.5,-55.572
-160522.5,-62.829
-160400.4,-71.358
-160278.3,-61.271
-160156.2,-58.445
-160034.2,-66.062
-159912.1,-70.616
-159790.0,-63.626
-159668.0,-63.194
-159545.9,-70.843
-159423.8,-70.522
-159301.8,-61.054
-159179.7,-60.538
-159057.6,-69.315
-158935.5,-70.379
-158813.5,-63.564
-158691.4,-63.235
-158569.3,-70.277
-158447.3,-68.318
-158325.2,-60.889
-158203.1,-61.806
-158081.1,-70.796
-157959.0,-67.021
-157836.9,-60.984
-157714.8,-63.414
-157592.8,-72.919
-157470.7,-66.915
-157348.6,-61.504
-157226.6,-64.824
-157104.5,-71.840
-156982.4,-65.724
-156860.4,-62.767
-156738.3,-67.535
-156616.2,-71.598
-156494.1,-63.045
-156372.1,-59.732
-156250.0,-65.619
-156127.9,-71.500
-156005.9,-61.466
-155883.8,-58.195
-155761.7,-64.923
-155639.6,-72.194
-155517.6,-61.993
-155395.5,-59.154
-155273.4,-66.240
-155151.4,-70.751
-155029.3,-60.173
-154907.2,-57.486
-154785.2,-65.413
-154663.1,-70.458
-154541.0,-59.033
-154418.9,-56.860
-154296.9,-65.580
-154174.8,-68.873
-154052.7,-59.818
-153930.7,-59.365
-153808.6,-68.491
-153686.5,-67.831
-153564.5,-59.927
-153442.4,-61.499
-153320.3,-70.925
-153198.2,-66.898
-153076.2,-59.507
-152954.1,-60.997
-152832.0,-70.620
-152710.0,-67.047
-152587.9,-60.369
-152465.8,-62.373
-152343.8,-70.605
-152221.7,-64.886
-152099.6,-56.491
-151977.5,-58.968
-151855.5,-71.071
-151733.4,-65.584
-151611.3,-59.346
-151489.3,-62.650
-151367.2,-71.728
-151245.1,-63.190
-151123.0,-58.824
-151001.0,-63.777
-150878.9,-71.546
-150756.8,-63.431
-150634.8,-60.748
-150512.7,-66.460
-150390.6,-70.851
-150268.6,-63.620
-150146.5,-60.794
-150024.4,-66.267
-149902.3,-70.459
-149780.3,-61.913
-149658.2,-59.360
-149536.1,-66.352
-149414.1,-70.261
-149292.0,-59.823
-149169.9,-57.933
-149047.9,-66.227
-148925.8,-68.996
-148803.7,-60.660
-148681.6,-60.581
-148559.6,-68.847
-148437.5,-67.944
-148315.4,-60.539
-148193.4,-61.290
-148071.3,-69.646
-147949.2,-67.301
-147827.1,-60.262
-147705.1,-61.790
-147583.0,-70.705
-147460.9,-66.328
-147338.9,-58.410
-147216.8,-60.058
-147094.7,-70.601
-146972.7,-65.437
-146850.6,-58.980
-146728.5,-61.935
-146606.4,-71.079
-146484.4,-63.804
-146362.3,-58.462
-146240.2,-62.517
-146118.2,-71.358
-145996.1,-62.751
-145874.0,-58.907
-145752.0,-64.498
-145629.9,-71.607
-145507.8,-61.712
-145385.7,-57.667
-145263.7,-63.502
-145141.6,-71.247
-145019.5,-61.688
-144897.5,-58.361
-144775.4,-64.777
-144653.3,-70.494
-144531.2,-60.014
-144409.2,-57.429
-144287.1,-64.997
-144165.0,-70.639
-144043.0,-59.878
-143920.9,-57.231
-143798.8,-65.373
-143676.8,-70.227
-143554.7,-62.342
-143432.6,-60.980
-143310.5,-68.197
-143188.5,-68.876
-143066.4,-59.596
-142944.3,-59.312
-142822.3,-68.648
-142700.2,-67.072
-142578.1,-59.960
-142456.1,-61.680
-142334.0,-70.681
-142211.9,-65.503
-142089.8,-59.164
-141967.8,-62.479
-141845.7,-71.603
-141723.6,-64.521
-141601.6,-58.478
-141479.5,-62.299
-141357.4,-71.346
-141235.4,-63.359
-141113.3,-57.311
-140991.2,-61.458
-140869.1,-71.766
-140747.1,-63.273
-140625.0,-56.495
-140502.9,-60.406
-140380.9,-72.287
-140258.8,-63.894
-140136.7,-58.243
-140014.6,-62.795
-139892.6,-72.284
-139770.5,-61.980
-139648.4,-57.019
-139526.4,-62.728
-139404.3,-71.479
-139282.2,-63.974
-139160.2,-60.884
-139038.1,-66.310
-138916.0,-70.524
-138793.9,-62.698
-138671.9,-62.253
-138549.8,-68.191
-138427.7,-69.792
-138305.7,-60.521
-138183.6,-60.651
-138061.5,-68.663
-137939.5,-70.463
-137817.4,-61.765
-137695.3,-60.915
-137573.2,-68.540
-137451.2,-69.358
-137329.1,-62.109
-137207.0,-62.338
-137085.0,-69.579
-136962.9,-67.951
-136840.8,-58.755
-136718.8,-59.525
-136596.7,-69.451
-136474.6,-69.160
-136352.5,-62.115
-136230.5,-63.335
-136108.4,-70.911
-135986.3,-68.211
-135864.3,-64.012
-135742.2,-66.288
-135620.1,-70.586
-135498.0,-65.945
-135376.0,-62.267
-135253.9,-66.338
-135131.8,-71.038
-135009.8,-65.682
-134887.7,-61.891
-134765.6,-65.988
-134643.6,-70.743
-134521.5,-65.892
-134399.4,-63.480
-134277.3,-67.945
-134155.3,-70.626
-134033.2,-63.502
-133911.1,-62.013
-133789.1,-68.592
-133667.0,-69.793
-133544.9,-62.086
-133422.9,-61.080
-133300.8,-68.585
-133178.7,-69.320
-133056.6,-63.228
-132934.6,-62.734
-132812.5,-69.011
-132690.4,-68.978
-132568.4,-62.310
-132446.3,-62.949
-132324.2,-69.995
-132202.1,-67.313
-132080.1,-59.264
-131958.0,-60.584
-131835.9,-70.609
-131713.9,-65.164
-131591.8,-58.474
-131469.7,-61.845
-131347.7,-71.974
-131225.6,-63.560
-131103.5,-57.296
-130981.4,-61.582
-130859.4,-71.079
-130737.3,-64.797
-130615.2,-58.344
-130493.2,-61.562
-130371.1,-71.366
-130249.0,-65.085
-130127.0,-58.491
-130004.9,-61.784
-129882.8,-72.217
-129760.7,-63.473
-129638.7,-56.842
-129516.6,-60.917
-129394.5,-72.196
-129272.5,-63.326
-129150.4,-59.398
-129028.3,-64.611
-128906.2,-70.336
-128784.2,-62.955
-128662.1,-62.200
-128540.0,-68.843
-128418.0,-70.168
-128295.9,-63.286
-128173.8,-63.259
-128051.8,-69.392
-127929.7,-71.312
-127807.6,-62.480
-127685.5,-61.106
-127563.5,-67.509
-127441.4,-68.960
-127319.3,-59.858
-127197.3,-60.082
-127075.2,-68.835
-126953.1,-65.374
-126831.1,-57.331
-126709.0,-59.878
-126586.9,-70.991
-126464.8,-63.262
-126342.8,-55.479
-126220.7,-58.812
-126098.6,-71.219
-125976.6,-66.393
-125854.5,-58.240
-125732.4,-60.400
-125610.4,-69.756
-125488.3,-66.193
-125366.2,-58.026
-125244.1,-60.236
-125122.1,-71.197
-125000.0,-63.332
-124877.9,-55.454
-124755.9,-58.456
-124633.8,-72.230
-124511.7,-62.889
-124389.6,-57.424
-124267.6,-61.683
-124145.5,-71.816
-124023.4,-63.738
-123901.4,-60.789
-123779.3,-66.628
-123657.2,-70.841
-123535.2,-62.489
-123413.1,-60.045
-123291.0,-66.620
-123168.9,-71.568
-123046.9,-62.413
-122924.8,-58.917
-122802.7,-64.694
-122680.7,-72.115
-122558.6,-63.272
-122436.5,-60.314
-122314.5,-66.196
-122192.4,-71.016
-122070.3,-63.520
-121948.2,-61.436
-121826.2,-68.552
-121704.1,-69.823
-121582.0,-64.690
-121460.0,-63.677
-121337.9,-69.857
-121215.8,-69.454
-121093.8,-64.063
-120971.7,-64.649
-120849.6,-69.298
-120727.5,-68.189
-120605.5,-62.314
-120483.4,-64.963
-120361.3,-69.929
-120239.3,-66.802
-120117.2,-62.612
-119995.1,-66.265
-119873.0,-71.308
-119751.0,-65.898
-119628.9,-62.855
-119506.8,-67.104
-119384.8,-71.459
-119262.7,-64.337
-119140.6,-60.067
-119018.6,-64.949
-118896.5,-70.425
-118774.4,-65.406
-118652.3,-61.380
-118530.3,-66.150
-118408.2,-70.085
-118286.1,-62.707
-118164.1,-61.287
-118042.0,-68.387
-117919.9,-69.801
-117797.9,-59.129
-117675.8,-57.883
-117553.7,-67.053
-117431.6,-70.439
-117309.6,-63.118
-117187.5,-61.739
-117065.4,-68.765
-116943.4,-69.725
-116821.3,-63.304
-116699.2,-62.577
-116577.1,-69.816
-116455.1,-68.002
-116333.0,-59.697
-116210.9,-59.516
-116088.9,-68.816
-115966.8,-66.102
-115844.7,-58.424
-115722.7,-60.429
-115600.6,-70.800
-115478.5,-64.418
-115356.4,-57.431
-115234.4,-61.204
-115112.3,-72.655
-114990.2,-65.203
-114868.2,-59.643
-114746.1,-63.615
-114624.0,-72.592
-114502.0,-62.053
-114379.9,-56.246
-114257.8,-60.792
-114135.7,-71.553
-114013.7,-62.520
-113891.6,-56.721
-113769.5,-60.883
-113647.5,-72.137
-113525.4,-62.405
-113403.3,-58.224
-113281.2,-63.796
-113159.2,-72.771
-113037.1,-61.179
-112915.0,-57.489
-112793.0,-64.163
-112670.9,-72.106
-112548.8,-61.239
-112426.8,-58.203
-112304.7,-64.740
-112182.6,-70.578
-112060.5,-61.372
-111938.5,-59.416
-111816.4,-66.270
-111694.3,-70.662
-111572.3,-61.454
-111450.2,-60.159
-111328.1,-68.049
-111206.1,-71.443
-111084.0,-61.917
-110961.9,-61.042
-110839.8,-69.413
-110717.8,-69.794
-110595.7,-62.232
-110473.6,-62.120
-110351.6,-69.054
-110229.5,-67.849
-110107.4,-62.173
-109985.4,-63.494
-109863.3,-70.048
-109741.2,-65.885
-109619.1,-59.512
-109497.1,-62.810
-109375.0,-71.531
-109252.9,-68.965
-109130.9,-63.377
-109008.8,-65.518
-108886.7,-72.321
-108764.6,-65.456
-108642.6,-61.457
-108520.5,-65.885
-108398.4,-70.906
-108276.4,-61.419
-108154.3,-57.602
-108032.2,-63.855
-107910.2,-70.652
-107788.1,-61.845
-107666.0,-58.845
-107543.9,-65.607
-107421.9,-72.217
-107299.8,-63.794
-107177.7,-61.419
-107055.7,-67.886
-106933.6,-71.590
-106811.5,-61.706
-106689.5,-59.650
-106567.4,-66.960
-106445.3,-69.928
-106323.2,-61.607
-106201.2,-59.911
-106079.1,-67.241
-105957.0,-70.035
-105835.0,-63.834
-105712.9,-63.063
-105590.8,-69.734
-105468.8,-70.299
-105346.7,-62.882
-105224.6,-63.783
-105102.5,-70.904
-104980.5,-67.444
-104858.4,-60.028
-104736.3,-62.206
-104614.3,-70.428
-104492.2,-64.752
-104370.1,-58.591
-104248.0,-62.226
-104126.0,-70.895
-104003.9,-63.721
-103881.8,-58.083
-103759.8,-62.792
-103637.7,-72.100
-103515.6,-66.009
-103393.6,-60.503
-103271.5,-64.537
-103149.4,-71.467
-103027.3,-66.057
-102905.3,-60.737
-102783.2,-64.517
-102661.1,-70.878
-102539.1,-64.159
-102417.0,-60.121
-102294.9,-64.747
-102172.9,-70.708
-102050.8,-61.758
-101928.7,-59.406
-101806.6,-66.546
-101684.6,-71.498
-101562.5,-63.389
-101440.4,-62.130
-101318.4,-69.630
-101196.3,-70.507
-101074.2,-63.646
-100952.1,-63.140
-100830.1,-69.639
-100708.0,-68.125
-100585.9,-59.404
-100463.9,-59.775
-100341.8,-68.553
-100219.7,-68.103
-100097.7,-60.759
-99975.6,-61.655
-99853.5,-70.355
-99731.4,-67.282
-99609.4,-59.845
-99487.3,-62.293
-99365.2,-72.416
-99243.2,-67.977
-99121.1,-62.526
-98999.0,-64.207
-98877.0,-71.345
-98754.9,-66.177
-98632.8,-61.399
-98510.7,-63.998
-98388.7,-70.438
-98266.6,-62.824
-98144.5,-57.835
-98022.5,-62.876
-97900.4,-72.105
-97778.3,-63.336
-97656.2,-59.490
-97534.2,-65.428
-97412.1,-72.406
-97290.0,-60.035
-97168.0,-57.161
-97045.9,-65.177
-96923.8,-70.618
-96801.8,-58.315
-96679.7,-55.864
-96557.6,-64.110
-96435.5,-69.620
-96313.5,-60.111
-96191.4,-58.187
-96069.3,-65.944
-95947.3,-70.211
-95825.2,-59.382
-95703.1,-58.170
-95581.1,-67.235
-95459.0,-69.272
-95336.9,-58.933
-95214.8,-58.252
-95092.8,-67.752
-94970.7,-68.333
-94848.6,-60.258
-94726.6,-60.235
-94604.5,-68.792
-94482.4,-65.504
-94360.4,-57.514
-94238.3,-59.425
-94116.2,-70.031
-93994.1,-67.904
-93872.1,-61.114
-93750.0,-62.572
-93627.9,-71.258
-93505.9,-63.673
-93383.8,-57.019
-93261.7,-60.782
-93139.6,-71.471
-93017.6,-62.102
-92895.5,-56.525
-92773.4,-61.256
-92651.4,-71.468
-92529.3,-60.749
-92407.2,-56.279
-92285.2,-62.023
-92163.1,-71.730
-92041.0,-63.533
-91918.9,-59.439
-91796.9,-64.612
-91674.8,-71.883
-91552.7,-63.019
-91430.7,-59.030
-91308.6,-64.437
-91186.5,-71.088
-91064.5,-61.236
-90942.4,-58.842
-90820.3,-65.398
-90698.2,-68.888
-90576.2,-56.864
-90454.1,-56.103
-90332.0,-65.833
-90210.0,-68.074
-90087.9,-56.782
-89965.8,-56.940
-89843.8,-68.005
-89721.7,-69.445
-89599.6,-61.583
-89477.5,-61.415
-89355.5,-68.969
-89233.4,-67.329
-89111.3,-58.772
-88989.3,-59.535
-88867.2,-68.571
-88745.1,-67.402
-88623.0,-59.023
-88501.0,-59.961
-88378.9,-69.241
-88256.8,-68.504
-88134.8,-62.287
-88012.7,-63.579
-87890.6,-71.298
-87768.6,-66.182
-87646.5,-61.756
-87524.4,-65.538
-87402.3,-71.124
-87280.3,-64.058
-87158.2,-59.610
-87036.1,-64.034
-86914.1,-70.271
-86792.0,-65.550
-86669.9,-62.208
-86547.9,-65.962
-86425.8,-70.535
-86303.7,-63.181
-86181.6,-60.903
-86059.6,-67.477
-85937.5,-70.766
-85815.4,-59.307
-85693.4,-57.657
-85571.3,-66.614
-85449.2,-69.471
-85327.1,-58.644
-85205.1,-57.783
-85083.0,-66.755
-84960.9,-68.542
-84838.9,-60.045
-84716.8,-60.011
-84594.7,-68.383
-84472.7,-67.973
-84350.6,-59.382
-84228.5,-59.897
-84106.4,-69.631
-83984.4,-66.128
-83862.3,-56.850
-83740.2,-58.371
-83618.2,-70.025
-83496.1,-64.347
-83374.0,-56.307
-83252.0,-58.967
-83129.9,-69.681
-83007.8,-62.290
-82885.7,-55.173
-82763.7,-58.988
-82641.6,-70.940
-82519.5,-64.249
-82397.5,-58.515
-82275.4,-62.190
-82153.3,-72.372
-82031.2,-64.554
-81909.2,-58.945
-81787.1,-62.789
-81665.0,-72.374
-81543.0,-59.853
-81420.9,-55.327
-81298.8,-61.457
-81176.8,-70.471
-81054.7,-59.948
-80932.6,-56.727
-80810.5,-63.592
-80688.5,-69.918
-80566.4,-56.775
-80444.3,-54.576
-80322.3,-63.660
-80200.2,-71.272
-80078.1,-60.295
-79956.1,-58.217
-79834.0,-66.047
-79711.9,-71.864
-79589.8,-63.979
-79467.8,-61.148
-79345.7,-66.951
-79223.6,-68.483
-79101.6,-60.807
-78979.5,-60.448
-78857.4,-67.985
-78735.4,-65.506
-78613.3,-55.818
-78491.2,-57.097
-78369.1,-68.884
-78247.1,-66.941
-78125.0,-58.751
-78002.9,-60.909
-77880.9,-70.534
-77758.8,-66.337
-77636.7,-59.448
-77514.6,-62.511
-77392.6,-70.447
-77270.5,-60.515
-77148.4,-53.890
-77026.4,-58.333
-76904.3,-70.678
-76782.2,-65.962
-76660.2,-60.426
-76538.1,-63.072
-76416.0,-71.834
-76293.9,-65.695
-76171.9,-61.382
-76049.8,-65.797
-75927.7,-71.826
-75805.7,-65.019
-75683.6,-61.016
-75561.5,-65.824
-75439.5,-70.251
-75317.4,-58.064
-75195.3,-55.388
-75073.2,-63.247
-74951.2,-69.453
-74829.1,-58.785
-74707.0,-57.573
-74585.0,-66.439
-74462.9,-68.871
-74340.8,-56.332
-74218.8,-55.716
-74096.7,-66.859
-73974.6,-70.039
-73852.5,-60.982
-73730.5,-60.398
-73608.4,-68.849
-73486.3,-68.556
-73364.3,-61.197
-73242.2,-61.184
-73120.1,-68.397
-72998.0,-63.576
-72876.0,-54.397
-72753.9,-56.544
-72631.8,-69.636
-72509.8,-68.877
-72387.7,-61.734
-72265.6,-62.958
-72143.6,-71.707
-72021.5,-66.691
-71899.4,-61.131
-71777.3,-64.614
-71655.3,-72.320
-71533.2,-61.624
-71411.1,-55.803
-71289.1,-60.602
-71167.0,-70.579
-71044.9,-65.343
-70922.9,-61.142
-70800.8,-64.576
-70678.7,-71.877
-70556.6,-64.712
-70434.6,-61.746
-70312.5,-67.606
-70190.4,-72.014
-70068.4,-59.462
-69946.3,-56.715
-69824.2,-64.929
-69702.1,-70.912
-69580.1,-57.893
-69458.0,-56.046
-69335.9,-64.919
-69213.9,-67.382
-69091.8,-54.781
-68969.7,-54.016
-68847.7,-65.110
-68725.6,-68.351
-68603.5,-56.782
-68481.4,-56.688
-68359.4,-68.159
-68237.3,-69.097
-68115.2,-59.711
-67993.2,-59.889
-67871.1,-69.813
-67749.0,-69.223
-67627.0,-61.075
-67504.9,-61.310
-67382.8,-70.018
-67260.7,-66.832
-67138.7,-59.998
-67016.6,-61.495
-66894.5,-70.734
-66772.5,-66.167
-66650.4,-59.322
-66528.3,-62.682
-66406.2,-73.238
-66284.2,-60.748
-66162.1,-54.563
-66040.0,-59.700
-65918.0,-73.715
-65795.9,-62.206
-65673.8,-57.312
-65551.8,-63.038
-65429.7,-72.188
-65307.6,-56.728
-65185.5,-52.515
-65063.5,-59.817
-64941.4,-72.487
-64819.3,-63.057
-64697.3,-59.250
-64575.2,-65.511
-64453.1,-72.654
-64331.1,-59.250
-64209.0,-56.672
-64086.9,-64.810
-63964.8,-71.717
-63842.8,-59.088
-63720.7,-57.494
-63598.6,-66.456
-63476.6,-69.675
-63354.5,-58.164
-63232.4,-57.389
-63110.4,-66.721
-62988.3,-69.274
-62866.2,-58.927
-62744.1,-59.319
-62622.1,-69.940
-62500.0,-72.290
-62377.9,-63.957
-62255.9,-63.470
-62133.8,-70.366
-62011.7,-70.076
-61889.6,-62.302
-61767.6,-63.499
-61645.5,-71.545
-61523.4,-68.486
-61401.4,-61.667
-61279.3,-63.724
-61157.2,-70.746
-61035.2,-69.113
-60913.1,-64.143
-60791.0,-66.943
-60668.9,-73.327
-60546.9,-67.780
-60424.8,-63.143
-60302.7,-67.438
-60180.7,-72.853
-60058.6,-66.715
-59936.5,-63.124
-59814.5,-68.166
-59692.4,-73.115
-59570.3,-60.219
-59448.2,-56.741
-59326.2,-64.210
-59204.1,-71.320
-59082.0,-66.517
-58960.0,-65.277
-58837.9,-71.090
-58715.8,-72.198
-58593.8,-61.072
-58471.7,-59.705
-58349.6,-69.307
-58227.5,-71.379
-58105.5,-62.380
-57983.4,-61.985
-57861.3,-70.957
-57739.3,-71.661
-57617.2,-63.802
-57495.1,-63.830
-57373.0,-70.658
-57251.0,-66.781
-57128.9,-57.911
-57006.8,-59.703
-56884.8,-72.191
-56762.7,-67.711
-56640.6,-59.552
-56518.6,-61.971
-56396.5,-73.541
-56274.4,-63.216
-56152.3,-55.152
-56030.3,-58.750
-55908.2,-74.230
-55786.1,-66.022
-55664.1,-59.603
-55542.0,-63.842
-55419.9,-73.236
-55297.9,-57.462
-55175.8,-51.485
-55053.7,-57.161
-54931.6,-74.001
-54809.6,-63.992
-54687.5,-59.188
-54565.4,-64.850
-54443.4,-75.106
-54321.3,-62.188
-54199.2,-58.167
-54077.1,-64.859
-53955.1,-74.847
-53833.0,-65.073
-53710.9,-61.700
-53588.9,-68.151
-53466.8,-72.980
-53344.7,-65.072
-53222.7,-62.340
-53100.6,-68.003
-52978.5,-69.161
-52856.4,-55.780
-52734.4,-55.022
-52612.3,-66.581
-52490.2,-69.326
-52368.2,-57.148
-52246.1,-57.235
-52124.0,-69.072
-52002.0,-70.037
-51879.9,-59.656
-51757.8,-60.586
-51635.7,-71.794
-51513.7,-67.321
-51391.6,-58.360
-51269.5,-60.173
-51147.5,-71.100
-51025.4,-69.847
-50903.3,-63.776
-50781.2,-65.300
-50659.2,-73.618
-50537.1,-64.344
-50415.0,-57.021
-50293.0,-61.047
-50170.9,-74.273
-50048.8,-67.107
-49926.8,-61.280
-49804.7,-65.934
-49682.6,-74.800
-49560.5,-59.659
-49438.5,-54.523
-49316.4,-60.893
-49194.3,-72.498
-49072.3,-57.126
-48950.2,-52.937
-48828.1,-60.428
-48706.1,-74.108
-48584.0,-63.566
-48461.9,-60.094
-48339.8,-67.090
-48217.8,-74.455
-48095.7,-64.886
-47973.6,-62.403
-47851.6,-69.783
-47729.5,-73.022
-47607.4,-62.006
-47485.4,-60.502
-47363.3,-68.883
-47241.2,-70.529
-47119.1,-60.375
-46997.1,-59.915
-46875.0,-69.621
-46752.9,-71.219
-46630.9,-62.600
-46508.8,-63.571
-46386.7,-73.257
-46264.6,-69.575
-46142.6,-60.416
-46020.5,-62.316
-45898.4,-73.569
-45776.4,-66.631
-45654.3,-58.203
-45532.2,-60.959
-45410.2,-72.570
-45288.1,-61.566
-45166.0,-53.933
-45043.9,-57.875
-44921.9,-73.492
-44799.8,-60.835
-44677.7,-54.193
-44555.7,-59.233
-44433.6,-75.765
-44311.5,-62.905
-44189.5,-57.353
-44067.4,-63.102
-43945.3,-75.424
-43823.2,-60.396
-43701.2,-55.888
-43579.1,-62.705
-43457.0,-73.106
-43335.0,-57.291
-43212.9,-53.822
-43090.8,-61.929
-42968.8,-72.428
-42846.7,-56.906
-42724.6,-54.345
-42602.5,-63.758
-42480.5,-73.194
-42358.4,-59.574
-42236.3,-57.965
-42114.3,-68.061
-41992.2,-71.701
-41870.1,-60.002
-41748.0,-59.393
-41626.0,-69.520
-41503.9,-66.182
-41381.8,-53.975
-41259.8,-54.457
-41137.7,-67.696
-41015.6,-69.920
-40893.6,-59.651
-40771.5,-60.662
-40649.4,-72.342
-40527.3,-70.927
-40405.3,-62.215
-40283.2,-64.093
-40161.1,-74.578
-40039.1,-70.319
-39917.0,-64.092
-39794.9,-66.687
-39672.9,-74.359
-39550.8,-63.820
-39428.7,-56.803
-39306.6,-61.074
-39184.6,-74.680
-39062.5,-64.045
-38940.4,-58.113
-38818.4,-63.468
-38696.3,-75.320
-38574.2,-64.739
-38452.1,-60.193
-38330.1,-66.624
-38208.0,-74.491
-38085.9,-57.041
-37963.9,-53.249
-37841.8,-61.332
-37719.7,-74.378
-37597.7,-66.866
-37475.6,-64.096
-37353.5,-69.846
-37231.4,-75.055
-37109.4,-66.443
-36987.3,-64.555
-36865.2,-72.066
-36743.2,-72.977
-36621.1,-60.490
-36499.0,-59.665
-36377.0,-70.267
-36254.9,-70.322
-36132.8,-58.383
-36010.7,-58.545
-35888.7,-70.385
-35766.6,-66.332
-35644.5,-55.336
-35522.5,-56.638
-35400.4,-70.708
-35278.3,-68.840
-35156.2,-59.527
-35034.2,-61.692
-34912.1,-74.845
-34790.0,-69.121
-34668.0,-61.211
-34545.9,-64.223
-34423.8,-75.869
-34301.8,-63.645
-34179.7,-56.332
-34057.6,-60.571
-33935.5,-75.353
-33813.5,-60.910
-33691.4,-54.695
-33569.3,-60.059
-33447.3,-75.909
-33325.2,-61.949
-33203.1,-56.755
-33081.1,-63.157
-32959.0,-77.004
-32836.9,-68.124
-32714.8,-64.463
-32592.8,-70.702
-32470.7,-75.573
-32348.6,-60.507
-32226.6,-57.479
-32104.5,-65.931
-31982.4,-71.240
-31860.4,-54.804
-31738.3,-52.729
-31616.2,-63.026
-31494.1,-74.787
-31372.1,-68.041
-31250.0,-66.853
-31127.9,-74.091
-31005.9,-70.840
-30883.8,-57.823
-30761.7,-57.762
-30639.6,-70.360
-30517.6,-70.381
-30395.5,-59.784
-30273.4,-60.720
-30151.4,-72.785
-30029.3,-63.464
-29907.2,-52.943
-29785.2,-54.844
-29663.1,-70.405
-29541.0,-62.735
-29418.9,-53.555
-29296.9,-56.525
-29174.8,-74.376
-29052.7,-63.861
-28930.7,-56.006
-28808.6,-59.952
-28686.5,-76.870
-28564.5,-59.436
-28442.4,-52.674
-28320.3,-57.750
-28198.2,-77.150
-28076.2,-65.640
-27954.1,-59.990
-27832.0,-65.237
-27710.0,-76.506
-27587.9,-62.276
-27465.8,-57.701
-27343.8,-64.698
-27221.7,-77.755
-27099.6,-69.754
-26977.5,-66.103
-26855.5,-71.782
-26733.4,-76.192
-26611.3,-62.357
-26489.3,-59.936
-26367.2,-68.703
-26245.1,-72.373
-26123.0,-57.163
-26001.0,-55.735
-25878.9,-66.521
-25756.8,-72.869
-25634.8,-60.265
-25512.7,-59.792
-25390.6,-71.036
-25268.6,-73.465
-25146.5,-63.364
-25024.4,-64.017
-24902.3,-74.289
-24780.3,-64.422
-24658.2,-53.365
-24536.1,-54.947
-24414.1,-70.525
-24292.0,-74.135
-24169.9,-67.069
-24047.9,-68.737
-23925.8,-76.267
-23803.7,-65.880
-23681.6,-57.778
-23559.6,-61.360
-23437.5,-76.893
-23315.4,-65.770
-23193.4,-58.928
-23071.3,-63.588
-22949.2,-78.257
-22827.1,-62.588
-22705.1,-56.603
-22583.0,-62.314
-22460.9,-77.819
-22338.9,-60.483
-22216.8,-55.586
-22094.7,-62.599
-21972.7,-76.754
-21850.6,-60.270
-21728.5,-56.483
-21606.4,-64.535
-21484.4,-75.548
-21362.3,-58.835
-21240.2,-56.097
-21118.2,-65.486
-20996.1,-74.841
-20874.0,-60.157
-20752.0,-58.456
-20629.9,-68.742
-20507.8,-75.118
-20385.7,-64.295
-20263.7,-63.626
-20141.6,-73.854
-20019.5,-70.496
-19897.5,-57.898
-19775.4,-58.154
-19653.3,-71.232
-19531.2,-65.564
-19409.2,-54.090
-19287.1,-55.387
-19165.0,-70.799
-19043.0,-62.105
-18920.9,-52.008
-18798.8,-54.307
-18676.8,-71.774
-18554.7,-66.369
-18432.6,-57.686
-18310.5,-60.959
-18188.5,-77.282
-18066.4,-71.852
-17944.3,-65.118
-17822.3,-68.862
-17700.2,-78.757
-17578.1,-61.726
-17456.1,-55.360
-17334.0,-60.761
-17211.9,-80.457
-17089.8,-68.169
-16967.8,-62.970
-16845.7,-68.885
-16723.6,-78.963
-16601.6,-59.929
-16479.5,-55.758
-16357.4,-63.589
-16235.4,-78.477
-16113.3,-62.381
-15991.2,-59.245
-15869.1,-67.951
-15747.1,-74.040
-15625.0,-57.293
-15502.9,-55.201
-15380.9,-65.611
-15258.8,-73.034
-15136.7,-57.945
-15014.6,-56.879
-14892.6,-68.536
-14770.5,-71.444
-14648.4,-58.314
-14526.4,-58.253
-14404.3,-71.218
-14282.2,-69.959
-14160.2,-58.134
-14038.1,-59.080
-13916.0,-73.533
-13793.9,-70.153
-13671.9,-60.056
-13549.8,-61.982
-13427.7,-76.600
-13305.7,-70.370
-13183.6,-61.287
-13061.5,-64.185
-12939.5,-78.717
-12817.4,-64.433
-12695.3,-56.466
-12573.2,-60.496
-12451.2,-79.201
-12329.1,-63.104
-12207.0,-56.364
-12085.0,-61.476
-11962.9,-79.377
-11840.8,-64.554
-11718.8,-58.964
-11596.7,-65.116
-11474.6,-80.679
-11352.5,-74.441
-11230.5,-70.388
-11108.4,-75.921
-10986.3,-80.501
-10864.3,-70.671
-10742.2,-67.279
-10620.1,-74.220
-10498.0,-77.762
-10376.0,-61.108
-10253.9,-58.671
-10131.8,-68.401
-10009.8,-73.507
-9887.7,-57.847
-9765.6,-56.466
-9643.6,-67.775
-9521.5,-78.467
-9399.4,-68.502
-9277.3,-68.192
-9155.3,-78.097
-9033.2,-71.629
-8911.1,-59.451
-8789.1,-60.054
-8667.0,-73.803
-8544.9,-70.362
-8422.9,-59.639
-8300.8,-61.308
-8178.7,-77.063
-8056.6,-76.364
-7934.6,-68.256
-7812.5,-70.744
-7690.4,-79.960
-7568.4,-62.017
-7446.3,-53.674
-7324.2,-57.409
-7202.1,-78.452
-7080.1,-70.849
-6958.0,-63.937
-6835.9,-68.413
-6713.9,-79.866
-6591.8,-64.970
-6469.7,-59.109
-6347.7,-64.983
-6225.6,-80.189
-6103.5,-58.410
-5981.4,-53.529
-5859.4,-60.648
-5737.3,-80.593
-5615.2,-64.113
-5493.2,-60.338
-5371.1,-68.409
-5249.0,-79.785
-5127.0,-63.267
-5004.9,-60.509
-4882.8,-69.868
-4760.7,-80.298
-4638.7,-68.366
-4516.6,-66.761
-4394.5,-76.105
-4272.5,-73.198
-4150.4,-58.638
-4028.3,-57.911
-3906.2,-70.222
-3784.2,-70.891
-3662.1,-58.095
-3540.0,-58.402
-3418.0,-72.363
-3295.9,-71.823
-3173.8,-60.595
-3051.8,-61.865
-2929.7,-76.924
-2807.6,-76.713
-2685.5,-68.150
-2563.5,-70.423
-2441.4,-78.598
-2319.3,-66.025
-2197.3,-57.339
-2075.2,-60.730
-1953.1,-78.955
-1831.1,-73.647
-1709.0,-67.340
-1586.9,-71.467
-1464.8,-82.063
-1342.8,-64.149
-1220.7,-57.755
-1098.6,-63.210
-976.6,-81.343
-854.5,-62.104
-732.4,-56.865
-610.4,-63.565
-488.3,-80.499
-366.2,-64.537
-244.1,-60.478
-122.1,-68.239
0.0,-76.269
122.1,-63.006
244.1,-60.011
366.2,-69.012
488.3,-78.704
610.4,-63.201
732.4,-61.133
854.5,-71.147
976.6,-73.291
1098.6,-58.113
1220.7,-57.043
1342.8,-68.958
1464.8,-76.881
1586.9,-65.316
1709.0,-65.272
1831.1,-76.907
1953.1,-79.560
2075.2,-72.529
2197.3,-73.173
2319.3,-80.857
2441.4,-65.443
2563.5,-54.966
2685.5,-56.978
2807.6,-74.102
2929.7,-66.284
3051.8,-57.051
3173.8,-60.059
3295.9,-78.137
3418.0,-69.811
3540.0,-62.196
3662.1,-66.191
3784.2,-80.163
3906.2,-72.086
4028.3,-65.807
4150.4,-70.940
4272.5,-81.125
4394.5,-67.549
4516.6,-62.113
4638.7,-68.219
4760.7,-79.105
4882.8,-56.639
5004.9,-52.120
5127.0,-59.610
5249.0,-77.627
5371.1,-59.160
5493.2,-55.708
5615.2,-64.338
5737.3,-79.850
5859.4,-73.463
5981.4,-71.256
6103.5,-78.314
6225.6,-76.781
6347.7,-62.110
6469.7,-60.760
6591.8,-72.004
6713.9,-75.957
6835.9,-63.971
6958.0,-63.624
7080.1,-75.558
7202.1,-78.990
7324.2,-70.769
7446.3,-71.342
7568.4,-79.453
7690.4,-68.884
7812.5,-57.987
7934.6,-59.647
8056.6,-75.329
8178.7,-70.054
8300.8,-60.718
8422.9,-63.396
8544.9,-78.658
8667.0,-65.711
8789.1,-57.487
8911.1,-61.215
9033.2,-79.601
9155.3,-66.599
9277.3,-59.552
9399.4,-64.332
9521.5,-80.202
9643.6,-62.572
9765.6,-56.603
9887.7,-62.457
10009.8,-79.709
10131.8,-65.690
10253.9,-60.879
10376.0,-67.867
10498.0,-79.314
10620.1,-64.812
10742.2,-61.213
10864.3,-69.361
10986.3,-76.824
11108.4,-59.442
11230.5,-56.737
11352.5,-66.279
11474.6,-74.131
11596.7,-58.751
11718.8,-57.057
11840.8,-67.786
11962.9,-74.628
12085.0,-61.261
12207.0,-60.553
12329.1,-72.600
12451.2,-70.049
12573.2,-57.338
12695.3,-57.677
12817.4,-71.515
12939.5,-72.397
13061.5,-61.707
13183.6,-63.137
13305.7,-76.427
13427.7,-63.660
13549.8,-53.586
13671.9,-55.914
13793.9,-73.158
13916.0,-64.110
14038.1,-55.438
14160.2,-58.822
14282.2,-76.542
14404.3,-64.465
14526.4,-57.152
14648.4,-61.596
14770.5,-79.144
14892.6,-62.155
15014.6,-55.973
15136.7,-61.532
15258.8,-79.262
15380.9,-56.689
15502.9,-51.457
15625.0,-58.163
15747.1,-78.008
15869.1,-59.924
15991.2,-55.820
16113.3,-63.653
16235.4,-76.545
16357.4,-58.849
16479.5,-55.810
16601.6,-64.901
16723.6,-76.626
16845.7,-61.315
16967.8,-59.276
17089.8,-69.562
17211.9,-78.488
17334.0,-69.191
17456.1,-68.140
17578.1,-76.464
17700.2,-71.230
17822.3,-58.018
17944.3,-57.974
18066.4,-70.736
18188.5,-69.108
18310.5,-57.769
18432.6,-58.764
18554.7,-73.135
18676.8,-72.087
18798.8,-62.380
18920.9,-64.304
19043.0,-77.319
19165.0,-67.152
19287.1,-58.181
19409.2,-61.196
19531.2,-77.122
19653.3,-66.553
19775.4,-58.880
19897.5,-62.948
20019.5,-78.191
20141.6,-69.297
20263.7,-63.687
20385.7,-68.865
20507.8,-78.810
20629.9,-65.901
20752.0,-60.626
20874.0,-66.856
20996.1,-78.268
21118.2,-60.801
21240.2,-56.423
21362.3,-63.843
21484.4,-76.492
21606.4,-58.293
21728.5,-54.886
21850.6,-63.491
21972.7,-72.279
22094.7,-55.437
22216.8,-53.058
22338.9,-62.988
22460.9,-74.847
22583.0,-61.783
22705.1,-60.380
22827.1,-71.068
22949.2,-75.590
23071.3,-66.563
23193.4,-66.751
23315.4,-75.628
23437.5,-71.395
23559.6,-60.411
23681.6,-61.089
23803.7,-73.561
23925.8,-65.798
24047.9,-55.024
24169.9,-56.667
24292.0,-72.399
24414.1,-68.168
24536.1,-59.129
24658.2,-61.841
24780.3,-76.781
24902.3,-60.930
25024.4,-52.677
25146.5,-56.436
25268.6,-75.779
25390.6,-65.436
25512.7,-58.520
25634.8,-63.221
25756.8,-77.424
25878.9,-61.751
26001.0,-55.947
26123.0,-61.779
26245.1,-77.801
26367.2,-63.119
26489.3,-58.437
26611.3,-65.382
26733.4,-77.876
26855.5,-63.180
26977.5,-59.429
27099.6,-67.244
27221.7,-74.370
27343.8,-60.694
27465.8,-58.133
27587.9,-67.360
27710.0,-72.866
27832.0,-59.584
27954.1,-58.161
28076.2,-68.706
28198.2,-71.022
28320.3,-58.039
28442.4,-57.445
28564.5,-69.500
28686.5,-72.502
28808.6,-60.983
28930.7,-61.305
29052.7,-73.291
29174.8,-65.916
29296.9,-54.985
29418.9,-56.372
29541.0,-71.435
29663.1,-62.612
29785.2,-52.699
29907.2,-55.062
30029.3,-72.285
30151.4,-65.615
30273.4,-57.222
30395.5,-60.547
30517.6,-77.109
30639.6,-73.172
30761.7,-69.541
30883.8,-72.824
31005.9,-77.521
31127.9,-68.341
31250.0,-64.791
31372.1,-70.355
31494.1,-77.336
31616.2,-60.801
31738.3,-55.765
31860.4,-62.303
31982.4,-76.053
32104.5,-68.465
32226.6,-65.969
32348.6,-72.147
32470.7,-75.169
32592.8,-59.934
32714.8,-57.102
32836.9,-66.097
32959.0,-70.372
33081.1,-53.262
33203.1,-51.229
33325.2,-61.619
33447.3,-71.626
33569.3,-58.344
33691.4,-57.299
33813.5,-68.254
33935.5,-71.095
34057.6,-59.371
34179.7,-59.431
34301.8,-71.463
34423.8,-68.362
34545.9,-57.001
34668.0,-58.043
34790.0,-72.249
34912.1,-68.146
35034.2,-58.113
35156.2,-59.920
35278.3,-74.093
35400.4,-69.921
35522.5,-62.918
35644.5,-65.955
35766.6,-74.991
35888.7,-63.095
36010.7,-55.570
36132.8,-59.677
36254.9,-75.187
36377.0,-64.614
36499.0,-58.162
36621.1,-63.104
36743.2,-76.232
36865.2,-66.287
36987.3,-61.258
37109.4,-66.896
37231.4,-75.577
37353.5,-57.175
37475.6,-52.731
37597.7,-60.144
37719.7,-75.123
37841.8,-65.725
37963.9,-62.679
38085.9,-69.817
38208.0,-74.964
38330.1,-70.900
38452.1,-70.038
38574.2,-74.125
38696.3,-75.168
38818.4,-66.415
38940.4,-65.623
39062.5,-73.263
39184.6,-72.866
39306.6,-62.004
39428.7,-61.635
39550.8,-71.770
39672.9,-68.084
39794.9,-56.863
39917.0,-57.576
40039.1,-70.680
40161.1,-71.364
40283.2,-65.587
40405.3,-67.921
40527.3,-75.626
40649.4,-68.914
40771.5,-60.658
40893.6,-63.502
41015.6,-75.102
41137.7,-69.193
41259.8,-62.453
41381.8,-66.078
41503.9,-75.234
41626.0,-64.119
41748.0,-57.548
41870.1,-62.343
41992.2,-75.342
42114.3,-60.082
42236.3,-54.295
42358.4,-60.219
42480.5,-75.634
42602.5,-63.811
42724.6,-59.220
42846.7,-65.947
42968.8,-74.941
43090.8,-66.677
43212.9,-63.889
43335.0,-70.822
43457.0,-73.881
43579.1,-61.214
43701.2,-58.837
43823.2,-67.725
43945.3,-72.420
44067.4,-62.403
44189.5,-61.409
44311.5,-70.953
44433.6,-72.057
44555.7,-61.277
44677.7,-60.974
44799.8,-71.402
44921.9,-70.078
45043.9,-59.751
45166.0,-60.415
45288.1,-72.295
45410.2,-67.891
45532.2,-57.426
45654.3,-58.829
45776.4,-72.239
45898.4,-64.330
46020.5,-54.644
46142.6,-57.015
46264.6,-73.005
46386.7,-66.220
46508.8,-58.197
46630.9,-61.483
46752.9,-74.407
46875.0,-65.855
46997.1,-59.130
47119.1,-63.424
47241.2,-75.177
47363.3,-63.476
47485.4,-57.614
47607.4,-62.881
47729.5,-74.479
47851.6,-68.357
47973.6,-64.351
48095.7,-68.944
48217.8,-75.385
48339.8,-65.782
48461.9,-63.181
48584.0,-70.018
48706.1,-72.946
48828.1,-66.815
48950.2,-66.468
49072.3,-73.031
49194.3,-72.923
49316.4,-62.376
49438.5,-60.916
49560.5,-69.817
49682.6,-71.776
49804.7,-62.339
49926.8,-62.257
50048.8,-71.854
50170.9,-68.735
50293.0,-56.403
50415.0,-56.511
50537.1,-69.288
50659.2,-68.597
50781.2,-61.529
50903.3,-63.869
51025.4,-74.497
51147.5,-66.987
51269.5,-58.988
51391.6,-61.679
51513.7,-73.268
51635.7,-63.782
51757.8,-55.245
51879.9,-58.462
52002.0,-73.693
52124.0,-65.286
52246.1,-58.328
52368.2,-62.396
52490.2,-75.360
52612.3,-57.741
52734.4,-51.147
52856.4,-56.355
52978.5,-74.935
53100.6,-60.600
53222.7,-55.033
53344.7,-61.029
53466.8,-73.379
53588.9,-67.665
53710.9,-63.978
53833.0,-68.964
53955.1,-74.054
54077.1,-66.309
54199.2,-64.148
54321.3,-70.447
54443.4,-74.094
54565.4,-61.687
54687.5,-59.241
54809.6,-67.256
54931.6,-72.870
55053.7,-64.063
55175.8,-62.902
55297.9,-70.526
55419.9,-70.070
55542.0,-61.637
55664.1,-61.740
55786.1,-71.381
55908.2,-69.524
56030.3,-59.304
56152.3,-60.175
56274.4,-71.684
56396.5,-70.741
56518.6,-62.970
56640.6,-64.428
56762.7,-71.445
56884.8,-66.132
57006.8,-57.981
57128.9,-60.658
57251.0,-72.412
57373.0,-65.904
57495.1,-60.962
57617.2,-65.323
57739.3,-73.726
57861.3,-64.738
57983.4,-58.946
58105.5,-63.777
58227.5,-73.431
58349.6,-63.950
58471.7,-58.575
58593.8,-64.132
58715.8,-71.429
58837.9,-65.173
58960.0,-63.038
59082.0,-69.214
59204.1,-71.875
59326.2,-56.670
59448.2,-53.023
59570.3,-61.226
59692.4,-72.001
59814.5,-65.293
59936.5,-62.828
60058.6,-69.791
60180.7,-72.023
60302.7,-66.747
60424.8,-66.387
60546.9,-71.642
60668.9,-67.901
60791.0,-58.131
60913.1,-58.121
61035.2,-69.290
61157.2,-69.709
61279.3,-64.088
61401.4,-64.756
61523.4,-71.806
61645.5,-68.365
61767.6,-61.449
61889.6,-63.513
62011.7,-72.753
62133.8,-66.822
62255.9,-60.186
62377.9,-63.161
62500.0,-72.046
62622.1,-61.830
62744.1,-54.112
62866.2,-57.616
62988.3,-72.695
63110.4,-65.502
63232.4,-61.092
63354.5,-65.463
63476.6,-72.703
63598.6,-62.406
63720.7,-57.644
63842.8,-63.450
63964.8,-73.130
64086.9,-61.611
64209.0,-58.044
64331.1,-64.988
64453.1,-71.218
64575.2,-58.871
64697.3,-55.561
64819.3,-63.214
64941.4,-72.033
65063.5,-57.749
65185.5,-55.052
65307.6,-63.812
65429.7,-70.642
65551.8,-57.763
65673.8,-55.976
65795.9,-65.806
65918.0,-68.551
66040.0,-56.680
66162.1,-55.986
66284.2,-67.140
66406.2,-67.014
66528.3,-56.505
66650.4,-56.664
66772.5,-68.164
66894.5,-69.151
67016.6,-62.354
67138.7,-63.685
67260.7,-71.349
67382.8,-66.687
67504.9,-58.202
67627.0,-60.347
67749.0,-71.904
67871.1,-63.911
67993.2,-55.731
68115.2,-58.705
68237.3,-71.887
68359.4,-63.078
68481.4,-57.085
68603.5,-61.108
68725.6,-71.919
68847.7,-62.855
68969.7,-57.500
69091.8,-62.645
69213.9,-71.980
69335.9,-63.202
69458.0,-58.852
69580.1,-64.620
69702.1,-72.752
69824.2,-62.544
69946.3,-58.982
70068.4,-65.338
70190.4,-70.726
70312.5,-56.906
70434.6,-53.775
70556.6,-61.953
70678.7,-71.098
70800.8,-63.526
70922.9,-61.733
71044.9,-68.648
71167.0,-69.812
71289.1,-59.649
71411.1,-58.771
71533.2,-68.285
71655.3,-70.365
71777.3,-61.527
71899.4,-61.719
72021.5,-69.879
72143.6,-67.027
72265.6,-57.550
72387.7,-58.245
72509.8,-68.429
72631.8,-67.788
72753.9,-61.086
72876.0,-62.787
72998.0,-70.979
73120.1,-66.256
73242.2,-59.548
73364.3,-62.341
73486.3,-71.828
73608.4,-66.197
73730.5,-59.728
73852.5,-63.387
73974.6,-71.322
74096.7,-63.969
74218.8,-58.905
74340.8,-63.234
74462.9,-70.115
74585.0,-65.242
74707.0,-63.364
74829.1,-68.527
74951.2,-70.840
75073.2,-61.867
75195.3,-58.647
75317.4,-65.395
75439.5,-71.346
75561.5,-64.055
75683.6,-61.898
75805.7,-68.822
75927.7,-69.304
76049.8,-59.764
76171.9,-58.714
76293.9,-67.218
76416.0,-67.504
76538.1,-59.047
76660.2,-59.292
76782.2,-69.332
76904.3,-67.401
77026.4,-57.715
77148.4,-57.875
77270.5,-68.643
77392.6,-67.981
77514.6,-60.793
77636.7,-62.279
77758.8,-71.492
77880.9,-64.239
78002.9,-53.817
78125.0,-55.237
78247.1,-68.842
78369.1,-63.428
78491.2,-56.618
78613.3,-59.571
78735.4,-72.081
78857.4,-62.635
78979.5,-56.540
79101.6,-60.556
79223.6,-71.264
79345.7,-64.142
79467.8,-60.940
79589.8,-66.360
79711.9,-72.134
79834.0,-62.827
79956.1,-58.779
80078.1,-64.058
80200.2,-72.120
80322.3,-57.043
80444.3,-52.139
80566.4,-58.744
80688.5,-71.032
80810.5,-60.502
80932.6,-56.956
81054.7,-63.580
81176.8,-69.531
81298.8,-59.985
81420.9,-58.938
81543.0,-67.357
81665.0,-68.993
81787.1,-59.052
81909.2,-58.559
82031.2,-67.586
82153.3,-69.671
82275.4,-60.930
82397.5,-60.374
82519.5,-67.979
82641.6,-68.199
82763.7,-57.676
82885.7,-57.980
83007.8,-67.764
83129.9,-64.842
83252.0,-54.698
83374.0,-55.924
83496.1,-68.516
83618.2,-65.842
83740.2,-57.776
83862.3,-59.740
83984.4,-70.516
84106.4,-67.034
84228.5,-61.784
84350.6,-64.356
84472.7,-70.393
84594.7,-64.970
84716.8,-58.405
84838.9,-62.090
84960.9,-69.476
85083.0,-63.561
85205.1,-57.781
85327.1,-62.037
85449.2,-69.161
85571.3,-64.452
85693.4,-61.010
85815.4,-65.477
85937.5,-70.989
86059.6,-63.483
86181.6,-61.075
86303.7,-67.069
86425.8,-70.156
86547.9,-64.381
86669.9,-63.143
86792.0,-68.578
86914.1,-67.904
87036.1,-63.452
87158.2,-64.131
87280.3,-68.629
87402.3,-66.865
87524.4,-60.357
87646.5,-61.472
87768.6,-69.169
87890.6,-67.611
88012.7,-58.639
88134.8,-59.252
88256.8,-69.235
88378.9,-67.680
88501.0,-61.440
88623.0,-62.862
88745.1,-70.450
88867.2,-63.130
88989.3,-57.565
89111.3,-61.229
89233.4,-69.614
89355.5,-61.112
89477.5,-54.836
89599.6,-58.699
89721.7,-70.057
89843.8,-64.147
89965.8,-59.431
90087.9,-63.811
90210.0,-70.994
90332.0,-62.183
90454.1,-58.215
90576.2,-64.106
90698.2,-70.619
90820.3,-57.187
90942.4,-52.134
91064.5,-58.273
91186.5,-68.923
91308.6,-59.361
91430.7,-55.992
91552.7,-62.534
91674.8,-68.960
91796.9,-61.079
91918.9,-60.218
92041.0,-67.749
92163.1,-68.983
92285.2,-57.808
92407.2,-55.971
92529.3,-65.236
92651.4,-68.291
92773.4,-58.075
92895.5,-56.664
93017.6,-65.381
93139.6,-65.553
93261.7,-57.130
93383.8,-57.603
93505.9,-67.153
93627.9,-64.805
93750.0,-57.297
93872.1,-59.049
93994.1,-69.821
94116.2,-65.109
94238.3,-59.277
94360.4,-62.401
94482.4,-70.714
94604.5,-63.167
94726.6,-56.257
94848.6,-59.160
94970.7,-69.066
95092.8,-60.784
95214.8,-54.380
95336.9,-58.173
95459.0,-69.692
95581.1,-60.572
95703.1,-56.189
95825.2,-61.529
95947.3,-70.664
96069.3,-60.068
96191.4,-55.108
96313.5,-60.857
96435.5,-70.144
96557.6,-61.905
96679.7,-58.406
96801.8,-63.877
96923.8,-69.119
97045.9,-57.752
97168.0,-54.070
97290.0,-61.231
97412.1,-68.976
97534.2,-59.622
97656.2,-57.554
97778.3,-64.936
97900.4,-68.007
98022.5,-60.168
98144.5,-60.787
98266.6,-68.546
98388.7,-66.270
98510.7,-58.808
98632.8,-60.501
98754.9,-68.673
98877.0,-65.122
98999.0,-58.043
99121.1,-59.983
99243.2,-68.084
99365.2,-64.994
99487.3,-55.761
99609.4,-57.099
99731.4,-68.145
99853.5,-64.904
99975.6,-57.609
100097.7,-59.877
100219.7,-69.999
100341.8,-61.673
100463.9,-54.742
100585.9,-58.252
100708.0,-69.946
100830.1,-62.972
100952.1,-57.670
101074.2,-61.610
101196.3,-69.378
101318.4,-64.358
101440.4,-61.385
101562.5,-65.252
101684.6,-69.743
101806.6,-61.467
101928.7,-57.857
102050.8,-63.785
102172.9,-69.662
102294.9,-59.545
102417.0,-56.991
102539.1,-63.909
102661.1,-68.702
102783.2,-59.815
102905.3,-59.456
103027.3,-66.943
103149.4,-67.902
103271.5,-59.238
103393.6,-58.885
103515.6,-67.199
103637.7,-67.169
103759.8,-58.619
103881.8,-58.779
104003.9,-67.697
104126.0,-66.862
104248.0,-56.720
104370.1,-56.675
104492.2,-66.988
104614.3,-66.127
104736.3,-58.734
104858.4,-60.237
104980.5,-69.010
105102.5,-63.987
105224.6,-56.731
105346.7,-59.560
105468.8,-69.365
105590.8,-63.827
105712.9,-58.874
105835.0,-62.480
105957.0,-69.708
106079.1,-63.514
106201.2,-59.282
106323.2,-63.346
106445.3,-69.970
106567.4,-61.711
106689.5,-56.372
106811.5,-61.288
106933.6,-70.507
107055.7,-62.459
107177.7,-57.931
107299.8,-63.309
107421.9,-69.950
107543.9,-61.069
107666.0,-58.687
107788.1,-65.271
107910.2,-68.458
108032.2,-59.794
108154.3,-58.558
108276.4,-66.226
108398.4,-68.642
108520.5,-60.951
108642.6,-59.823
108764.6,-67.061
108886.7,-68.456
109008.8,-61.341
109130.9,-61.311
109252.9,-68.417
109375.0,-67.032
109497.1,-57.872
109619.1,-58.137
109741.2,-67.908
109863.3,-65.337
109985.4,-58.792
110107.4,-60.593
110229.5,-69.270
110351.6,-64.975
110473.6,-59.542
110595.7,-62.696
110717.8,-70.084
110839.8,-64.122
110961.9,-58.660
111084.0,-62.514
111206.1,-70.182
111328.1,-62.898
111450.2,-57.283
111572.3,-61.409
111694.3,-70.296
111816.4,-61.420
111938.5,-57.355
112060.5,-62.618
112182.6,-69.886
112304.7,-60.085
112426.8,-56.812
112548.8,-63.508
112670.9,-70.132
112793.0,-61.540
112915.0,-57.855
113037.1,-64.130
113159.2,-69.677
113281.2,-62.078
113403.3,-59.201
113525.4,-65.492
113647.5,-68.911
113769.5,-58.959
113891.6,-56.903
114013.7,-64.994
114135.7,-68.003
114257.8,-59.581
114379.9,-59.569
114502.0,-68.054
114624.0,-66.771
114746.1,-60.176
114868.2,-62.379
114990.2,-69.726
115112.3,-65.094
115234.4,-58.487
115356.4,-61.414
115478.5,-69.646
115600.6,-64.539
115722.7,-56.993
115844.7,-59.115
115966.8,-69.173
116088.9,-65.264
116210.9,-58.603
116333.0,-60.853
116455.1,-70.084
116577.1,-63.226
116699.2,-57.352
116821.3,-61.155
116943.4,-70.375
117065.4,-62.320
117187.5,-57.183
117309.6,-61.726
117431.6,-69.828
117553.7,-63.292
117675.8,-60.347
117797.9,-64.849
117919.9,-69.776
118042.0,-61.550
118164.1,-59.443
118286.1,-65.628
118408.2,-69.841
118530.3,-59.804
118652.3,-58.057
118774.4,-65.658
118896.5,-68.401
119018.6,-59.579
119140.6,-58.965
119262.7,-66.835
119384.8,-67.002
119506.8,-58.303
119628.9,-58.759
119751.0,-67.380
119873.0,-66.696
119995.1,-57.653
120117.2,-58.115
120239.3,-67.533
120361.3,-67.056
120483.4,-58.596
120605.5,-59.366
120727.5,-69.031
120849.6,-65.217
120971.7,-57.650
121093.8,-59.424
121215.8,-69.163
121337.9,-63.532
121460.0,-57.036
121582.0,-59.891
121704.1,-69.031
121826.2,-64.645
121948.2,-59.226
122070.3,-62.236
122192.4,-69.384
122314.5,-64.402
122436.5,-59.904
122558.6,-63.899
122680.7,-70.469
122802.7,-62.233
122924.8,-58.083
123046.9,-63.089
123168.9,-69.769
123291.0,-60.351
123413.1,-58.115
123535.2,-64.623
123657.2,-68.401
123779.3,-60.044
123901.4,-58.749
124023.4,-66.085
124145.5,-68.072
124267.6,-61.580
124389.6,-60.544
124511.7,-67.502
124633.8,-68.641
124755.9,-59.813
124877.9,-58.796
125000.0,-66.755
125122.1,-66.904
125244.1,-57.886
125366.2,-58.068
125488.3,-67.064
125610.4,-65.331
125732.4,-59.228
125854.5,-61.159
125976.6,-68.704
126098.6,-63.098
126220.7,-57.064
126342.8,-60.996
126464.8,-70.390
126586.9,-63.868
126709.0,-57.014
126831.1,-60.010
126953.1,-69.917
127075.2,-63.076
127197.3,-57.595
127319.3,-61.513
127441.4,-69.307
127563.5,-59.369
127685.5,-54.670
127807.6,-60.209
127929.7,-69.343
128051.8,-58.253
128173.8,-54.471
128295.9,-61.057
128418.0,-70.152
128540.0,-60.880
128662.1,-57.399
128784.2,-63.487
128906.2,-69.920
129028.3,-61.036
129150.4,-56.924
129272.5,-62.994
129394.5,-69.129
129516.6,-59.937
129638.7,-56.114
129760.7,-63.031
129882.8,-67.747
130004.9,-60.229
130127.0,-58.699
130249.0,-65.836
130371.1,-66.609
130493.2,-58.563
130615.2,-60.142
130737.3,-68.905
130859.4,-67.428
130981.4,-61.353
131103.5,-62.526
131225.6,-68.605
131347.7,-66.473
131469.7,-62.016
131591.8,-62.518
131713.9,-68.352
131835.9,-63.908
131958.0,-57.872
132080.1,-60.184
132202.1,-68.903
132324.2,-61.988
132446.3,-56.584
132568.4,-61.052
132690.4,-70.396
132812.5,-62.143
132934.6,-58.343
133056.6,-64.194
133178.7,-69.261
133300.8,-60.986
133422.9,-58.213
133544.9,-64.161
133667.0,-68.873
133789.1,-60.965
133911.1,-57.532
134033.2,-62.856
134155.3,-69.752
134277.3,-61.626
134399.4,-58.208
134521.5,-64.094
134643.6,-69.137
134765.6,-59.744
134887.7,-58.701
135009.8,-66.705
135131.8,-65.580
135253.9,-55.309
135376.0,-56.091
135498.0,-67.163
135620.1,-63.709
135742.2,-53.691
135864.3,-55.083
135986.3,-67.210
136108.4,-65.897
136230.5,-57.273
136352.5,-58.484
136474.6,-68.212
136596.7,-64.606
136718.8,-55.433
136840.8,-56.824
136962.9,-68.815
137085.0,-65.678
137207.0,-55.638
137329.1,-56.465
137451.2,-68.673
137573.2,-65.146
137695.3,-58.080
137817.4,-59.620
137939.5,-69.512
138061.5,-62.714
138183.6,-57.420
138305.7,-61.809
138427.7,-70.536
138549.8,-63.911
138671.9,-59.607
138793.9,-63.754
138916.0,-71.243
139038.1,-61.832
139160.2,-58.923
139282.2,-63.937
139404.3,-70.489
139526.4,-60.019
139648.4,-57.465
139770.5,-63.918
139892.6,-70.062
140014.6,-60.613
140136.7,-58.737
140258.8,-66.131
140380.9,-69.899
140502.9,-61.941
140625.0,-60.475
140747.1,-67.132
140869.1,-69.075
140991.2,-59.564
141113.3,-59.150
141235.4,-66.822
141357.4,-69.071
141479.5,-60.463
141601.6,-60.400
141723.6,-67.805
141845.7,-67.241
141967.8,-59.959
142089.8,-61.826
142211.9,-70.304
142334.0,-65.613
142456.1,-58.847
142578.1,-61.753
142700.2,-70.531
142822.3,-65.614
142944.3,-59.406
143066.4,-62.577
143188.5,-70.030
143310.5,-67.172
143432.6,-61.380
143554.7,-64.073
143676.8,-70.502
143798.8,-66.534
143920.9,-61.396
144043.0,-64.712
144165.0,-71.221
144287.1,-63.679
144409.2,-60.226
144531.2,-65.522
144653.3,-71.406
144775.4,-61.575
144897.5,-59.236
145019.5,-66.279
145141.6,-70.714
145263.7,-62.808
145385.7,-61.529
145507.8,-68.650
145629.9,-70.412
145752.0,-62.853
145874.0,-62.006
145996.1,-68.926
146118.2,-69.655
146240.2,-60.807
146362.3,-60.351
146484.4,-68.782
146606.4,-70.327
146728.5,-62.832
146850.6,-62.416
146972.7,-69.888
147094.7,-68.311
147216.8,-60.943
147338.9,-63.031
147460.9,-71.829
147583.0,-66.313
147705.1,-59.302
147827.1,-62.333
147949.2,-71.288
148071.3,-66.174
148193.4,-60.181
148315.4,-63.499
148437.5,-71.062
148559.6,-66.582
148681.6,-61.501
148803.7,-65.080
148925.8,-71.982
149047.9,-64.808
149169.9,-59.775
149292.0,-64.700
149414.1,-73.163
149536.1,-64.761
149658.2,-60.753
149780.3,-65.918
149902.3,-71.140
150024.4,-62.495
150146.5,-60.023
150268.6,-66.592
150390.6,-71.060
150512.7,-64.766
150634.8,-62.781
150756.8,-68.504
150878.9,-72.077
151001.0,-66.286
151123.0,-63.725
151245.1,-69.639
151367.2,-72.470
151489.3,-65.288
151611.3,-63.920
151733.4,-69.950
151855.5,-68.186
151977.5,-60.472
152099.6,-61.900
152221.7,-70.359
152343.8,-66.311
152465.8,-58.579
152587.9,-61.149
152710.0,-70.964
152832.0,-68.830
152954.1,-63.312
153076.2,-65.483
153198.2,-72.307
153320.3,-68.541
153442.4,-62.449
153564.5,-65.162
153686.5,-72.240
153808.6,-63.336
153930.7,-57.805
154052.7,-62.222
154174.8,-71.549
154296.9,-61.293
154418.9,-56.805
154541.0,-62.757
154663.1,-71.086
154785.2,-65.226
154907.2,-62.541
155029.3,-68.235
155151.4,-73.140
155273.4,-65.656
155395.5,-62.039
155517.6,-67.580
155639.6,-71.568
155761.7,-60.374
155883.8,-57.977
156005.9,-65.409
156127.9,-69.523
156250.0,-60.640
156372.1,-59.766
156494.1,-67.728
156616.2,-66.927
156738.3,-56.449
156860.4,-56.921
156982.4,-69.536
157104.5,-70.449
157226.6,-61.511
157348.6,-61.331
157470.7,-70.249
157592.8,-69.289
157714.8,-61.035
157836.9,-61.384
157959.0,-69.731
158081.1,-66.539
158203.1,-58.694
158325.2,-60.188
158447.3,-70.117
158569.3,-65.648
158691.4,-59.756
158813.5,-62.102
158935.5,-72.276
159057.6,-67.291
159179.7,-62.767
159301.8,-66.266
159423.8,-73.390
159545.9,-66.306
159668.0,-61.679
159790.0,-65.425
159912.1,-71.573
160034.2,-63.843
160156.2,-60.617
160278.3,-65.523
160400.4,-70.808
160522.5,-59.553
160644.5,-57.159
160766.6,-64.910
160888.7,-71.947
161010.7,-60.418
161132.8,-58.649
161254.9,-67.445
161377.0,-71.834
161499.0,-60.619
161621.1,-59.409
161743.2,-68.012
161865.2,-69.242
161987.3,-58.948
162109.4,-58.798
162231.4,-67.921
162353.5,-64.931
162475.6,-53.782
162597.7,-54.666
162719.7,-67.268
162841.8,-66.642
162963.9,-56.983
163085.9,-58.367
163208.0,-70.698
163330.1,-67.197
163452.1,-58.234
163574.2,-60.153
163696.3,-71.505
163818.4,-65.653
163940.4,-57.477
164062.5,-59.609
164184.6,-70.566
164306.6,-63.476
164428.7,-56.381
164550.8,-59.491
164672.9,-71.147
164794.9,-62.928
164917.0,-57.203
165039.1,-62.038
165161.1,-73.412
165283.2,-65.616
165405.3,-60.369
165527.3,-64.928
165649.4,-73.219
165771.5,-64.098
165893.6,-59.730
166015.6,-64.575
166137.7,-71.745
166259.8,-65.659
166381.8,-61.422
166503.9,-65.354
166626.0,-72.189
166748.0,-64.731
166870.1,-62.176
166992.2,-68.000
167114.3,-73.007
167236.3,-66.111
167358.4,-64.521
167480.5,-70.293
167602.5,-72.556
167724.6,-66.864
167846.7,-65.633
167968.8,-69.654
168090.8,-70.201
168212.9,-63.532
168335.0,-64.384
168457.0,-69.739
168579.1,-70.087
168701.2,-64.043
168823.2,-65.612
168945.3,-71.694
169067.4,-68.579
169189.5,-62.278
169311.5,-65.435
169433.6,-72.968
169555.7,-68.970
169677.7,-64.453
169799.8,-67.762
169921.9,-71.772
170043.9,-64.651
170166.0,-59.808
170288.1,-65.111
170410.2,-71.711
170532.2,-63.806
170654.3,-59.556
170776.4,-65.791
170898.4,-72.691
171020.5,-64.164
171142.6,-60.974
171264.6,-67.700
171386.7,-72.607
171508.8,-65.933
171630.9,-64.267
171752.9,-70.294
171875.0,-71.037
171997.1,-61.176
172119.1,-59.517
172241.2,-67.929
172363.3,-71.071
172485.4,-61.399
172607.4,-60.658
172729.5,-70.130
172851.6,-68.887
172973.6,-58.292
173095.7,-58.779
173217.8,-70.519
173339.8,-66.268
173461.9,-56.044
173584.0,-57.379
173706.1,-70.886
173828.1,-66.223
173950.2,-57.567
174072.3,-59.514
174194.3,-71.784
174316.4,-69.807
174438.5,-62.352
174560.5,-63.639
174682.6,-73.140
174804.7,-68.005
174926.8,-61.182
175048.8,-63.392
175170.9,-73.763
175293.0,-66.121
175415.0,-60.450
175537.1,-63.912
175659.2,-73.429
175781.2,-63.035
175903.3,-58.616
176025.4,-64.187
176147.5,-73.141
176269.5,-64.729
176391.6,-61.320
176513.7,-67.678
176635.7,-73.994
176757.8,-60.902
176879.9,-58.098
177002.0,-66.038
177124.0,-72.804
177246.1,-60.077
177368.2,-58.247
177490.2,-66.836
177612.3,-69.946
177734.4,-56.311
177856.4,-55.367
177978.5,-66.264
178100.6,-71.111
178222.7,-61.089
178344.7,-60.631
178466.8,-70.339
178588.9,-72.589
178710.9,-63.406
178833.0,-62.838
178955.1,-70.889
179077.1,-68.046
179199.2,-58.313
179321.3,-59.625
179443.4,-70.488
179565.4,-67.831
179687.5,-59.508
179809.6,-61.408
179931.6,-71.301
180053.7,-64.335
180175.8,-57.009
180297.9,-60.909
180419.9,-74.148
180542.0,-67.424
180664.1,-61.097
180786.1,-64.959
180908.2,-73.665
181030.3,-66.381
181152.3,-60.862
181274.4,-64.967
181396.5,-73.099
181518.6,-64.526
181640.6,-60.088
181762.7,-65.328
181884.8,-71.815
182006.8,-62.306
182128.9,-59.011
182251.0,-66.232
182373.0,-74.477
182495.1,-65.387
182617.2,-63.011
182739.3,-69.524
182861.3,-72.864
182983.4,-63.000
183105.5,-61.601
183227.5,-69.504
183349.6,-72.391
183471.7,-67.848
183593.8,-66.668
183715.8,-70.633
183837.9,-71.012
183960.0,-64.538
184082.0,-64.724
184204.1,-71.893
184326.2,-69.397
184448.2,-60.200
184570.3,-61.922
184692.4,-72.570
184814.5,-67.638
184936.5,-59.348
185058.6,-61.981
185180.7,-73.328
185302.7,-64.829
185424.8,-57.381
185546.9,-61.254
185668.9,-73.110
185791.0,-64.970
185913.1,-58.962
186035.2,-63.415
186157.2,-74.247
186279.3,-65.802
186401.4,-60.227
186523.4,-65.180
186645.5,-74.591
186767.6,-66.050
186889.6,-61.481
187011.7,-66.833
187133.8,-74.577
187255.9,-60.812
187377.9,-57.257
187500.0,-64.864
187622.1,-71.847
187744.1,-57.386
187866.2,-54.858
187988.3,-64.034
188110.4,-72.831
188232.4,-61.265
188354.5,-59.413
188476.6,-68.447
188598.6,-73.206
188720.7,-64.017
188842.8,-62.682
188964.8,-70.926
189086.9,-73.504
189209.0,-65.115
189331.1,-63.849
189453.1,-70.991
189575.2,-68.522
189697.3,-58.396
189819.3,-59.447
189941.4,-71.221
190063.5,-69.834
190185.5,-61.324
190307.6,-63.363
190429.7,-73.724
190551.8,-66.958
190673.8,-59.283
190795.9,-62.476
190918.0,-74.340
191040.0,-70.992
191162.1,-65.401
191284.2,-67.754
191406.2,-73.744
191528.3,-63.450
191650.4,-57.479
191772.5,-62.527
191894.5,-74.607
192016.6,-64.968
192138.7,-60.109
192260.7,-65.953
192382.8,-74.469
192504.9,-67.139
192627.0,-64.638
192749.0,-70.208
192871.1,-74.208
192993.2,-63.748
193115.2,-60.885
193237.3,-68.489
193359.4,-73.221
193481.4,-66.194
193603.5,-63.922
193725.6,-69.757
193847.7,-73.667
193969.7,-65.760
194091.8,-65.603
194213.9,-73.355
194335.9,-67.769
194458.0,-55.272
194580.1,-55.516
194702.1,-68.679
194824.2,-72.045
194946.3,-65.216
195068.4,-65.704
195190.4,-73.606
195312.5,-70.764
195434.6,-64.333
195556.6,-66.151
195678.7,-73.352
195800.8,-66.926
195922.9,-58.578
196044.9,-61.602
196167.0,-74.836
196289.1,-63.579
196411.1,-56.169
196533.2,-60.070
196655.3,-74.388
196777.3,-61.813
196899.4,-55.585
197021.5,-60.871
197143.6,-75.189
197265.6,-59.738
197387.7,-54.454
197509.8,-60.790
197631.8,-74.802
197753.9,-67.930
197876.0,-63.585
197998.0,-68.350
198120.1,-75.225
198242.2,-62.012
198364.3,-58.545
198486.3,-65.748
198608.4,-74.356
198730.5,-63.468
198852.5,-61.196
198974.6,-69.024
199096.7,-72.530
199218.8,-60.356
199340.8,-59.143
199462.9,-68.738
199585.0,-70.380
199707.0,-58.740
199829.1,-58.601
199951.2,-70.103
200073.2,-72.465
200195.3,-62.444
200317.4,-62.894
200439.5,-71.648
200561.5,-64.949
200683.6,-54.451
200805.7,-56.289
200927.7,-71.318
201049.8,-64.081
201171.9,-54.872
201293.9,-57.592
201416.0,-72.932
201538.1,-64.843
201660.2,-57.057
201782.2,-60.661
201904.3,-75.379
202026.4,-72.377
202148.4,-65.361
202270.5,-67.690
202392.6,-74.882
202514.6,-68.118
202636.7,-62.292
202758.8,-66.133
202880.9,-75.149
203002.9,-63.540
203125.0,-58.971
203247.1,-65.148
203369.1,-74.985
203491.2,-60.966
203613.3,-57.436
203735.4,-65.305
203857.4,-75.342
203979.5,-67.433
204101.6,-65.141
204223.6,-71.984
204345.7,-73.996
204467.8,-61.799
204589.8,-60.235
204711.9,-69.247
204834.0,-73.225
204956.1,-62.445
205078.1,-61.769
205200.2,-70.974
205322.3,-69.647
205444.3,-57.863
205566.4,-58.304
205688.5,-70.735
205810.5,-69.798
205932.6,-60.190
206054.7,-61.627
206176.8,-74.491
206298.8,-68.753
206420.9,-59.706
206543.0,-62.051
206665.0,-73.852
206787.1,-65.525
206909.2,-57.341
207031.2,-60.744
207153.3,-75.082
207275.4,-73.309
207397.5,-67.995
207519.5,-69.463
207641.6,-75.274
207763.7,-72.508
207885.7,-69.196
208007.8,-72.353
208129.9,-76.839
208252.0,-63.555
208374.0,-58.736
208496.1,-65.215
208618.2,-75.444
208740.2,-63.448
208862.3,-59.791
208984.4,-67.216
209106.4,-74.744
209228.5,-63.215
209350.6,-60.572
209472.7,-68.989
209594.7,-74.135
209716.8,-61.119
209838.9,-59.347
209960.9,-69.496
210083.0,-74.773
210205.1,-62.504
210327.1,-61.636
210449.2,-71.659
210571.3,-68.560
210693.4,-55.851
210815.4,-56.031
210937.5,-69.071
211059.6,-68.353
211181.6,-57.178
211303.7,-58.308
211425.8,-72.354
211547.9,-72.073
211669.9,-64.728
211792.0,-66.469
211914.1,-76.862
212036.1,-71.340
212158.2,-63.535
212280.3,-66.156
212402.3,-76.376
212524.4,-66.623
212646.5,-59.434
212768.6,-63.319
212890.6,-76.734
213012.7,-66.921
213134.8,-60.877
213256.8,-65.763
213378.9,-77.382
213501.0,-58.934
213623.0,-53.643
213745.1,-60.141
213867.2,-77.885
213989.3,-67.286
214111.3,-63.255
214233.4,-69.865
214355.5,-74.778
214477.5,-61.654
214599.6,-58.503
214721.7,-66.893
214843.8,-75.569
214965.8,-60.814
215087.9,-58.621
215210.0,-68.069
215332.0,-72.111
215454.1,-57.953
215576.2,-56.767
215698.2,-67.891
215820.3,-71.517
215942.4,-58.645
216064.5,-58.456
216186.5,-70.844
216308.6,-72.505
216430.7,-61.379
216552.7,-62.080
216674.8,-73.752
216796.9,-69.757
216918.9,-59.638
217041.0,-61.356
217163.1,-75.048
217285.2,-71.493
217407.2,-63.240
217529.3,-65.583
217651.4,-76.836
217773.4,-65.652
217895.5,-57.790
218017.6,-61.632
218139.6,-76.262
218261.7,-64.554
218383.8,-57.954
218505.9,-62.811
218627.9,-77.737
218750.0,-67.009
218872.1,-61.525
218994.1,-67.155
219116.2,-78.444
219238.3,-70.822
219360.4,-66.687
219482.4,-71.827
219604.5,-76.361
219726.6,-64.746
219848.6,-61.367
219970.7,-69.194
220092.8,-76.746
220214.8,-61.810
220336.9,-59.368
220459.0,-68.770
220581.1,-73.546
220703.1,-59.700
220825.2,-58.291
220947.3,-69.147
221069.3,-76.735
221191.4,-69.038
221313.5,-69.181
221435.5,-76.655
221557.6,-72.317
221679.7,-60.460
221801.8,-60.965
221923.8,-73.843
222045.9,-73.558
222168.0,-63.565
222290.0,-65.015
222412.1,-76.184
222534.2,-65.522
222656.2,-56.014
222778.3,-58.634
222900.4,-75.392
223022.5,-61.022
223144.5,-52.566
223266.6,-56.206
223388.7,-76.113
223510.7,-71.220
223632.8,-64.843
223754.9,-68.843
223877.0,-79.818
223999.0,-69.563
224121.1,-63.676
224243.2,-68.747
224365.2,-79.522
224487.3,-64.088
224609.4,-59.107
224731.4,-65.582
224853.5,-79.367
224975.6,-74.152
225097.7,-69.904
225219.7,-74.034
225341.8,-76.208
225463.9,-59.776
225585.9,-56.984
225708.0,-66.328
225830.1,-77.801
225952.1,-66.733
226074.2,-65.035
226196.3,-74.317
226318.4,-75.075
226440.4,-61.448
226562.5,-60.593
226684.6,-71.812
226806.6,-78.361
226928.7,-71.289
227050.8,-71.423
227172.9,-77.888
227294.9,-69.837
227417.0,-58.606
227539.1,-59.828
227661.1,-74.386
227783.2,-67.496
227905.3,-57.485
228027.3,-59.709
228149.4,-76.190
228271.5,-74.709
228393.6,-67.089
228515.6,-69.993
228637.7,-79.403
228759.8,-66.525
228881.8,-59.057
229003.9,-63.328
229126.0,-79.087
229248.0,-61.006
229370.1,-54.537
229492.2,-59.979
229614.3,-77.944
229736.3,-61.894
229858.4,-56.597
229980.5,-63.075
230102.5,-79.153
230224.6,-73.908
230346.7,-72.344
230468.8,-76.700
230590.8,-78.257
230712.9,-64.533
230835.0,-61.339
230957.0,-69.877
231079.1,-78.338
231201.2,-66.907
231323.2,-64.826
231445.3,-73.575
231567.4,-73.652
231689.5,-58.672
231811.5,-57.538
231933.6,-68.955
232055.7,-68.699
232177.7,-54.950
232299.8,-54.837
232421.9,-68.145
232543.9,-76.932
232666.0,-67.934
232788.1,-68.644
232910.2,-78.815
233032.2,-71.755
233154.3,-61.839
233276.4,-63.636
233398.4,-77.962
233520.5,-74.801
233642.6,-65.811
233764.6,-68.366
233886.7,-79.882
234008.8,-65.760
234130.9,-57.715
234252.9,-61.631
234375.0,-79.581
234497.1,-71.626
234619.1,-65.753
234741.2,-70.769
234863.3,-80.999
234985.4,-67.397
235107.4,-61.892
235229.5,-67.973
235351.6,-81.756
235473.6,-73.783
235595.7,-69.536
235717.8,-75.755
235839.8,-81.455
235961.9,-67.804
236084.0,-64.369
236206.1,-72.443
236328.1,-77.159
236450.2,-59.888
236572.3,-57.427
236694.3,-67.274
236816.4,-81.764
236938.5,-73.495
237060.5,-72.218
237182.6,-79.311
237304.7,-78.289
237426.8,-66.752
237548.8,-66.359
237670.9,-77.166
237793.0,-77.288
237915.0,-69.688
238037.1,-70.435
238159.2,-80.454
238281.2,-73.842
238403.3,-63.247
238525.4,-64.855
238647.5,-78.842
238769.5,-66.453
238891.6,-56.841
239013.7,-59.474
239135.7,-77.219
239257.8,-64.730
239379.9,-56.282
239502.0,-59.951
239624.0,-78.028
239746.1,-61.767
239868.2,-54.577
239990.2,-59.305
240112.3,-79.051
240234.4,-63.811
240356.4,-57.800
240478.5,-63.562
240600.6,-80.091
240722.7,-71.400
240844.7,-67.452
240966.8,-73.929
241088.9,-82.745
241210.9,-69.865
241333.0,-66.099
241455.1,-73.866
241577.1,-79.584
241699.2,-63.277
241821.3,-60.462
241943.4,-69.739
242065.4,-77.486
242187.5,-62.462
242309.6,-60.742
242431.6,-71.402
242553.7,-71.580
242675.8,-56.684
242797.9,-55.902
242919.9,-68.129
243042.0,-76.621
243164.1,-64.598
243286.1,-64.769
243408.2,-76.776
243530.3,-75.194
243652.3,-64.086
243774.4,-65.240
243896.5,-77.644
244018.6,-64.310
244140.6,-54.080
244262.7,-56.372
244384.8,-74.417
244506.8,-68.100
244628.9,-59.426
244751.0,-62.741
244873.0,-79.111
244995.1,-67.518
245117.2,-60.214
245239.3,-64.551
245361.3,-83.219
245483.4,-65.048
245605.5,-58.654
245727.5,-64.109
245849.6,-83.182
245971.7,-75.173
246093.8,-70.392
246215.8,-75.445
246337.9,-77.809
246460.0,-59.556
246582.0,-55.377
246704.1,-63.176
246826.2,-79.784
246948.2,-74.790
247070.3,-72.544
247192.4,-80.065
247314.5,-81.391
247436.5,-67.057
247558.6,-65.015
247680.7,-75.107
247802.7,-80.789
247924.8,-71.907
248046.9,-70.977
248168.9,-78.852
248291.0,-77.448
248413.1,-67.761
248535.2,-67.756
248657.2,-79.441
248779.3,-72.660
248901.4,-60.984
249023.4,-61.917
249145.5,-75.878
249267.6,-71.086
249389.6,-60.929
249511.7,-62.874
249633.8,-78.373
249755.9,-71.038
249877.9,-62.323
250000.0,-65.241
250122.1,-81.666
250244.1,-69.305
250366.2,-61.346
250488.3,-65.332
250610.4,-83.042
250732.4,-67.241
250854.5,-60.472
250976.6,-65.510
251098.6,-83.811
251220.7,-73.733
251342.8,-68.371
251464.8,-74.492
251586.9,-83.429
251709.0,-66.277
251831.1,-61.729
251953.1,-69.039
252075.2,-80.634
252197.3,-63.689
252319.3,-60.225
252441.4,-68.758
252563.5,-78.368
252685.5,-61.694
252807.6,-59.222
252929.7,-69.058
253051.8,-77.085
253173.8,-61.576
253295.9,-60.161
253418.0,-71.419
253540.0,-74.026
253662.1,-60.496
253784.2,-60.101
253906.2,-72.795
254028.3,-78.255
254150.4,-67.646
254272.5,-68.217
254394.5,-78.286
254516.6,-77.197
254638.7,-71.988
254760.7,-73.484
254882.8,-82.052
255004.9,-67.649
255127.0,-57.910
255249.0,-60.530
255371.1,-78.281
255493.2,-70.546
255615.2,-62.350
255737.3,-65.902
255859.4,-80.097
255981.4,-64.470
256103.5,-57.363
256225.6,-62.149
256347.7,-82.604
256469.7,-60.807
256591.8,-54.776
256713.9,-60.629
256835.9,-83.436
256958.0,-63.067
257080.1,-58.151
257202.1,-65.117
257324.2,-83.713
257446.3,-69.867
257568.4,-66.158
257690.4,-73.924
257812.5,-77.957
257934.6,-60.368
258056.6,-57.577
258178.7,-67.092
258300.8,-79.755
258422.9,-65.817
258544.9,-64.146
258667.0,-74.361
258789.1,-77.149
258911.1,-64.316
259033.2,-63.631
259155.3,-75.290
259277.3,-77.948
259399.4,-71.578
259521.5,-71.960
259643.6,-81.084
259765.6,-75.606
259887.7,-64.700
260009.8,-65.906
260131.8,-78.856
260253.9,-74.009
260376.0,-64.807
260498.0,-66.978
260620.1,-79.554
260742.2,-71.064
260864.3,-62.818
260986.3,-66.135
261108.4,-78.521
261230.5,-66.497
261352.5,-59.088
261474.6,-63.453
261596.7,-81.997
261718.8,-69.216
261840.8,-63.183
261962.9,-68.643
262085.0,-82.407
262207.0,-65.636
262329.1,-60.487
262451.2,-67.056
262573.2,-80.791
262695.3,-62.176
262817.4,-58.006
262939.5,-65.823
263061.5,-80.343
263183.6,-70.211
263305.7,-67.389
263427.7,-75.781
263549.8,-81.226
263671.9,-72.316
263793.9,-70.621
263916.0,-79.151
264038.1,-76.234
264160.2,-61.949
264282.2,-60.868
264404.3,-72.407
264526.4,-73.212
264648.4,-60.083
264770.5,-60.004
264892.6,-73.172
265014.6,-72.607
265136.7,-61.207
265258.8,-62.214
265380.9,-76.727
265502.9,-74.433
265625.0,-64.742
265747.1,-66.676
265869.1,-79.234
265991.2,-73.597
266113.3,-66.054
266235.4,-69.131
266357.4,-79.539
266479.5,-67.261
266601.6,-59.433
266723.6,-63.467
266845.7,-79.603
266967.8,-60.443
267089.8,-53.673
267211.9,-58.814
267334.0,-81.644
267456.1,-62.936
267578.1,-57.406
267700.2,-63.706
267822.3,-81.136
267944.3,-62.502
268066.4,-58.027
268188.5,-65.449
268310.5,-80.730
268432.6,-68.536
268554.7,-65.265
268676.8,-73.271
268798.8,-77.749
268920.9,-61.312
269043.0,-58.891
269165.0,-68.693
269287.1,-73.760
269409.2,-58.116
269531.2,-56.706
269653.3,-68.006
269775.4,-72.458
269897.5,-58.912
270019.5,-58.538
270141.6,-71.233
270263.7,-74.257
270385.7,-62.788
270507.8,-63.445
270629.9,-76.845
270752.0,-72.318
270874.0,-61.890
270996.1,-63.487
271118.2,-77.748
271240.2,-71.019
271362.3,-61.629
271484.4,-64.217
271606.4,-79.085
271728.5,-62.580
271850.6,-54.173
271972.7,-57.853
272094.7,-78.117
272216.8,-66.874
272338.9,-59.729
272460.9,-64.360
272583.0,-81.204
272705.1,-67.850
272827.1,-62.356
272949.2,-68.065
273071.3,-79.902
273193.4,-70.823
273315.4,-66.991
273437.5,-73.388
273559.6,-80.087
273681.6,-61.880
273803.7,-58.061
273925.8,-66.020
274047.9,-78.545
274169.9,-63.100
274292.0,-60.340
274414.1,-69.449
274536.1,-75.683
274658.2,-60.453
274780.3,-58.709
274902.3,-69.385
275024.4,-78.563
275146.5,-68.069
275268.6,-67.397
275390.6,-77.161
275512.7,-73.905
275634.8,-61.710
275756.8,-61.984
275878.9,-73.847
276001.0,-72.523
276123.0,-62.309
276245.1,-63.589
276367.2,-76.549
276489.3,-67.712
276611.3,-57.664
276733.4,-59.922
276855.5,-76.440
276977.5,-71.918
277099.6,-63.672
277221.7,-66.894
277343.8,-79.113
277465.8,-69.141
277587.9,-61.885
277710.0,-66.131
277832.0,-79.440
277954.1,-65.701
278076.2,-59.435
278198.2,-64.903
278320.3,-79.719
278442.4,-76.863
278564.5,-73.517
278686.5,-76.356
278808.6,-79.003
278930.7,-66.777
279052.7,-62.862
279174.8,-70.166
279296.9,-77.022
279418.9,-73.569
279541.0,-72.362
279663.1,-78.394
279785.2,-77.438
279907.2,-69.595
280029.3,-68.361
280151.4,-76.032
280273.4,-74.773
280395.5,-63.721
280517.6,-62.781
280639.6,-73.547
280761.7,-75.927
280883.8,-66.333
281005.9,-66.521
281127.9,-77.388
281250.0,-74.686
281372.1,-65.472
281494.1,-66.666
281616.2,-78.592
281738.3,-70.085
281860.4,-60.739
281982.4,-62.903
282104.5,-77.540
282226.6,-71.277
282348.6,-63.280
282470.7,-66.352
282592.8,-79.435
282714.8,-66.977
282836.9,-59.557
282959.0,-63.660
283081.1,-78.187
283203.1,-66.693
283325.2,-60.668
283447.3,-65.908
283569.3,-79.468
283691.4,-59.717
283813.5,-54.127
283935.5,-60.365
284057.6,-79.013
284179.7,-68.878
284301.8,-65.125
284423.8,-71.909
284545.9,-77.636
284668.0,-67.250
284790.0,-64.779
284912.1,-72.643
285034.2,-74.851
285156.2,-59.441
285278.3,-57.164
285400.4,-67.141
285522.5,-77.053
285644.5,-68.289
285766.6,-67.234
285888.7,-74.962
286010.7,-71.962
286132.8,-58.796
286254.9,-58.456
286377.0,-70.804
286499.0,-68.809
286621.1,-56.783
286743.2,-57.414
286865.2,-71.421
286987.3,-69.041
287109.4,-58.878
287231.4,-60.477
287353.5,-75.340
287475.6,-68.295
287597.7,-59.287
287719.7,-61.867
287841.8,-76.729
287963.9,-71.043
288085.9,-63.725
288208.0,-67.112
288330.1,-79.456
288452.1,-67.526
288574.2,-60.693
288696.3,-65.206
288818.4,-78.508
288940.4,-64.325
289062.5,-58.497
289184.6,-64.197
289306.6,-79.758
289428.7,-67.869
289550.8,-63.630
289672.9,-69.965
289794.9,-78.124
289917.0,-71.476
290039.1,-70.288
290161.1,-76.085
290283.2,-77.330
290405.3,-66.122
290527.3,-63.863
290649.4,-72.193
290771.5,-74.671
290893.6,-60.163
291015.6,-58.468
291137.7,-68.936
291259.8,-73.525
291381.8,-59.836
291503.9,-59.072
291626.0,-70.689
291748.0,-72.080
291870.1,-59.763
291992.2,-60.005
292114.3,-72.591
292236.3,-73.123
292358.4,-63.670
292480.5,-65.103
292602.5,-76.142
292724.6,-75.381
292846.7,-70.864
292968.8,-72.189
293090.8,-77.709
293212.9,-73.724
293335.0,-66.946
293457.0,-69.850
293579.1,-78.292
293701.2,-68.079
293823.2,-60.885
293945.3,-65.046
294067.4,-75.393
294189.5,-63.438
294311.5,-57.372
294433.6,-62.836
294555.7,-77.287
294677.7,-71.296
294799.8,-67.497
294921.9,-72.491
295043.9,-77.825
295166.0,-68.101
295288.1,-64.432
295410.2,-71.385
295532.2,-77.726
295654.3,-65.909
295776.4,-63.009
295898.4,-71.118
296020.5,-76.950
296142.6,-71.313
296264.6,-69.615
296386.7,-75.314
296508.8,-74.660
296630.9,-66.366
296752.9,-66.762
296875.0,-75.994
296997.1,-74.472
297119.1,-65.981
297241.2,-66.635
297363.3,-76.227
297485.4,-72.714
297607.4,-62.875
297729.5,-63.978
297851.6,-75.447
297973.6,-71.963
298095.7,-64.329
298217.8,-66.711
298339.8,-77.092
298461.9,-64.771
298584.0,-55.863
298706.1,-58.906
298828.1,-76.209
298950.2,-71.528
299072.3,-65.379
299194.3,-68.989
299316.4,-77.586
299438.5,-72.515
299560.5,-68.748
299682.6,-73.050
299804.7,-77.149
299926.8,-65.129
300048.8,-60.058
300170.9,-66.166
300293.0,-76.952
300415.0,-66.426
300537.1,-62.024
300659.2,-68.595
300781.2,-77.298
300903.3,-67.275
301025.4,-64.809
301147.5,-72.109
301269.5,-74.711
301391.6,-68.447
301513.7,-68.141
301635.7,-75.967
301757.8,-73.661
301879.9,-64.103
302002.0,-63.815
302124.0,-73.991
302246.1,-74.864
302368.2,-67.825
302490.2,-68.708
302612.3,-76.306
302734.4,-70.306
302856.4,-59.334
302978.5,-60.189
303100.6,-73.401
303222.7,-69.337
303344.7,-59.656
303466.8,-61.493
303588.9,-75.858
303710.9,-65.742
303833.0,-56.592
303955.1,-59.236
304077.1,-75.361
304199.2,-70.771
304321.3,-65.215
304443.4,-68.906
304565.4,-77.830
304687.5,-65.653
304809.6,-58.804
304931.6,-63.446
305053.7,-75.801
305175.8,-65.606
305297.9,-60.215
305419.9,-65.760
305542.0,-76.727
305664.1,-63.744
305786.1,-59.126
305908.2,-65.641
306030.3,-76.866
306152.3,-63.939
306274.4,-60.473
306396.5,-68.253
306518.6,-77.235
306640.6,-70.012
306762.7,-67.794
306884.8,-73.140
307006.8,-75.359
307128.9,-69.469
307251.0,-69.701
307373.0,-74.713
307495.1,-73.189
307617.2,-62.051
307739.3,-61.406
307861.3,-71.552
307983.4,-72.745
308105.5,-61.886
308227.5,-62.193
308349.6,-73.824
308471.7,-74.244
308593.8,-67.535
308715.8,-69.099
308837.9,-75.869
308960.0,-68.948
309082.0,-60.009
309204.1,-62.371
309326.2,-74.872
309448.2,-72.372
309570.3,-66.153
309692.4,-68.681
309814.5,-75.885
309936.5,-69.531
310058.6,-63.513
310180.7,-67.616
310302.7,-77.196
310424.8,-68.331
310546.9,-63.069
310668.9,-68.363
310791.0,-75.285
310913.1,-68.506
311035.2,-65.453
311157.2,-71.156
311279.3,-74.525
311401.4,-67.060
311523.4,-64.549
311645.5,-71.184
311767.6,-75.012
311889.6,-65.663
312011.7,-63.461
312133.8,-71.690
312255.9,-74.758
312377.9,-63.850
312500.0,-62.245
312622.1,-71.640
312744.1,-72.550
312866.2,-61.926
312988.3,-61.274
313110.4,-71.518
313232.4,-71.711
313354.5,-63.308
313476.6,-63.777
313598.6,-74.254
313720.7,-70.946
313842.8,-61.979
313964.8,-63.145
314086.9,-75.203
314209.0,-71.545
314331.1,-64.421
314453.1,-66.679
314575.2,-76.138
314697.3,-67.361
314819.3,-59.952
314941.4,-63.191
315063.5,-75.813
315185.5,-67.311
315307.6,-62.329
315429.7,-66.982
315551.8,-76.480
315673.8,-67.094
315795.9,-62.536
315918.0,-67.959
316040.0,-77.015
316162.1,-64.659
316284.2,-59.882
316406.2,-66.231
316528.3,-74.805
316650.4,-61.930
316772.5,-57.860
316894.5,-65.016
317016.6,-74.509
317138.7,-60.794
317260.7,-57.615
317382.8,-65.948
317504.9,-74.286
317627.0,-64.251
317749.0,-62.652
317871.1,-71.325
317993.2,-73.977
318115.2,-65.029
318237.3,-65.045
318359.4,-73.941
318481.4,-71.506
318603.5,-61.733
318725.6,-61.755
318847.7,-71.788
318969.7,-70.859
319091.8,-61.272
319213.9,-61.933
319335.9,-72.854
319458.0,-69.255
319580.1,-59.816
319702.1,-61.501
319824.2,-74.274
319946.3,-68.885
320068.4,-60.155
320190.4,-62.743
320312.5,-75.206
320434.6,-68.164
320556.6,-61.842
320678.7,-65.188
320800.8,-74.041
320922.9,-68.989
321044.9,-65.100
321167.0,-68.870
321289.1,-75.326
321411.1,-69.107
321533.2,-64.974
321655.3,-69.721
321777.3,-76.975
321899.4,-67.780
322021.5,-63.477
322143.6,-69.351
322265.6,-74.396
322387.7,-65.264
322509.8,-65.236
322631.8,-72.506
322753.9,-71.849
322876.0,-62.806
322998.0,-62.038
323120.1,-70.941
323242.2,-71.652
323364.3,-63.946
323486.3,-63.572
323608.4,-72.603
323730.5,-73.825
323852.5,-64.754
323974.6,-65.072
324096.7,-74.016
324218.8,-68.347
324340.8,-55.930
324462.9,-56.285
324585.0,-69.538
324707.0,-68.598
324829.1,-61.415
324951.2,-63.207
325073.2,-74.143
325195.3,-69.032
325317.4,-63.714
325439.5,-67.417
325561.5,-74.999
325683.6,-69.360
325805.7,-64.087
325927.7,-68.366
326049.8,-75.401
326171.9,-68.308
326293.9,-62.421
326416.0,-66.077
326538.1,-74.503
326660.2,-61.834
326782.2,-56.024
326904.3,-61.464
327026.4,-75.265
327148.4,-66.060
327270.5,-62.222
327392.6,-68.208
327514.6,-75.364
327636.7,-65.781
327758.8,-62.588
327880.9,-69.997
328002.9,-74.788
328125.0,-67.317
328247.1,-65.176
328369.1,-71.127
328491.2,-73.228
328613.3,-61.376
328735.4,-59.475
328857.4,-68.248
328979.5,-71.468
329101.6,-63.976
329223.6,-63.973
329345.7,-72.727
329467.8,-72.162
329589.8,-65.843
329711.9,-67.633
329834.0,-75.922
329956.1,-70.747
330078.1,-65.030
330200.2,-67.780
330322.3,-74.343
330444.3,-68.339
330566.4,-60.960
330688.5,-63.336
330810.5,-73.307
330932.6,-67.250
331054.7,-59.578
331176.8,-62.672
331298.8,-75.117
331420.9,-67.690
331543.0,-62.294
331665.0,-66.640
331787.1,-76.496
331909.2,-65.409
332031.2,-60.216
332153.3,-65.589
332275.4,-75.710
332397.5,-65.474
332519.5,-60.582
332641.6,-66.124
332763.7,-74.075
332885.7,-67.583
333007.8,-64.375
333129.9,-69.863
333252.0,-73.488
333374.0,-63.227
333496.1,-60.616
333618.2,-68.656
333740.2,-72.915
333862.3,-64.350
333984.4,-64.087
334106.4,-72.401
334228.5,-73.202
334350.6,-64.859
334472.7,-65.208
334594.7,-72.789
334716.8,-71.795
334838.9,-63.589
334960.9,-64.032
335083.0,-73.087
335205.1,-70.477
335327.1,-61.987
335449.2,-63.177
335571.3,-73.707
335693.4,-68.716
335815.4,-58.968
335937.5,-60.739
336059.6,-73.947
336181.6,-71.382
336303.7,-65.014
336425.8,-67.183
336547.9,-75.139
336669.9,-68.079
336792.0,-63.086
336914.1,-67.351
337036.1,-74.761
337158.2,-66.243
337280.3,-60.975
337402.3,-65.851
337524.4,-75.014
337646.5,-69.242
337768.6,-65.118
337890.6,-69.336
338012.7,-75.098
338134.8,-67.818
338256.8,-65.643
338378.9,-71.905
338501.0,-74.436
338623.0,-62.763
338745.1,-59.654
338867.2,-67.650
338989.3,-73.110
339111.3,-66.215
339233.4,-64.255
339355.5,-71.075
339477.5,-72.906
339599.6,-67.288
339721.7,-67.470
339843.8,-73.166
339965.8,-71.856
340087.9,-63.439
340210.0,-63.958
340332.0,-73.599
340454.1,-72.273
340576.2,-64.427
340698.2,-65.487
340820.3,-74.261
340942.4,-69.440
341064.5,-64.070
341186.5,-67.303
341308.6,-73.899
341430.7,-67.487
341552.7,-61.616
341674.8,-65.249
341796.9,-74.793
341918.9,-67.856
342041.0,-61.170
342163.1,-64.705
342285.2,-75.743
342407.2,-68.483
342529.3,-62.924
342651.4,-67.046
342773.4,-74.652
342895.5,-64.069
343017.6,-58.978
343139.6,-64.457
343261.7,-73.184
343383.8,-65.335
343505.9,-63.264
343627.9,-69.793
343750.0,-73.530
343872.1,-65.284
343994.1,-63.183
344116.2,-70.254
344238.3,-75.602
344360.4,-67.091
344482.4,-65.303
344604.5,-72.081
344726.6,-73.492
344848.6,-62.112
344970.7,-60.387
345092.8,-69.432
345214.8,-70.072
345336.9,-62.036
345459.0,-62.885
345581.1,-72.552
345703.1,-69.652
345825.2,-62.104
345947.3,-64.556
346069.3,-74.410
346191.4,-71.286
346313.5,-64.704
346435.5,-67.198
346557.6,-73.994
346679.7,-69.072
346801.8,-62.090
346923.8,-64.103
347045.9,-73.323
347168.0,-66.106
347290.0,-57.725
347412.1,-60.593
347534.2,-74.302
347656.2,-69.450
347778.3,-63.808
347900.4,-66.975
348022.5,-75.032
348144.5,-68.590
348266.6,-66.958
348388.7,-73.720
348510.7,-74.369
348632.8,-67.446
348754.9,-66.690
348877.0,-72.116
348999.0,-73.214
349121.1,-66.542
349243.2,-64.583
349365.2,-69.458
349487.3,-73.977
349609.4,-65.064
349731.4,-62.586
349853.5,-69.659
349975.6,-72.608
350097.7,-64.584
350219.7,-63.162
350341.8,-71.741
350463.9,-70.597
350585.9,-62.874
350708.0,-64.738
350830.1,-73.790
350952.1,-68.728
351074.2,-61.118
351196.3,-63.641
351318.4,-72.462
351440.4,-69.441
351562.5,-62.781
351684.6,-65.495
351806.6,-73.942
351928.7,-68.670
352050.8,-61.237
352172.9,-63.813
352294.9,-75.169
352417.0,-66.246
352539.1,-57.941
352661.1,-60.819
352783.2,-73.830
352905.3,-66.597
353027.3,-60.444
353149.4,-64.116
353271.5,-73.788
353393.6,-66.265
353515.6,-62.286
353637.7,-67.645
353759.8,-74.145
353881.8,-66.503
354003.9,-63.635
354126.0,-69.455
354248.0,-74.521
354370.1,-65.395
354492.2,-63.055
354614.3,-69.064
354736.3,-73.911
354858.4,-63.590
354980.5,-60.792
355102.5,-68.079
355224.6,-72.416
355346.7,-64.514
355468.8,-64.228
355590.8,-72.073
355712.9,-70.778
355835.0,-61.415
355957.0,-61.940
356079.1,-72.304
356201.2,-71.152
356323.2,-62.243
356445.3,-62.823
356567.4,-71.988
356689.5,-70.893
356811.5,-63.822
356933.6,-65.223
357055.7,-73.141
357177.7,-68.862
357299.8,-60.109
357421.9,-61.880
357543.9,-73.927
357666.0,-68.310
357788.1,-61.337
357910.2,-63.973
358032.2,-74.896
358154.3,-67.340
358276.4,-62.354
358398.4,-66.578
358520.5,-74.361
358642.6,-67.568
358764.6,-63.332
358886.7,-67.939
359008.8,-74.469
359130.9,-66.937
359252.9,-63.581
359375.0,-68.571
359497.1,-74.170
359619.1,-64.800
359741.2,-60.977
359863.3,-67.134
359985.4,-74.281
360107.4,-64.974
360229.5,-63.453
360351.6,-70.434
360473.6,-72.393
360595.7,-62.834
360717.8,-62.614
360839.8,-71.728
360961.9,-72.009
361084.0,-62.710
361206.1,-62.813
361328.1,-71.917
361450.2,-72.644
361572.3,-63.704
361694.3,-63.469
361816.4,-71.930
361938.5,-71.959
362060.5,-62.369
362182.6,-62.620
362304.7,-72.724
362426.8,-70.449
362548.8,-61.940
362670.9,-63.001
362793.0,-73.615
362915.0,-70.924
363037.1,-64.870
363159.2,-66.663
363281.2,-74.568
363403.3,-70.778
363525.4,-67.433
363647.5,-70.205
363769.5,-73.833
363891.6,-68.992
364013.7,-65.246
364135.7,-69.417
364257.8,-75.297
364379.9,-67.942
364502.0,-64.609
364624.0,-69.560
364746.1,-75.058
364868.2,-66.136
364990.2,-64.461
365112.3,-71.206
365234.4,-73.980
365356.4,-64.755
365478.5,-63.285
365600.6,-70.962
365722.7,-73.544
365844.7,-65.888
365966.8,-64.108
366088.9,-71.251
366210.9,-74.568
366333.0,-65.822
366455.1,-64.257
366577.1,-71.875
366699.2,-73.373
366821.3,-63.980
366943.4,-63.676
367065.4,-72.763
367187.5,-70.577
367309.6,-63.301
367431.6,-65.247
367553.7,-74.458
367675.8,-69.995
367797.9,-64.287
367919.9,-67.694
368042.0,-75.251
368164.1,-70.140
368286.1,-64.572
368408.2,-68.160
368530.3,-75.380
368652.3,-69.638
368774.4,-62.622
368896.5,-65.680
369018.6,-75.300
369140.6,-68.330
369262.7,-62.881
369384.8,-66.813
369506.8,-75.504
369628.9,-66.205
369751.0,-62.508
369873.0,-68.409
369995.1,-75.206
370117.2,-67.526
370239.3,-64.577
370361.3,-70.634
370483.4,-75.392
370605.5,-67.395
370727.5,-65.444
370849.6,-71.833
370971.7,-74.608
371093.8,-65.628
371215.8,-63.302
371337.9,-70.259
371460.0,-72.917
371582.0,-65.240
371704.1,-64.710
371826.2,-72.430
371948.2,-72.931
372070.3,-65.810
372192.4,-65.858
372314.5,-73.807
372436.5,-72.618
372558.6,-66.227
372680.7,-67.656
372802.7,-75.070
372924.8,-70.659
373046.9,-63.580
373168.9,-65.952
373291.0,-75.049
373413.1,-68.377
373535.2,-62.432
373657.2,-66.284
373779.3,-74.413
373901.4,-67.153
374023.4,-62.055
374145.5,-66.891
374267.6,-75.093
374389.6,-68.518
374511.7,-63.504
374633.8,-67.721
374755.9,-75.353
374877.9,-68.241
375000.0,-62.855
375122.1,-67.328
375244.1,-76.515
375366.2,-66.691
375488.3,-61.993
375610.4,-67.451
375732.4,-74.413
375854.5,-66.776
375976.6,-64.352
376098.6,-70.571
376220.7,-73.185
376342.8,-65.105
376464.8,-64.978
376586.9,-73.536
376709.0,-74.505
376831.1,-66.631
376953.1,-65.841
377075.2,-73.000
377197.3,-74.107
377319.3,-65.425
377441.4,-65.354
377563.5,-73.095
377685.5,-71.490
377807.6,-63.849
377929.7,-64.570
378051.8,-73.839
378173.8,-69.121
378295.9,-62.794
378418.0,-65.632
378540.0,-75.531
378662.1,-69.761
378784.2,-63.338
378906.2,-66.555
379028.3,-76.176
379150.4,-72.014
379272.5,-65.480
379394.5,-68.065
379516.6,-75.522
379638.7,-67.412
379760.7,-62.424
379882.8,-66.900
380004.9,-75.272
380127.0,-64.425
380249.0,-60.609
380371.1,-66.743
380493.2,-76.346
380615.2,-65.482
380737.3,-62.498
380859.4,-69.503
380981.4,-77.110
381103.5,-67.629
381225.6,-64.478
381347.7,-70.974
381469.7,-75.287
381591.8,-64.914
381713.9,-62.148
381835.9,-69.256
381958.0,-73.650
382080.1,-62.994
382202.1,-61.625
382324.2,-69.904
382446.3,-74.842
382568.4,-66.615
382690.4,-65.823
382812.5,-73.378
382934.6,-75.568
383056.6,-68.311
383178.7,-68.508
383300.8,-75.894
383422.9,-73.317
383544.9,-64.987
383667.0,-65.435
383789.1,-74.188
383911.1,-69.944
384033.2,-63.135
384155.3,-65.733
384277.3,-74.111
384399.4,-68.332
384521.5,-62.716
384643.6,-67.426
384765.6,-75.600
384887.7,-70.978
385009.8,-66.163
385131.8,-70.732
385253.9,-76.826
385376.0,-69.547
385498.0,-64.164
385620.1,-68.283
385742.2,-75.274
385864.3,-69.311
385986.3,-63.855
386108.4,-67.764
386230.5,-74.934
386352.5,-67.801
386474.6,-65.114
386596.7,-71.001
386718.8,-75.249
386840.8,-66.640
386962.9,-65.374
387085.0,-73.804
387207.0,-76.639
387329.1,-70.931
387451.2,-69.004
387573.2,-73.561
387695.3,-75.546
387817.4,-70.044
387939.5,-68.306
388061.5,-72.632
388183.6,-73.626
388305.7,-67.559
388427.7,-67.072
388549.8,-74.109
388671.9,-73.341
388793.9,-67.859
388916.0,-69.490
389038.1,-76.697
389160.2,-72.274
389282.2,-67.011
389404.3,-70.736
389526.4,-75.984
389648.4,-71.303
389770.5,-66.463
389892.6,-70.436
390014.6,-75.220
390136.7,-68.645
390258.8,-64.332
390380.9,-69.174
390502.9,-75.909
390625.0,-68.112
390747.1,-64.348
390869.1,-70.053
390991.2,-77.491
391113.3,-67.600
391235.4,-64.065
391357.4,-70.621
391479.5,-76.473
391601.6,-68.694
391723.6,-65.724
391845.7,-71.923
391967.8,-74.949
392089.8,-65.200
392211.9,-63.708
392334.0,-71.767
392456.1,-74.036
392578.1,-63.993
392700.2,-63.236
392822.3,-72.344
392944.3,-74.844
393066.4,-65.925
393188.5,-65.880
393310.5,-75.164
393432.6,-73.595
393554.7,-65.340
393676.8,-66.018
393798.8,-74.820
393920.9,-71.164
394043.0,-63.242
394165.0,-64.525
394287.1,-75.019
394409.2,-71.658
394531.2,-64.857
394653.3,-66.805
394775.4,-76.069
394897.5,-69.182
395019.5,-62.777
395141.6,-66.847
395263.7,-77.772
395385.7,-68.750
395507.8,-63.011
395629.9,-67.271
395752.0,-78.019
395874.0,-67.793
395996.1,-63.105
396118.2,-68.090
396240.2,-76.849
396362.3,-66.827
396484.4,-62.927
396606.4,-68.708
396728.5,-76.877
396850.6,-68.145
396972.7,-64.414
397094.7,-70.215
397216.8,-77.382
397338.9,-68.635
397460.9,-65.575
397583.0,-71.514
397705.1,-77.266
397827.1,-67.747
397949.2,-65.834
398071.3,-72.390
398193.4,-74.718
398315.4,-64.322
398437.5,-64.194
398559.6,-73.437
398681.6,-74.799
398803.7,-67.231
398925.8,-68.038
399047.9,-75.487
399169.9,-71.930
399292.0,-63.425
399414.1,-65.643
399536.1,-76.486
399658.2,-73.820
399780.3,-65.324
399902.3,-66.757
400024.4,-75.776
400146.5,-72.475
400268.6,-65.539
400390.6,-68.025
400512.7,-76.925
400634.8,-68.388
400756.8,-62.348
400878.9,-66.885
401001.0,-77.769
401123.0,-68.281
401245.1,-62.964
401367.2,-67.997
401489.3,-78.011
401611.3,-72.332
401733.4,-67.469
401855.5,-71.272
401977.5,-77.279
402099.6,-71.634
402221.7,-66.788
402343.8,-71.203
402465.8,-77.901
402587.9,-70.397
402710.0,-66.167
402832.0,-71.481
402954.1,-77.532
403076.2,-71.310
403198.2,-68.888
403320.3,-73.978
403442.4,-76.571
403564.5,-66.266
403686.5,-66.395
403808.6,-75.342
403930.7,-77.460
404052.7,-70.502
404174.8,-70.246
404296.9,-76.379
404418.9,-77.796
404541.0,-71.722
404663.1,-70.972
404785.2,-76.268
404907.2,-77.305
405029.3,-70.542
405151.4,-70.430
405273.4,-77.071
405395.5,-76.884
405517.6,-70.747
405639.6,-71.999
405761.7,-78.005
405883.8,-74.184
406005.9,-69.188
406127.9,-73.159
406250.0,-78.610
406372.1,-75.317
406494.1,-72.483
406616.2,-75.132
406738.3,-77.811
406860.4,-75.188
406982.4,-72.589
407104.5,-75.134
407226.6,-78.970
407348.6,-71.375
407470.7,-68.585
407592.8,-74.730
407714.8,-78.169
407836.9,-72.901
407959.0,-71.397
408081.1,-76.850
408203.1,-78.000
408325.2,-68.943
408447.3,-68.318
408569.3,-77.164
408691.4,-77.961
408813.5,-68.414
408935.5,-68.162
409057.6,-76.764
409179.7,-77.778
409301.8,-69.357
409423.8,-69.533
409545.9,-77.410
409668.0,-76.492
409790.0,-69.532
409912.1,-70.583
410034.2,-78.993
410156.2,-73.247
410278.3,-65.181
410400.4,-67.629
410522.5,-79.553
410644.5,-77.655
410766.6,-70.812
410888.7,-72.192
411010.7,-80.279
411132.8,-75.803
411254.9,-71.287
411377.0,-73.914
411499.0,-79.881
411621.1,-73.134
411743.2,-67.930
411865.2,-72.240
411987.3,-81.679
412109.4,-70.766
412231.4,-66.259
412353.5,-71.596
412475.6,-79.698
412597.7,-74.759
412719.7,-71.446
412841.8,-76.756
412963.9,-79.832
413085.9,-73.021
413208.0,-70.425
413330.1,-75.725
413452.1,-78.455
413574.2,-71.866
413696.3,-70.059
413818.4,-76.742
413940.4,-80.922
414062.5,-71.572
414184.6,-70.201
414306.6,-77.002
414428.7,-80.873
414550.8,-75.375
414672.9,-74.895
414794.9,-79.349
414917.0,-77.630
415039.1,-70.479
415161.1,-72.134
415283.2,-79.158
415405.3,-73.613
415527.3,-65.897
415649.4,-68.437
415771.5,-80.194
415893.6,-76.839
416015.6,-69.637
416137.7,-71.951
416259.8,-79.898
416381.8,-77.448
416503.9,-72.960
416626.0,-75.677
416748.0,-81.864
416870.1,-73.624
416992.2,-68.148
417114.3,-72.234
417236.3,-79.788
417358.4,-69.520
417480.5,-65.120
417602.5,-71.052
417724.6,-80.654
417846.7,-73.172
417968.8,-69.768
418090.8,-75.919
418212.9,-80.538
418335.0,-71.704
418457.0,-69.115
418579.1,-76.654
418701.2,-80.490
418823.2,-69.562
418945.3,-67.524
419067.4,-75.663
419189.5,-78.703
419311.5,-66.025
419433.6,-65.086
419555.7,-74.917
419677.7,-78.887
419799.8,-67.834
419921.9,-67.820
420043.9,-78.383
420166.0,-77.249
420288.1,-68.267
420410.2,-68.908
420532.2,-78.384
420654.3,-77.375
420776.4,-71.549
420898.4,-71.365
421020.5,-79.103
421142.6,-79.432
421264.6,-72.910
421386.7,-72.522
421508.8,-79.298
421630.9,-78.604
421752.9,-72.853
421875.0,-74.436
421997.1,-80.058
422119.1,-77.148
422241.2,-73.323
422363.3,-76.298
422485.4,-83.006
422607.4,-71.245
422729.5,-66.592
422851.6,-72.682
422973.6,-82.076
423095.7,-78.514
423217.8,-74.405
423339.8,-76.847
423461.9,-78.530
423584.0,-74.598
423706.1,-71.938
423828.1,-77.638
423950.2,-81.549
424072.3,-73.526
424194.3,-71.406
424316.4,-77.313
424438.5,-79.133
424560.5,-67.031
424682.6,-65.920
424804.7,-75.891
424926.8,-80.463
425048.8,-71.254
425170.9,-71.106
425293.0,-79.318
425415.0,-79.883
425537.1,-73.936
425659.2,-73.853
425781.2,-81.484
425903.3,-77.930
426025.4,-69.645
426147.5,-70.867
426269.5,-79.781
426391.6,-78.512
426513.7,-71.168
426635.7,-71.910
426757.8,-79.904
426879.9,-79.365
427002.0,-73.699
427124.0,-76.536
427246.1,-81.946
427368.2,-79.364
427490.2,-75.034
427612.3,-76.810
427734.4,-81.687
427856.4,-76.628
427978.5,-72.250
428100.6,-76.492
428222.7,-83.196
428344.7,-74.133
428466.8,-70.389
428588.9,-75.835
428710.9,-79.355
428833.0,-70.667
428955.1,-68.092
429077.1,-76.453
429199.2,-81.165
429321.3,-73.167
429443.4,-71.062
429565.4,-79.428
429687.5,-79.857
429809.6,-75.565
429931.6,-74.618
430053.7,-79.525
430175.8,-81.025
430297.9,-73.975
430419.9,-72.656
430542.0,-79.619
430664.1,-78.397
430786.1,-73.212
430908.2,-73.284
431030.3,-80.912
431152.3,-78.596
431274.4,-69.431
431396.5,-71.088
431518.6,-81.198
431640.6,-76.401
431762.7,-70.237
431884.8,-72.750
432006.8,-81.430
432128.9,-82.177
432251.0,-75.573
432373.0,-77.537
432495.1,-83.333
432617.2,-82.502
432739.3,-77.007
432861.3,-77.977
432983.4,-79.557
433105.5,-77.911
433227.5,-73.956
433349.6,-76.840
433471.7,-83.227
433593.8,-81.678
433715.8,-78.113
433837.9,-80.617
433960.0,-83.927
434082.0,-75.471
434204.1,-71.570
434326.2,-78.104
434448.2,-84.958
434570.3,-78.535
434692.4,-76.653
434814.5,-81.280
434936.5,-83.935
435058.6,-73.549
435180.7,-71.630
435302.7,-78.722
435424.8,-81.695
435546.9,-73.571
435668.9,-72.487
435791.0,-79.789
435913.1,-80.144
436035.2,-73.153
436157.2,-72.464
436279.3,-81.774
436401.4,-83.019
436523.4,-75.477
436645.5,-76.500
436767.6,-84.869
436889.6,-85.610
437011.7,-79.707
437133.8,-79.340
437255.9,-80.401
437377.9,-80.383
437500.0,-75.237
437622.1,-75.028
437744.1,-84.415
437866.2,-81.147
437988.3,-76.180
438110.4,-79.537
438232.4,-83.638
438354.5,-82.071
438476.6,-77.147
438598.6,-80.356
438720.7,-86.104
438842.8,-83.850
438964.8,-80.593
439086.9,-82.840
439209.0,-83.331
439331.1,-77.785
439453.1,-74.300
439575.2,-81.229
439697.3,-84.969
439819.3,-76.378
439941.4,-72.888
440063.5,-78.527
440185.5,-83.667
440307.6,-84.182
440429.7,-78.937
440551.8,-80.484
440673.8,-84.354
440795.9,-79.100
440918.0,-78.216
441040.0,-84.003
441162.1,-85.387
441284.2,-78.916
441406.2,-78.042
441528.3,-85.592
441650.4,-85.335
441772.5,-78.647
441894.5,-77.538
442016.6,-82.563
442138.7,-85.694
442260.7,-77.989
442382.8,-78.982
442504.9,-84.569
442627.0,-83.465
442749.0,-77.851
442871.1,-80.418
442993.2,-84.371
443115.2,-82.394
443237.3,-79.326
443359.4,-82.235
443481.4,-87.487
443603.5,-83.970
443725.6,-79.814
443847.7,-81.663
443969.7,-84.429
444091.8,-85.853
444213.9,-84.018
444335.9,-85.236
444458.0,-87.068
444580.1,-81.088
444702.1,-79.034
444824.2,-84.927
444946.3,-88.139
445068.4,-81.163
445190.4,-77.418
445312.5,-83.918
445434.6,-81.210
445556.6,-79.639
445678.7,-80.440
445800.8,-86.064
445922.9,-85.578
446044.9,-80.950
446167.0,-80.483
446289.1,-86.915
446411.1,-83.569
446533.2,-80.643
446655.3,-81.753
446777.3,-88.169
446899.4,-84.784
447021.5,-74.633
447143.6,-74.100
447265.6,-81.732
447387.7,-83.375
447509.8,-76.479
447631.8,-76.669
447753.9,-86.256
447876.0,-80.559
447998.0,-75.593
448120.1,-77.403
448242.2,-85.220
448364.3,-85.620
448486.3,-80.742
448608.4,-82.524
448730.5,-88.832
448852.5,-88.259
448974.6,-83.981
449096.7,-85.360
449218.8,-87.458
449340.8,-84.969
449462.9,-80.187
449585.0,-82.988
449707.0,-85.857
449829.1,-81.230
449951.2,-80.512
450073.2,-85.277
450195.3,-86.815
450317.4,-82.660
450439.5,-82.144
450561.5,-84.840
450683.6,-85.775
450805.7,-81.365
450927.7,-80.108
451049.8,-84.213
451171.9,-83.698
451293.9,-80.604
451416.0,-79.558
451538.1,-82.055
451660.2,-82.308
451782.2,-84.100
451904.3,-85.489
452026.4,-83.878
452148.4,-82.881
452270.5,-79.208
452392.6,-79.206
452514.6,-84.212
452636.7,-88.291
452758.8,-79.697
452880.9,-80.312
453002.9,-84.451
453125.0,-83.391
453247.1,-80.599
453369.1,-82.768
453491.2,-84.313
453613.3,-79.982
453735.4,-79.012
453857.4,-82.625
453979.5,-83.604
454101.6,-81.880
454223.6,-82.662
454345.7,-85.146
454467.8,-88.068
454589.8,-80.091
454711.9,-76.283
454834.0,-82.174
454956.1,-82.254
455078.1,-83.420
455200.2,-79.669
455322.3,-82.410
455444.3,-82.487
455566.4,-85.505
455688.5,-82.114
455810.5,-83.683
455932.6,-82.698
456054.7,-81.289
456176.8,-80.932
456298.8,-85.102
456420.9,-87.471
456543.0,-85.986
456665.0,-81.415
456787.1,-81.960
456909.2,-85.352
457031.2,-83.923
457153.3,-84.426
457275.4,-88.083
457397.5,-86.215
457519.5,-83.942
457641.6,-78.511
457763.7,-83.638
457885.7,-86.976
458007.8,-84.033
458129.9,-80.965
458252.0,-84.409
458374.0,-82.194
458496.1,-79.190
458618.2,-80.788
458740.2,-87.582
458862.3,-78.917
458984.4,-80.530
459106.4,-88.401
459228.5,-89.298
459350.6,-82.289
459472.7,-75.129
459594.7,-79.445
459716.8,-84.074
459838.9,-79.401
459960.9,-78.438
460083.0,-82.491
460205.1,-81.885
460327.1,-85.011
460449.2,-85.413
460571.3,-84.478
460693.4,-79.993
460815.4,-81.546
460937.5,-81.419
461059.6,-80.241
461181.6,-90.763
461303.7,-87.219
461425.8,-82.452
461547.9,-81.715
461669.9,-81.754
461792.0,-82.175
461914.1,-79.268
462036.1,-81.919
462158.2,-88.144
462280.3,-86.300
462402.3,-85.704
462524.4,-89.418
462646.5,-88.750
462768.6,-85.570
462890.6,-82.176
463012.7,-87.352
463134.8,-90.946
463256.8,-85.315
463378.9,-81.066
463501.0,-81.556
463623.0,-85.076
463745.1,-76.096
463867.2,-76.054
463989.3,-86.961
464111.3,-82.720
464233.4,-82.043
464355.5,-77.702
464477.5,-85.447
464599.6,-82.966
464721.7,-87.860
464843.8,-84.495
464965.8,-89.035
465087.9,-89.674
465210.0,-81.853
465332.0,-84.956
465454.1,-87.496
465576.2,-82.769
465698.2,-78.318
465820.3,-83.389
465942.4,-80.470
466064.5,-80.682
466186.5,-82.963
466308.6,-86.319
466430.7,-89.258
466552.7,-86.958
466674.8,-88.840
466796.9,-83.795
466918.9,-81.847
467041.0,-88.850
467163.1,-86.829
467285.2,-86.882
467407.2,-89.124
467529.3,-90.219
467651.4,-84.585
467773.4,-90.321
467895.5,-89.179
468017.6,-79.551
468139.6,-74.402
468261.7,-80.097
468383.8,-87.524
468505.9,-77.152
468627.9,-74.030
468750.0,-80.653
468872.1,-86.612
468994.1,-79.557
469116.2,-78.554
469238.3,-86.148
469360.4,-86.425
469482.4,-78.843
469604.5,-79.544
469726.6,-84.792
469848.6,-81.577
469970.7,-90.641
470092.8,-83.369
470214.8,-84.097
470336.9,-86.497
470459.0,-87.426
470581.1,-84.719
470703.1,-87.087
470825.2,-83.676
470947.3,-79.840
471069.3,-83.626
471191.4,-84.521
471313.5,-89.845
471435.5,-78.736
471557.6,-79.233
471679.7,-85.548
471801.8,-84.460
471923.8,-79.083
472045.9,-83.879
472168.0,-86.831
472290.0,-87.230
472412.1,-86.449
472534.2,-85.639
472656.2,-85.186
472778.3,-89.076
472900.4,-78.871
473022.5,-79.158
473144.5,-84.509
473266.6,-89.199
473388.7,-88.596
473510.7,-91.059
473632.8,-85.611
473754.9,-79.567
473877.0,-81.017
473999.0,-86.905
474121.1,-80.979
474243.2,-82.627
474365.2,-86.862
474487.3,-82.678
474609.4,-86.553
474731.4,-77.948
474853.5,-77.241
474975.6,-90.236
475097.7,-91.076
475219.7,-80.692
475341.8,-78.180
475463.9,-79.934
475585.9,-80.959
475708.0,-85.364
475830.1,-88.013
475952.1,-89.123
476074.2,-88.705
476196.3,-90.479
476318.4,-87.516
476440.4,-83.184
476562.5,-83.670
476684.6,-86.993
476806.6,-83.858
476928.7,-87.902
477050.8,-81.250
477172.9,-78.810
477294.9,-84.947
477417.0,-84.975
477539.1,-79.975
477661.1,-79.270
477783.2,-83.135
477905.3,-86.295
478027.3,-82.712
478149.4,-76.526
478271.5,-83.018
478393.6,-90.186
478515.6,-82.799
478637.7,-80.034
478759.8,-81.869
478881.8,-82.009
479003.9,-84.260
479126.0,-85.343
479248.0,-80.392
479370.1,-77.507
479492.2,-80.216
479614.3,-78.128
479736.3,-85.134
479858.4,-87.690
479980.5,-89.763
480102.5,-86.844
480224.6,-84.228
480346.7,-81.886
480468.8,-80.149
480590.8,-76.310
480712.9,-82.042
480835.0,-87.701
480957.0,-79.517
481079.1,-79.616
481201.2,-86.473
481323.2,-86.228
481445.3,-80.271
481567.4,-80.215
481689.5,-85.991
481811.5,-83.393
481933.6,-84.080
482055.7,-87.484
482177.7,-87.591
482299.8,-84.130
482421.9,-84.586
482543.9,-81.719
482666.0,-83.813
482788.1,-81.605
482910.2,-83.866
483032.2,-89.657
483154.3,-86.697
483276.4,-86.307
483398.4,-83.648
483520.5,-82.937
483642.6,-83.178
483764.6,-85.507
483886.7,-89.698
484008.8,-86.584
484130.9,-91.511
484252.9,-86.309
484375.0,-80.344
484497.1,-82.410
484619.1,-84.771
484741.2,-81.310
484863.3,-78.567
484985.4,-87.268
485107.4,-80.776
485229.5,-82.006
485351.6,-86.542
485473.6,-90.251
485595.7,-89.958
485717.8,-88.872
485839.8,-84.632
485961.9,-90.420
486084.0,-86.484
486206.1,-81.206
486328.1,-80.311
486450.2,-89.804
486572.3,-83.359
486694.3,-78.314
486816.4,-81.725
486938.5,-87.154
487060.5,-90.762
487182.6,-82.945
487304.7,-82.691
487426.8,-90.214
487548.8,-88.318
487670.9,-81.256
487793.0,-83.334
487915.0,-86.105
488037.1,-88.136
488159.2,-77.932
488281.2,-79.383
488403.3,-85.135
488525.4,-80.777
488647.5,-80.048
488769.5,-85.835
488891.6,-86.566
489013.7,-82.723
489135.7,-75.887
489257.8,-76.397
489379.9,-80.264
489502.0,-81.294
489624.0,-84.453
489746.1,-85.732
489868.2,-85.439
489990.2,-82.344
490112.3,-77.290
490234.4,-82.134
490356.4,-88.530
490478.5,-89.018
490600.6,-89.932
490722.7,-88.955
490844.7,-90.530
490966.8,-82.241
491088.9,-82.412
491210.9,-90.292
491333.0,-85.591
491455.1,-87.136
491577.1,-81.860
491699.2,-85.812
491821.3,-84.815
491943.4,-75.130
492065.4,-76.511
492187.5,-84.514
492309.6,-87.906
492431.6,-88.945
492553.7,-89.302
492675.8,-84.760
492797.9,-88.570
492919.9,-84.556
493042.0,-83.817
493164.1,-83.840
493286.1,-84.669
493408.2,-76.616
493530.3,-80.069
493652.3,-87.750
493774.4,-86.526
493896.5,-83.858
494018.6,-89.454
494140.6,-83.774
494262.7,-90.507
494384.8,-80.637
494506.8,-84.902
494628.9,-90.491
494751.0,-82.242
494873.0,-80.643
494995.1,-82.730
495117.2,-88.427
495239.3,-85.454
495361.3,-87.812
495483.4,-91.008
495605.5,-90.354
495727.5,-80.921
495849.6,-78.278
495971.7,-81.683
496093.8,-82.047
496215.8,-80.838
496337.9,-81.753
496460.0,-82.552
496582.0,-83.487
496704.1,-87.281
496826.2,-90.494
496948.2,-86.376
497070.3,-87.866
497192.4,-81.682
497314.5,-80.980
497436.5,-83.660
497558.6,-81.769
497680.7,-81.022
497802.7,-80.046
497924.8,-83.876
498046.9,-83.030
498168.9,-85.760
498291.0,-84.741
498413.1,-79.786
498535.2,-78.421
498657.2,-83.433
498779.3,-79.593
498901.4,-80.687
499023.4,-79.855
499145.5,-79.794
499267.6,-81.786
499389.6,-78.584
499511.7,-83.766
499633.8,-87.582
499755.9,-83.542
499877.9,-82.914
