# baseband_freq_hz,power_dbfs_per_hz
-500000.0,-90.416
-499877.9,-90.170
-499755.9,-86.746
-499633.8,-89.003
-499511.7,-85.702
-499389.6,-89.999
-499267.6,-91.647
-499145.5,-83.070
-499023.4,-82.045
-498901.4,-90.191
-498779.3,-84.800
-498657.2,-87.205
-498535.2,-82.084
-498413.1,-86.897
-498291.0,-90.652
-498168.9,-89.260
-498046.9,-89.501
-497924.8,-88.949
-497802.7,-86.134
-497680.7,-89.107
-497558.6,-89.465
-497436.5,-86.533
-497314.5,-82.100
-497192.4,-80.454
-497070.3,-85.157
-496948.2,-90.483
-496826.2,-91.024
-496704.1,-84.957
-496582.0,-83.644
-496460.0,-88.994
-496337.9,-90.518
-496215.8,-88.838
-496093.8,-87.179
-495971.7,-81.213
-495849.6,-82.375
-495727.5,-85.857
-495605.5,-88.459
-495483.4,-88.013
-495361.3,-90.214
-495239.3,-82.725
-495117.2,-81.713
-494995.1,-82.891
-494873.0,-79.482
-494751.0,-78.163
-494628.9,-87.710
-494506.8,-87.001
-494384.8,-86.274
-494262.7,-81.157
-494140.6,-85.326
-494018.6,-87.766
-493896.5,-83.390
-493774.4,-81.315
-493652.3,-89.343
-493530.3,-83.452
-493408.2,-78.305
-493286.1,-77.535
-493164.1,-88.325
-493042.0,-88.400
-492919.9,-82.544
-492797.9,-83.950
-492675.8,-85.330
-492553.7,-86.698
-492431.6,-89.135
-492309.6,-86.148
-492187.5,-81.410
-492065.4,-79.568
-491943.4,-82.117
-491821.3,-85.441
-491699.2,-88.107
-491577.1,-84.394
-491455.1,-76.805
-491333.0,-78.650
-491210.9,-86.297
-491088.9,-90.517
-490966.8,-90.250
-490844.7,-90.262
-490722.7,-87.347
-490600.6,-82.195
-490478.5,-81.246
-490356.4,-87.553
-490234.4,-87.982
-490112.3,-84.729
-489990.2,-84.527
-489868.2,-88.551
-489746.1,-84.583
-489624.0,-87.962
-489502.0,-88.368
-489379.9,-85.570
-489257.8,-82.722
-489135.7,-89.000
-489013.7,-82.228
-488891.6,-82.683
-488769.5,-83.563
-488647.5,-82.619
-488525.4,-82.571
-488403.3,-87.876
-488281.2,-89.654
-488159.2,-80.455
-488037.1,-80.833
-487915.0,-89.112
-487793.0,-79.201
-487670.9,-75.143
-487548.8,-76.130
-487426.8,-83.302
-487304.7,-84.529
-487182.6,-89.197
-487060.5,-87.476
-486938.5,-90.444
-486816.4,-85.797
-486694.3,-86.064
-486572.3,-83.459
-486450.2,-90.148
-486328.1,-83.613
-486206.1,-80.432
-486084.0,-87.451
-485961.9,-87.363
-485839.8,-88.453
-485717.8,-86.449
-485595.7,-84.309
-485473.6,-87.466
-485351.6,-80.428
-485229.5,-77.460
-485107.4,-82.966
-484985.4,-91.256
-484863.3,-90.720
-484741.2,-87.050
-484619.1,-86.394
-484497.1,-89.857
-484375.0,-82.779
-484252.9,-79.182
-484130.9,-83.636
-484008.8,-84.324
-483886.7,-80.670
-483764.6,-80.723
-483642.6,-85.914
-483520.5,-85.958
-483398.4,-82.325
-483276.4,-84.090
-483154.3,-87.009
-483032.2,-84.410
-482910.2,-80.724
-482788.1,-79.851
-482666.0,-84.475
-482543.9,-87.831
-482421.9,-87.401
-482299.8,-84.570
-482177.7,-82.936
-482055.7,-81.413
-481933.6,-82.895
-481811.5,-86.026
-481689.5,-86.604
-481567.4,-83.688
-481445.3,-84.141
-481323.2,-88.333
-481201.2,-88.630
-481079.1,-85.029
-480957.0,-85.489
-480835.0,-88.423
-480712.9,-87.851
-480590.8,-80.512
-480468.8,-77.936
-480346.7,-78.338
-480224.6,-83.165
-480102.5,-91.351
-479980.5,-90.535
-479858.4,-91.794
-479736.3,-84.746
-479614.3,-84.055
-479492.2,-81.873
-479370.1,-83.277
-479248.0,-81.726
-479126.0,-82.434
-479003.9,-85.919
-478881.8,-83.814
-478759.8,-90.290
-478637.7,-86.689
-478515.6,-82.795
-478393.6,-89.044
-478271.5,-83.409
-478149.4,-88.927
-478027.3,-86.370
-477905.3,-85.833
-477783.2,-86.703
-477661.1,-85.321
-477539.1,-84.622
-477417.0,-85.506
-477294.9,-87.400
-477172.9,-86.645
-477050.8,-84.960
-476928.7,-88.727
-476806.6,-87.247
-476684.6,-87.986
-476562.5,-89.530
-476440.4,-88.496
-476318.4,-83.302
-476196.3,-79.199
-476074.2,-80.656
-475952.1,-87.632
-475830.1,-89.496
-475708.0,-88.289
-475585.9,-83.177
-475463.9,-88.379
-475341.8,-85.780
-475219.7,-83.746
-475097.7,-86.812
-474975.6,-86.408
-474853.5,-88.051
-474731.4,-91.250
-474609.4,-89.993
-474487.3,-85.837
-474365.2,-86.187
-474243.2,-84.251
-474121.1,-85.104
-473999.0,-91.280
-473877.0,-90.664
-473754.9,-85.731
-473632.8,-91.442
-473510.7,-81.432
-473388.7,-78.768
-473266.6,-77.303
-473144.5,-79.674
-473022.5,-88.666
-472900.4,-90.395
-472778.3,-89.939
-472656.2,-87.387
-472534.2,-85.543
-472412.1,-88.118
-472290.0,-90.252
-472168.0,-91.237
-472045.9,-88.880
-471923.8,-86.430
-471801.8,-86.128
-471679.7,-87.855
-471557.6,-87.602
-471435.5,-82.158
-471313.5,-80.430
-471191.4,-80.289
-471069.3,-79.543
-470947.3,-82.139
-470825.2,-83.414
-470703.1,-83.967
-470581.1,-79.071
-470459.0,-77.250
-470336.9,-79.485
-470214.8,-79.818
-470092.8,-78.477
-469970.7,-81.626
-469848.6,-82.632
-469726.6,-83.318
-469604.5,-85.784
-469482.4,-80.905
-469360.4,-81.276
-469238.3,-90.636
-469116.2,-84.884
-468994.1,-84.978
-468872.1,-88.621
-468750.0,-84.411
-468627.9,-80.838
-468505.9,-81.803
-468383.8,-83.671
-468261.7,-87.864
-468139.6,-84.141
-468017.6,-84.388
-467895.5,-90.996
-467773.4,-83.429
-467651.4,-86.621
-467529.3,-87.293
-467407.2,-87.187
-467285.2,-88.072
-467163.1,-80.147
-467041.0,-76.003
-466918.9,-77.998
-466796.9,-81.685
-466674.8,-84.983
-466552.7,-90.586
-466430.7,-89.991
-466308.6,-87.103
-466186.5,-82.169
-466064.5,-80.944
-465942.4,-82.922
-465820.3,-84.789
-465698.2,-83.991
-465576.2,-84.336
-465454.1,-81.587
-465332.0,-81.695
-465210.0,-85.128
-465087.9,-87.480
-464965.8,-84.770
-464843.8,-83.302
-464721.7,-85.282
-464599.6,-88.831
-464477.5,-86.637
-464355.5,-84.515
-464233.4,-82.445
-464111.3,-85.250
-463989.3,-87.098
-463867.2,-87.115
-463745.1,-85.313
-463623.0,-89.037
-463501.0,-87.055
-463378.9,-83.419
-463256.8,-81.036
-463134.8,-84.968
-463012.7,-88.414
-462890.6,-89.170
-462768.6,-82.753
-462646.5,-85.115
-462524.4,-87.030
-462402.3,-86.362
-462280.3,-91.565
-462158.2,-86.349
-462036.1,-83.372
-461914.1,-89.987
-461792.0,-83.631
-461669.9,-84.909
-461547.9,-88.282
-461425.8,-85.043
-461303.7,-84.704
-461181.6,-87.312
-461059.6,-82.710
-460937.5,-83.363
-460815.4,-85.425
-460693.4,-87.769
-460571.3,-87.168
-460449.2,-81.494
-460327.1,-80.470
-460205.1,-86.667
-460083.0,-87.583
-459960.9,-84.459
-459838.9,-86.937
-459716.8,-89.427
-459594.7,-87.649
-459472.7,-85.490
-459350.6,-80.905
-459228.5,-82.535
-459106.4,-82.446
-458984.4,-83.077
-458862.3,-83.904
-458740.2,-87.295
-458618.2,-87.991
-458496.1,-85.392
-458374.0,-88.926
-458252.0,-88.426
-458129.9,-86.381
-458007.8,-89.219
-457885.7,-90.783
-457763.7,-84.638
-457641.6,-87.477
-457519.5,-82.481
-457397.5,-85.063
-457275.4,-85.558
-457153.3,-86.512
-457031.2,-85.399
-456909.2,-90.234
-456787.1,-83.369
-456665.0,-85.356
-456543.0,-82.558
-456420.9,-85.232
-456298.8,-85.700
-456176.8,-82.902
-456054.7,-85.954
-455932.6,-83.438
-455810.5,-79.162
-455688.5,-83.278
-455566.4,-80.136
-455444.3,-80.719
-455322.3,-84.225
-455200.2,-88.396
-455078.1,-88.561
-454956.1,-83.617
-454834.0,-85.488
-454711.9,-84.437
-454589.8,-82.429
-454467.8,-87.068
-454345.7,-86.819
-454223.6,-87.289
-454101.6,-83.086
-453979.5,-87.592
-453857.4,-84.461
-453735.4,-78.381
-453613.3,-79.160
-453491.2,-82.678
-453369.1,-84.039
-453247.1,-83.234
-453125.0,-83.485
-453002.9,-82.708
-452880.9,-81.586
-452758.8,-81.891
-452636.7,-83.343
-452514.6,-86.321
-452392.6,-84.118
-452270.5,-78.082
-452148.4,-81.987
-452026.4,-86.457
-451904.3,-89.651
-451782.2,-78.608
-451660.2,-78.520
-451538.1,-85.271
-451416.0,-87.551
-451293.9,-88.936
-451171.9,-84.556
-451049.8,-82.181
-450927.7,-86.740
-450805.7,-86.847
-450683.6,-86.228
-450561.5,-84.961
-450439.5,-87.700
-450317.4,-88.807
-450195.3,-86.800
-450073.2,-83.806
-449951.2,-87.304
-449829.1,-87.320
-449707.0,-83.848
-449585.0,-85.153
-449462.9,-89.463
-449340.8,-89.511
-449218.8,-86.143
-449096.7,-84.694
-448974.6,-86.844
-448852.5,-85.754
-448730.5,-84.988
-448608.4,-84.790
-448486.3,-89.345
-448364.3,-88.773
-448242.2,-82.119
-448120.1,-81.834
-447998.0,-84.797
-447876.0,-87.669
-447753.9,-82.558
-447631.8,-82.246
-447509.8,-85.468
-447387.7,-85.730
-447265.6,-82.538
-447143.6,-82.544
-447021.5,-84.209
-446899.4,-85.721
-446777.3,-82.561
-446655.3,-85.752
-446533.2,-83.192
-446411.1,-81.756
-446289.1,-82.028
-446167.0,-83.645
-446044.9,-82.893
-445922.9,-84.096
-445800.8,-76.959
-445678.7,-80.414
-445556.6,-83.087
-445434.6,-81.716
-445312.5,-83.510
-445190.4,-88.622
-445068.4,-86.357
-444946.3,-84.100
-444824.2,-84.014
-444702.1,-87.990
-444580.1,-83.183
-444458.0,-86.823
-444335.9,-81.304
-444213.9,-82.770
-444091.8,-79.619
-443969.7,-77.175
-443847.7,-76.693
-443725.6,-78.925
-443603.5,-78.316
-443481.4,-78.706
-443359.4,-77.828
-443237.3,-80.441
-443115.2,-82.935
-442993.2,-83.060
-442871.1,-84.491
-442749.0,-88.076
-442627.0,-86.039
-442504.9,-78.811
-442382.8,-78.299
-442260.7,-82.924
-442138.7,-81.053
-442016.6,-76.456
-441894.5,-76.028
-441772.5,-75.244
-441650.4,-77.112
-441528.3,-75.549
-441406.2,-78.411
-441284.2,-85.805
-441162.1,-84.541
-441040.0,-79.312
-440918.0,-80.639
-440795.9,-86.531
-440673.8,-81.576
-440551.8,-76.835
-440429.7,-79.759
-440307.6,-81.315
-440185.5,-80.888
-440063.5,-76.702
-439941.4,-80.653
-439819.3,-81.465
-439697.3,-80.986
-439575.2,-78.178
-439453.1,-83.991
-439331.1,-80.109
-439209.0,-77.195
-439086.9,-77.398
-438964.8,-81.297
-438842.8,-83.261
-438720.7,-78.032
-438598.6,-75.319
-438476.6,-79.809
-438354.5,-81.131
-438232.4,-80.425
-438110.4,-79.877
-437988.3,-78.850
-437866.2,-79.569
-437744.1,-76.476
-437622.1,-76.357
-437500.0,-82.314
-437377.9,-81.769
-437255.9,-76.799
-437133.8,-77.994
-437011.7,-83.795
-436889.6,-84.422
-436767.6,-77.534
-436645.5,-78.713
-436523.4,-80.654
-436401.4,-79.738
-436279.3,-80.487
-436157.2,-83.799
-436035.2,-87.772
-435913.1,-82.201
-435791.0,-77.925
-435668.9,-81.730
-435546.9,-87.415
-435424.8,-82.770
-435302.7,-80.840
-435180.7,-82.990
-435058.6,-81.595
-434936.5,-78.753
-434814.5,-77.975
-434692.4,-84.035
-434570.3,-85.616
-434448.2,-78.652
-434326.2,-76.048
-434204.1,-82.998
-434082.0,-86.766
-433960.0,-80.924
-433837.9,-78.369
-433715.8,-82.152
-433593.8,-86.170
-433471.7,-75.374
-433349.6,-73.805
-433227.5,-81.021
-433105.5,-80.201
-432983.4,-75.833
-432861.3,-75.496
-432739.3,-84.328
-432617.2,-83.738
-432495.1,-76.494
-432373.0,-75.863
-432251.0,-81.619
-432128.9,-84.831
-432006.8,-79.224
-431884.8,-79.561
-431762.7,-85.464
-431640.6,-82.867
-431518.6,-76.945
-431396.5,-78.615
-431274.4,-84.231
-431152.3,-83.035
-431030.3,-77.819
-430908.2,-80.821
-430786.1,-83.905
-430664.1,-79.785
-430542.0,-76.923
-430419.9,-80.074
-430297.9,-83.376
-430175.8,-83.944
-430053.7,-80.936
-429931.6,-83.042
-429809.6,-80.746
-429687.5,-76.310
-429565.4,-72.852
-429443.4,-77.862
-429321.3,-82.855
-429199.2,-78.473
-429077.1,-77.204
-428955.1,-81.988
-428833.0,-80.891
-428710.9,-77.994
-428588.9,-77.210
-428466.8,-82.520
-428344.7,-82.234
-428222.7,-78.094
-428100.6,-77.579
-427978.5,-82.473
-427856.4,-82.365
-427734.4,-77.331
-427612.3,-76.187
-427490.2,-81.495
-427368.2,-81.317
-427246.1,-74.987
-427124.0,-74.967
-427002.0,-82.993
-426879.9,-81.057
-426757.8,-77.363
-426635.7,-78.000
-426513.7,-78.653
-426391.6,-78.698
-426269.5,-75.499
-426147.5,-78.191
-426025.4,-83.047
-425903.3,-78.611
-425781.2,-72.758
-425659.2,-75.812
-425537.1,-83.564
-425415.0,-77.957
-425293.0,-73.068
-425170.9,-76.633
-425048.8,-82.521
-424926.8,-75.930
-424804.7,-71.145
-424682.6,-75.818
-424560.5,-79.232
-424438.5,-74.697
-424316.4,-70.199
-424194.3,-75.692
-424072.3,-82.617
-423950.2,-74.391
-423828.1,-71.370
-423706.1,-77.111
-423584.0,-76.892
-423461.9,-73.381
-423339.8,-70.644
-423217.8,-77.571
-423095.7,-82.482
-422973.6,-74.257
-422851.6,-71.927
-422729.5,-79.666
-422607.4,-81.177
-422485.4,-73.497
-422363.3,-72.739
-422241.2,-80.982
-422119.1,-78.780
-421997.1,-74.600
-421875.0,-75.785
-421752.9,-81.974
-421630.9,-79.002
-421508.8,-74.702
-421386.7,-77.056
-421264.6,-82.782
-421142.6,-78.814
-421020.5,-71.697
-420898.4,-73.630
-420776.4,-82.165
-420654.3,-77.118
-420532.2,-70.441
-420410.2,-73.276
-420288.1,-82.487
-420166.0,-74.798
-420043.9,-68.585
-419921.9,-72.451
-419799.8,-83.182
-419677.7,-74.290
-419555.7,-69.113
-419433.6,-73.947
-419311.5,-82.756
-419189.5,-74.642
-419067.4,-70.237
-418945.3,-75.686
-418823.2,-81.490
-418701.2,-72.241
-418579.1,-68.472
-418457.0,-74.937
-418335.0,-82.729
-418212.9,-70.113
-418090.8,-66.374
-417968.8,-73.707
-417846.7,-81.752
-417724.6,-70.692
-417602.5,-68.284
-417480.5,-76.288
-417358.4,-79.533
-417236.3,-72.503
-417114.3,-71.405
-416992.2,-79.238
-416870.1,-81.171
-416748.0,-70.219
-416626.0,-69.108
-416503.9,-78.660
-416381.8,-80.870
-416259.8,-71.485
-416137.7,-71.127
-416015.6,-79.462
-415893.6,-77.966
-415771.5,-69.932
-415649.4,-70.893
-415527.3,-79.034
-415405.3,-75.735
-415283.2,-73.639
-415161.1,-76.760
-415039.1,-81.599
-414917.0,-77.798
-414794.9,-74.324
-414672.9,-77.280
-414550.8,-80.646
-414428.7,-77.587
-414306.6,-72.712
-414184.6,-76.128
-414062.5,-81.023
-413940.4,-75.152
-413818.4,-70.078
-413696.3,-74.590
-413574.2,-79.125
-413452.1,-72.850
-413330.1,-69.101
-413208.0,-75.063
-413085.9,-80.903
-412963.9,-73.425
-412841.8,-70.763
-412719.7,-76.685
-412597.7,-79.551
-412475.6,-74.185
-412353.5,-71.961
-412231.4,-78.279
-412109.4,-80.656
-411987.3,-71.929
-411865.2,-70.204
-411743.2,-77.704
-411621.1,-78.462
-411499.0,-69.605
-411377.0,-68.846
-411254.9,-78.257
-411132.8,-77.789
-411010.7,-71.967
-410888.7,-73.546
-410766.6,-78.636
-410644.5,-77.695
-410522.5,-70.345
-410400.4,-71.576
-410278.3,-78.045
-410156.2,-77.593
-410034.2,-73.862
-409912.1,-75.568
-409790.0,-77.980
-409668.0,-73.784
-409545.9,-67.736
-409423.8,-70.471
-409301.8,-80.754
-409179.7,-73.637
-409057.6,-69.155
-408935.5,-73.723
-408813.5,-79.668
-408691.4,-74.023
-408569.3,-71.083
-408447.3,-76.723
-408325.2,-77.315
-408203.1,-74.021
-408081.1,-72.393
-407959.0,-78.469
-407836.9,-79.485
-407714.8,-70.398
-407592.8,-67.022
-407470.7,-73.384
-407348.6,-76.680
-407226.6,-68.285
-407104.5,-65.573
-406982.4,-73.319
-406860.4,-78.310
-406738.3,-70.603
-406616.2,-69.076
-406494.1,-76.705
-406372.1,-77.272
-406250.0,-71.184
-406127.9,-70.733
-406005.9,-76.759
-405883.8,-75.149
-405761.7,-67.613
-405639.6,-67.158
-405517.6,-75.549
-405395.5,-76.928
-405273.4,-69.495
-405151.4,-69.308
-405029.3,-78.101
-404907.2,-77.202
-404785.2,-72.341
-404663.1,-73.525
-404541.0,-78.901
-404418.9,-73.967
-404296.9,-71.203
-404174.8,-76.071
-404052.7,-79.917
-403930.7,-72.666
-403808.6,-69.924
-403686.5,-74.940
-403564.5,-78.789
-403442.4,-73.381
-403320.3,-70.303
-403198.2,-75.163
-403076.2,-79.009
-402954.1,-72.094
-402832.0,-68.610
-402710.0,-74.211
-402587.9,-77.958
-402465.8,-68.130
-402343.8,-65.550
-402221.7,-73.008
-402099.6,-77.932
-401977.5,-66.768
-401855.5,-64.630
-401733.4,-72.942
-401611.3,-77.316
-401489.3,-70.048
-401367.2,-69.343
-401245.1,-76.844
-401123.0,-76.282
-401001.0,-67.636
-400878.9,-67.437
-400756.8,-75.437
-400634.8,-73.732
-400512.7,-63.789
-400390.6,-63.231
-400268.6,-73.639
-400146.5,-74.797
-400024.4,-67.814
-399902.3,-68.076
-399780.3,-76.981
-399658.2,-72.583
-399536.1,-67.031
-399414.1,-71.037
-399292.0,-79.783
-399169.9,-70.783
-399047.9,-63.764
-398925.8,-67.034
-398803.7,-77.593
-398681.6,-71.594
-398559.6,-66.358
-398437.5,-69.940
-398315.4,-79.331
-398193.4,-70.245
-398071.3,-64.599
-397949.2,-69.126
-397827.1,-79.159
-397705.1,-68.287
-397583.0,-62.456
-397460.9,-67.649
-397338.9,-78.927
-397216.8,-69.413
-397094.7,-65.237
-396972.7,-70.775
-396850.6,-78.020
-396728.5,-69.227
-396606.4,-65.349
-396484.4,-71.567
-396362.3,-77.486
-396240.2,-70.841
-396118.2,-68.351
-395996.1,-74.378
-395874.0,-77.944
-395752.0,-69.290
-395629.9,-67.852
-395507.8,-74.519
-395385.7,-76.158
-395263.7,-68.784
-395141.6,-69.238
-395019.5,-76.028
-394897.5,-74.315
-394775.4,-67.988
-394653.3,-70.019
-394531.2,-77.083
-394409.2,-73.738
-394287.1,-66.822
-394165.0,-69.401
-394043.0,-77.309
-393920.9,-72.954
-393798.8,-65.918
-393676.8,-68.064
-393554.7,-74.394
-393432.6,-72.337
-393310.5,-65.524
-393188.5,-68.490
-393066.4,-77.467
-392944.3,-72.035
-392822.3,-65.574
-392700.2,-69.087
-392578.1,-77.567
-392456.1,-71.952
-392334.0,-67.018
-392211.9,-71.169
-392089.8,-76.840
-391967.8,-71.957
-391845.7,-67.929
-391723.6,-72.492
-391601.6,-76.299
-391479.5,-72.232
-391357.4,-70.526
-391235.4,-74.980
-391113.3,-75.701
-390991.2,-69.714
-390869.1,-69.280
-390747.1,-75.454
-390625.0,-75.719
-390502.9,-68.362
-390380.9,-68.668
-390258.8,-75.908
-390136.7,-75.353
-390014.6,-68.973
-389892.6,-68.903
-389770.5,-75.607
-389648.4,-74.089
-389526.4,-68.694
-389404.3,-69.593
-389282.2,-75.403
-389160.2,-72.291
-389038.1,-65.204
-388916.0,-67.069
-388793.9,-75.596
-388671.9,-71.264
-388549.8,-65.231
-388427.7,-68.488
-388305.7,-77.036
-388183.6,-71.866
-388061.5,-67.554
-387939.5,-71.268
-387817.4,-77.113
-387695.3,-70.179
-387573.2,-65.875
-387451.2,-70.444
-387329.1,-78.416
-387207.0,-68.206
-387085.0,-63.108
-386962.9,-68.135
-386840.8,-76.350
-386718.8,-68.467
-386596.7,-65.369
-386474.6,-71.365
-386352.5,-75.815
-386230.5,-66.000
-386108.4,-65.001
-385986.3,-73.738
-385864.3,-75.336
-385742.2,-63.857
-385620.1,-62.372
-385498.0,-71.518
-385376.0,-75.885
-385253.9,-66.449
-385131.8,-64.538
-385009.8,-72.721
-384887.7,-75.112
-384765.6,-65.721
-384643.6,-64.559
-384521.5,-73.846
-384399.4,-74.049
-384277.3,-63.438
-384155.3,-62.663
-384033.2,-73.462
-383911.1,-74.684
-383789.1,-67.212
-383667.0,-66.828
-383544.9,-75.212
-383422.9,-73.024
-383300.8,-68.202
-383178.7,-70.807
-383056.6,-76.999
-382934.6,-69.657
-382812.5,-64.880
-382690.4,-69.936
-382568.4,-78.151
-382446.3,-67.596
-382324.2,-63.031
-382202.1,-68.524
-382080.1,-77.956
-381958.0,-68.046
-381835.9,-63.928
-381713.9,-69.517
-381591.8,-76.250
-381469.7,-67.759
-381347.7,-63.470
-381225.6,-69.259
-381103.5,-77.044
-380981.4,-66.655
-380859.4,-61.890
-380737.3,-68.076
-380615.2,-78.487
-380493.2,-67.857
-380371.1,-63.576
-380249.0,-69.532
-380127.0,-76.086
-380004.9,-67.657
-379882.8,-66.124
-379760.7,-72.821
-379638.7,-73.998
-379516.6,-66.054
-379394.5,-66.268
-379272.5,-74.908
-379150.4,-75.939
-379028.3,-68.815
-378906.2,-68.624
-378784.2,-74.256
-378662.1,-74.513
-378540.0,-66.992
-378418.0,-67.871
-378295.9,-74.196
-378173.8,-73.050
-378051.8,-65.211
-377929.7,-66.646
-377807.6,-75.315
-377685.5,-71.764
-377563.5,-65.740
-377441.4,-68.798
-377319.3,-76.807
-377197.3,-72.540
-377075.2,-66.512
-376953.1,-69.458
-376831.1,-76.517
-376709.0,-73.429
-376586.9,-68.122
-376464.8,-71.087
-376342.8,-74.728
-376220.7,-69.947
-376098.6,-65.805
-375976.6,-70.418
-375854.5,-76.521
-375732.4,-68.861
-375610.4,-66.021
-375488.3,-71.707
-375366.2,-76.258
-375244.1,-68.534
-375122.1,-67.246
-375000.0,-74.364
-374877.9,-76.901
-374755.9,-69.658
-374633.8,-68.159
-374511.7,-74.316
-374389.6,-75.318
-374267.6,-68.404
-374145.5,-67.134
-374023.4,-73.587
-373901.4,-74.928
-373779.3,-67.645
-373657.2,-66.938
-373535.2,-74.287
-373413.1,-75.109
-373291.0,-69.415
-373168.9,-69.653
-373046.9,-75.468
-372924.8,-73.697
-372802.7,-69.393
-372680.7,-71.657
-372558.6,-75.957
-372436.5,-71.721
-372314.5,-66.773
-372192.4,-69.910
-372070.3,-74.052
-371948.2,-71.457
-371826.2,-67.939
-371704.1,-71.343
-371582.0,-76.223
-371460.0,-71.519
-371337.9,-68.651
-371215.8,-73.325
-371093.8,-77.189
-370971.7,-68.444
-370849.6,-64.933
-370727.5,-70.979
-370605.5,-74.243
-370483.4,-67.802
-370361.3,-65.675
-370239.3,-72.083
-370117.2,-74.073
-369995.1,-66.534
-369873.0,-65.535
-369751.0,-73.665
-369628.9,-75.130
-369506.8,-66.904
-369384.8,-65.591
-369262.7,-73.361
-369140.6,-75.420
-369018.6,-68.078
-368896.5,-66.741
-368774.4,-74.310
-368652.3,-72.868
-368530.3,-66.121
-368408.2,-66.239
-368286.1,-74.115
-368164.1,-70.156
-368042.0,-63.109
-367919.9,-65.450
-367797.9,-75.748
-367675.8,-69.182
-367553.7,-61.884
-367431.6,-65.347
-367309.6,-76.463
-367187.5,-69.496
-367065.4,-63.321
-366943.4,-67.261
-366821.3,-77.011
-366699.2,-67.026
-366577.1,-61.334
-366455.1,-65.601
-366333.0,-75.671
-366210.9,-66.633
-366088.9,-61.182
-365966.8,-65.322
-365844.7,-77.134
-365722.7,-69.027
-365600.6,-63.539
-365478.5,-67.772
-365356.4,-76.521
-365234.4,-68.954
-365112.3,-64.169
-364990.2,-68.859
-364868.2,-74.834
-364746.1,-64.988
-364624.0,-62.943
-364502.0,-69.901
-364379.9,-72.521
-364257.8,-61.078
-364135.7,-60.432
-364013.7,-70.207
-363891.6,-74.139
-363769.5,-63.779
-363647.5,-63.701
-363525.4,-72.677
-363403.3,-72.769
-363281.2,-63.487
-363159.2,-63.786
-363037.1,-73.596
-362915.0,-72.559
-362793.0,-62.407
-362670.9,-61.988
-362548.8,-71.143
-362426.8,-70.740
-362304.7,-62.513
-362182.6,-63.119
-362060.5,-73.143
-361938.5,-72.696
-361816.4,-65.261
-361694.3,-66.742
-361572.3,-75.273
-361450.2,-69.700
-361328.1,-63.785
-361206.1,-67.546
-361084.0,-75.978
-360961.9,-68.044
-360839.8,-62.889
-360717.8,-66.973
-360595.7,-74.781
-360473.6,-66.050
-360351.6,-61.956
-360229.5,-67.386
-360107.4,-74.712
-359985.4,-67.982
-359863.3,-64.287
-359741.2,-70.009
-359619.1,-76.041
-359497.1,-66.529
-359375.0,-63.466
-359252.9,-70.105
-359130.9,-75.814
-359008.8,-66.502
-358886.7,-63.541
-358764.6,-69.887
-358642.6,-74.195
-358520.5,-66.934
-358398.4,-65.352
-358276.4,-71.252
-358154.3,-73.920
-358032.2,-65.862
-357910.2,-65.686
-357788.1,-74.216
-357666.0,-73.842
-357543.9,-66.654
-357421.9,-66.969
-357299.8,-74.510
-357177.7,-72.531
-357055.7,-66.667
-356933.6,-68.188
-356811.5,-74.434
-356689.5,-69.298
-356567.4,-62.743
-356445.3,-65.928
-356323.2,-74.666
-356201.2,-71.405
-356079.1,-65.960
-355957.0,-69.034
-355835.0,-76.596
-355712.9,-67.652
-355590.8,-62.672
-355468.8,-68.051
-355346.7,-76.330
-355224.6,-66.928
-355102.5,-62.423
-354980.5,-67.751
-354858.4,-74.797
-354736.3,-64.317
-354614.3,-60.919
-354492.2,-67.868
-354370.1,-75.538
-354248.0,-66.378
-354126.0,-63.263
-354003.9,-70.181
-353881.8,-75.943
-353759.8,-65.761
-353637.7,-63.301
-353515.6,-70.624
-353393.6,-75.108
-353271.5,-66.534
-353149.4,-64.055
-353027.3,-71.325
-352905.3,-74.763
-352783.2,-66.768
-352661.1,-65.251
-352539.1,-72.493
-352417.0,-74.461
-352294.9,-67.508
-352172.9,-67.454
-352050.8,-75.212
-351928.7,-72.233
-351806.6,-64.761
-351684.6,-66.629
-351562.5,-75.085
-351440.4,-70.411
-351318.4,-64.270
-351196.3,-67.186
-351074.2,-74.692
-350952.1,-69.730
-350830.1,-63.846
-350708.0,-67.571
-350585.9,-76.124
-350463.9,-69.611
-350341.8,-64.110
-350219.7,-68.387
-350097.7,-76.707
-349975.6,-68.389
-349853.5,-63.619
-349731.4,-68.600
-349609.4,-76.599
-349487.3,-65.372
-349365.2,-61.611
-349243.2,-68.310
-349121.1,-76.507
-348999.0,-65.194
-348877.0,-62.292
-348754.9,-69.707
-348632.8,-76.209
-348510.7,-65.225
-348388.7,-63.012
-348266.6,-71.120
-348144.5,-76.265
-348022.5,-67.436
-347900.4,-64.868
-347778.3,-71.837
-347656.2,-75.258
-347534.2,-66.591
-347412.1,-64.760
-347290.0,-72.165
-347168.0,-76.031
-347045.9,-68.130
-346923.8,-66.701
-346801.8,-73.728
-346679.7,-74.386
-346557.6,-67.441
-346435.5,-67.976
-346313.5,-73.446
-346191.4,-72.269
-346069.3,-69.269
-345947.3,-70.332
-345825.2,-76.053
-345703.1,-72.471
-345581.1,-67.924
-345459.0,-70.303
-345336.9,-76.300
-345214.8,-73.248
-345092.8,-69.268
-344970.7,-71.472
-344848.6,-76.002
-344726.6,-71.544
-344604.5,-68.035
-344482.4,-72.316
-344360.4,-76.715
-344238.3,-65.968
-344116.2,-62.751
-343994.1,-70.118
-343872.1,-75.977
-343750.0,-64.437
-343627.9,-61.955
-343505.9,-70.026
-343383.8,-75.623
-343261.7,-64.403
-343139.6,-62.566
-343017.6,-71.459
-342895.5,-75.258
-342773.4,-65.702
-342651.4,-64.059
-342529.3,-72.259
-342407.2,-74.869
-342285.2,-64.543
-342163.1,-63.499
-342041.0,-72.477
-341918.9,-74.584
-341796.9,-65.092
-341674.8,-64.646
-341552.7,-73.655
-341430.7,-74.952
-341308.6,-66.794
-341186.5,-66.977
-341064.5,-74.587
-340942.4,-73.206
-340820.3,-65.869
-340698.2,-67.481
-340576.2,-75.199
-340454.1,-71.540
-340332.0,-65.813
-340210.0,-68.115
-340087.9,-75.955
-339965.8,-69.200
-339843.8,-63.206
-339721.7,-67.311
-339599.6,-75.615
-339477.5,-70.430
-339355.5,-65.440
-339233.4,-69.808
-339111.3,-75.005
-338989.3,-68.855
-338867.2,-65.058
-338745.1,-70.610
-338623.0,-75.884
-338501.0,-66.723
-338378.9,-63.394
-338256.8,-69.992
-338134.8,-76.054
-338012.7,-70.705
-337890.6,-67.595
-337768.6,-72.459
-337646.5,-76.114
-337524.4,-69.079
-337402.3,-67.292
-337280.3,-74.134
-337158.2,-75.776
-337036.1,-69.787
-336914.1,-68.750
-336792.0,-74.512
-336669.9,-73.481
-336547.9,-67.325
-336425.8,-67.812
-336303.7,-74.842
-336181.6,-72.948
-336059.6,-66.171
-335937.5,-68.094
-335815.4,-75.855
-335693.4,-72.752
-335571.3,-66.581
-335449.2,-69.223
-335327.1,-77.799
-335205.1,-68.886
-335083.0,-61.876
-334960.9,-65.751
-334838.9,-76.935
-334716.8,-67.482
-334594.7,-61.446
-334472.7,-66.163
-334350.6,-75.057
-334228.5,-65.384
-334106.4,-60.119
-333984.4,-65.907
-333862.3,-77.174
-333740.2,-69.272
-333618.2,-65.149
-333496.1,-70.140
-333374.0,-76.901
-333252.0,-66.555
-333129.9,-62.842
-333007.8,-68.936
-332885.7,-74.924
-332763.7,-63.515
-332641.6,-60.781
-332519.5,-68.735
-332397.5,-74.882
-332275.4,-62.723
-332153.3,-61.098
-332031.2,-70.347
-331909.2,-73.172
-331787.1,-60.671
-331665.0,-60.239
-331543.0,-71.216
-331420.9,-72.617
-331298.8,-62.444
-331176.8,-62.245
-331054.7,-72.526
-330932.6,-75.413
-330810.5,-66.548
-330688.5,-65.493
-330566.4,-73.258
-330444.3,-73.675
-330322.3,-66.456
-330200.2,-66.146
-330078.1,-74.436
-329956.1,-69.822
-329834.0,-61.668
-329711.9,-64.153
-329589.8,-76.458
-329467.8,-72.907
-329345.7,-66.097
-329223.6,-68.527
-329101.6,-76.188
-328979.5,-67.923
-328857.4,-62.276
-328735.4,-67.205
-328613.3,-76.478
-328491.2,-69.919
-328369.1,-65.125
-328247.1,-69.423
-328125.0,-75.859
-328002.9,-67.847
-327880.9,-63.780
-327758.8,-69.083
-327636.7,-77.841
-327514.6,-72.251
-327392.6,-68.646
-327270.5,-72.775
-327148.4,-75.869
-327026.4,-68.153
-326904.3,-65.913
-326782.2,-72.113
-326660.2,-75.000
-326538.1,-65.191
-326416.0,-64.274
-326293.9,-72.811
-326171.9,-75.125
-326049.8,-68.472
-325927.7,-68.322
-325805.7,-74.409
-325683.6,-74.603
-325561.5,-65.289
-325439.5,-66.339
-325317.4,-75.879
-325195.3,-73.659
-325073.2,-65.891
-324951.2,-67.480
-324829.1,-75.634
-324707.0,-72.095
-324585.0,-64.884
-324462.9,-67.611
-324340.8,-76.339
-324218.8,-68.305
-324096.7,-61.064
-323974.6,-65.102
-323852.5,-76.430
-323730.5,-70.989
-323608.4,-65.232
-323486.3,-69.491
-323364.3,-77.007
-323242.2,-66.865
-323120.1,-61.803
-322998.0,-67.687
-322876.0,-77.259
-322753.9,-67.125
-322631.8,-62.835
-322509.8,-69.061
-322387.7,-77.143
-322265.6,-71.339
-322143.6,-67.383
-322021.5,-71.851
-321899.4,-75.838
-321777.3,-69.309
-321655.3,-66.650
-321533.2,-73.543
-321411.1,-76.553
-321289.1,-65.990
-321167.0,-64.480
-321044.9,-72.778
-320922.9,-75.287
-320800.8,-67.465
-320678.7,-67.049
-320556.6,-74.782
-320434.6,-75.135
-320312.5,-69.937
-320190.4,-70.908
-320068.4,-76.355
-319946.3,-75.627
-319824.2,-70.598
-319702.1,-71.310
-319580.1,-76.556
-319458.0,-74.795
-319335.9,-69.882
-319213.9,-71.178
-319091.8,-77.323
-318969.7,-69.352
-318847.7,-62.412
-318725.6,-66.430
-318603.5,-77.929
-318481.4,-65.530
-318359.4,-59.126
-318237.3,-64.309
-318115.2,-77.552
-317993.2,-67.706
-317871.1,-62.594
-317749.0,-68.310
-317627.0,-78.161
-317504.9,-70.328
-317382.8,-66.521
-317260.7,-71.558
-317138.7,-77.758
-317016.6,-68.435
-316894.5,-64.795
-316772.5,-70.909
-316650.4,-76.461
-316528.3,-64.449
-316406.2,-61.847
-316284.2,-70.087
-316162.1,-74.973
-316040.0,-63.048
-315918.0,-61.795
-315795.9,-71.759
-315673.8,-73.232
-315551.8,-61.342
-315429.7,-61.016
-315307.6,-71.532
-315185.5,-73.092
-315063.5,-65.025
-314941.4,-65.061
-314819.3,-74.285
-314697.3,-75.191
-314575.2,-68.605
-314453.1,-68.175
-314331.1,-75.818
-314209.0,-71.671
-314086.9,-63.520
-313964.8,-65.693
-313842.8,-77.252
-313720.7,-68.490
-313598.6,-60.415
-313476.6,-63.687
-313354.5,-75.028
-313232.4,-66.177
-313110.4,-59.371
-312988.3,-63.888
-312866.2,-76.093
-312744.1,-70.794
-312622.1,-66.408
-312500.0,-70.660
-312377.9,-76.699
-312255.9,-63.454
-312133.8,-58.665
-312011.7,-65.237
-311889.6,-78.741
-311767.6,-70.359
-311645.5,-65.677
-311523.4,-70.449
-311401.4,-76.876
-311279.3,-68.989
-311157.2,-66.038
-311035.2,-71.553
-310913.1,-73.858
-310791.0,-63.304
-310668.9,-61.700
-310546.9,-71.288
-310424.8,-75.038
-310302.7,-62.512
-310180.7,-61.497
-310058.6,-71.449
-309936.5,-75.794
-309814.5,-65.375
-309692.4,-65.360
-309570.3,-74.356
-309448.2,-73.657
-309326.2,-65.623
-309204.1,-66.562
-309082.0,-75.744
-308960.0,-73.605
-308837.9,-67.702
-308715.8,-69.090
-308593.8,-76.420
-308471.7,-73.305
-308349.6,-67.109
-308227.5,-68.750
-308105.5,-76.108
-307983.4,-70.616
-307861.3,-63.898
-307739.3,-67.858
-307617.2,-76.138
-307495.1,-66.987
-307373.0,-61.124
-307251.0,-66.514
-307128.9,-78.429
-307006.8,-61.427
-306884.8,-56.311
-306762.7,-62.982
-306640.6,-77.939
-306518.6,-69.338
-306396.5,-65.005
-306274.4,-70.781
-306152.3,-77.229
-306030.3,-70.970
-305908.2,-67.626
-305786.1,-73.195
-305664.1,-77.514
-305542.0,-69.223
-305419.9,-66.375
-305297.9,-72.885
-305175.8,-75.972
-305053.7,-65.217
-304931.6,-63.714
-304809.6,-71.997
-304687.5,-75.581
-304565.4,-67.296
-304443.4,-67.846
-304321.3,-75.863
-304199.2,-71.142
-304077.1,-60.923
-303955.1,-61.947
-303833.0,-75.097
-303710.9,-73.331
-303588.9,-65.796
-303466.8,-67.493
-303344.7,-76.988
-303222.7,-69.908
-303100.6,-61.569
-302978.5,-64.382
-302856.4,-74.693
-302734.4,-65.835
-302612.3,-58.104
-302490.2,-62.144
-302368.2,-78.674
-302246.1,-71.826
-302124.0,-65.648
-302002.0,-69.428
-301879.9,-78.171
-301757.8,-65.996
-301635.7,-60.769
-301513.7,-66.711
-301391.6,-76.870
-301269.5,-69.022
-301147.5,-64.477
-301025.4,-70.008
-300903.3,-77.338
-300781.2,-71.220
-300659.2,-67.541
-300537.1,-72.681
-300415.0,-78.850
-300293.0,-67.267
-300170.9,-65.147
-300048.8,-73.411
-299926.8,-74.307
-299804.7,-59.997
-299682.6,-58.714
-299560.5,-69.537
-299438.5,-73.967
-299316.4,-63.732
-299194.3,-63.209
-299072.3,-73.388
-298950.2,-73.286
-298828.1,-63.111
-298706.1,-63.677
-298584.0,-74.969
-298461.9,-75.782
-298339.8,-67.019
-298217.8,-68.160
-298095.7,-77.011
-297973.6,-69.021
-297851.6,-59.706
-297729.5,-62.179
-297607.4,-76.384
-297485.4,-73.175
-297363.3,-66.172
-297241.2,-69.123
-297119.1,-76.897
-296997.1,-67.510
-296875.0,-61.009
-296752.9,-65.630
-296630.9,-78.447
-296508.8,-66.862
-296386.7,-61.060
-296264.6,-66.639
-296142.6,-79.204
-296020.5,-67.373
-295898.4,-62.540
-295776.4,-68.520
-295654.3,-76.205
-295532.2,-68.541
-295410.2,-65.315
-295288.1,-72.215
-295166.0,-75.630
-295043.9,-61.255
-294921.9,-58.656
-294799.8,-67.924
-294677.7,-78.851
-294555.7,-71.037
-294433.6,-68.682
-294311.5,-75.025
-294189.5,-76.679
-294067.4,-64.087
-293945.3,-63.273
-293823.2,-72.830
-293701.2,-73.711
-293579.1,-64.058
-293457.0,-64.468
-293335.0,-76.132
-293212.9,-71.858
-293090.8,-62.758
-292968.8,-64.210
-292846.7,-75.732
-292724.6,-73.690
-292602.5,-65.547
-292480.5,-67.851
-292358.4,-78.038
-292236.3,-72.921
-292114.3,-65.952
-291992.2,-68.713
-291870.1,-76.328
-291748.0,-66.004
-291626.0,-58.986
-291503.9,-63.549
-291381.8,-79.923
-291259.8,-59.119
-291137.7,-52.851
-291015.6,-58.462
-290893.6,-79.257
-290771.5,-64.579
-290649.4,-59.327
-290527.3,-65.679
-290405.3,-79.117
-290283.2,-71.981
-290161.1,-67.199
-290039.1,-72.840
-289917.0,-79.675
-289794.9,-69.685
-289672.9,-66.117
-289550.8,-72.204
-289428.7,-76.033
-289306.6,-61.743
-289184.6,-59.495
-289062.5,-68.472
-288940.4,-75.479
-288818.4,-63.785
-288696.3,-62.735
-288574.2,-73.492
-288452.1,-79.081
-288330.1,-74.248
-288208.0,-73.495
-288085.9,-79.099
-287963.9,-76.626
-287841.8,-67.229
-287719.7,-67.928
-287597.7,-76.679
-287475.6,-70.654
-287353.5,-60.853
-287231.4,-62.676
-287109.4,-75.141
-286987.3,-75.944
-286865.2,-69.231
-286743.2,-71.564
-286621.1,-80.380
-286499.0,-73.046
-286377.0,-66.275
-286254.9,-70.269
-286132.8,-80.750
-286010.7,-67.516
-285888.7,-61.004
-285766.6,-66.085
-285644.5,-78.803
-285522.5,-67.234
-285400.4,-61.920
-285278.3,-67.752
-285156.2,-77.774
-285034.2,-69.122
-284912.1,-64.877
-284790.0,-71.923
-284668.0,-80.103
-284545.9,-66.296
-284423.8,-63.122
-284301.8,-71.258
-284179.7,-78.598
-284057.6,-66.877
-283935.5,-64.602
-283813.5,-73.336
-283691.4,-76.421
-283569.3,-67.713
-283447.3,-66.809
-283325.2,-75.000
-283203.1,-76.672
-283081.1,-70.043
-282959.0,-70.009
-282836.9,-78.707
-282714.8,-69.885
-282592.8,-57.483
-282470.7,-58.226
-282348.6,-72.667
-282226.6,-73.099
-282104.5,-63.203
-281982.4,-64.913
-281860.4,-78.131
-281738.3,-66.516
-281616.2,-57.184
-281494.1,-59.997
-281372.1,-76.872
-281250.0,-72.816
-281127.9,-65.816
-281005.9,-69.302
-280883.8,-79.399
-280761.7,-71.999
-280639.6,-65.486
-280517.6,-69.596
-280395.5,-80.823
-280273.4,-64.692
-280151.4,-58.895
-280029.3,-64.890
-279907.2,-80.279
-279785.2,-58.803
-279663.1,-54.022
-279541.0,-61.187
-279418.9,-79.324
-279296.9,-66.168
-279174.8,-62.473
-279052.7,-70.407
-278930.7,-81.293
-278808.6,-67.180
-278686.5,-64.394
-278564.5,-72.522
-278442.4,-78.096
-278320.3,-67.009
-278198.2,-65.270
-278076.2,-74.199
-277954.1,-73.440
-277832.0,-59.257
-277710.0,-58.566
-277587.9,-70.453
-277465.8,-77.535
-277343.8,-70.235
-277221.7,-70.570
-277099.6,-79.084
-276977.5,-76.252
-276855.5,-66.431
-276733.4,-67.669
-276611.3,-78.554
-276489.3,-76.004
-276367.2,-67.290
-276245.1,-69.488
-276123.0,-78.364
-276001.0,-67.310
-275878.9,-58.823
-275756.8,-62.174
-275634.8,-78.376
-275512.7,-63.495
-275390.6,-56.077
-275268.6,-60.642
-275146.5,-79.625
-275024.4,-78.043
-274902.3,-72.719
-274780.3,-76.178
-274658.2,-80.099
-274536.1,-67.602
-274414.1,-62.619
-274292.0,-69.237
-274169.9,-80.741
-274047.9,-66.905
-273925.8,-62.825
-273803.7,-70.206
-273681.6,-78.169
-273559.6,-60.685
-273437.5,-57.623
-273315.4,-66.648
-273193.4,-78.032
-273071.3,-62.882
-272949.2,-60.872
-272827.1,-71.096
-272705.1,-80.786
-272583.0,-72.107
-272460.9,-70.879
-272338.9,-78.955
-272216.8,-75.093
-272094.7,-62.248
-271972.7,-62.271
-271850.6,-74.681
-271728.5,-76.538
-271606.4,-66.612
-271484.4,-67.440
-271362.3,-77.300
-271240.2,-73.316
-271118.2,-63.644
-270996.1,-65.686
-270874.0,-80.561
-270752.0,-74.651
-270629.9,-66.254
-270507.8,-69.292
-270385.7,-81.012
-270263.7,-71.515
-270141.6,-64.185
-270019.5,-68.180
-269897.5,-81.078
-269775.4,-71.605
-269653.3,-65.180
-269531.2,-70.076
-269409.2,-82.246
-269287.1,-74.365
-269165.0,-69.245
-269043.0,-74.866
-268920.9,-80.836
-268798.8,-70.836
-268676.8,-66.556
-268554.7,-73.720
-268432.6,-82.806
-268310.5,-77.103
-268188.5,-74.842
-268066.4,-77.997
-267944.3,-76.262
-267822.3,-61.463
-267700.2,-59.165
-267578.1,-69.094
-267456.1,-76.532
-267334.0,-66.830
-267211.9,-65.779
-267089.8,-76.651
-266967.8,-79.432
-266845.7,-68.183
-266723.6,-68.001
-266601.6,-79.123
-266479.5,-72.068
-266357.4,-59.869
-266235.4,-60.644
-266113.3,-75.316
-265991.2,-78.964
-265869.1,-70.037
-265747.1,-71.494
-265625.0,-77.483
-265502.9,-72.807
-265380.9,-64.217
-265258.8,-67.012
-265136.7,-81.120
-265014.6,-69.481
-264892.6,-61.358
-264770.5,-65.121
-264648.4,-79.169
-264526.4,-65.873
-264404.3,-58.827
-264282.2,-63.702
-264160.2,-82.022
-264038.1,-69.092
-263916.0,-63.290
-263793.9,-69.273
-263671.9,-80.767
-263549.8,-66.094
-263427.7,-61.380
-263305.7,-68.464
-263183.6,-79.329
-263061.5,-77.472
-262939.5,-76.680
-262817.4,-81.033
-262695.3,-79.628
-262573.2,-63.546
-262451.2,-60.915
-262329.1,-70.512
-262207.0,-80.865
-262085.0,-68.371
-261962.9,-66.759
-261840.8,-76.532
-261718.8,-73.375
-261596.7,-59.401
-261474.6,-58.811
-261352.5,-71.399
-261230.5,-74.862
-261108.4,-62.395
-260986.3,-62.806
-260864.3,-74.861
-260742.2,-77.803
-260620.1,-74.471
-260498.0,-75.347
-260376.0,-80.014
-260253.9,-71.259
-260131.8,-61.602
-260009.8,-64.059
-259887.7,-80.655
-259765.6,-74.852
-259643.6,-66.595
-259521.5,-69.974
-259399.4,-84.228
-259277.3,-79.137
-259155.3,-74.062
-259033.2,-77.926
-258911.1,-79.934
-258789.1,-72.631
-258667.0,-66.783
-258544.9,-72.189
-258422.9,-81.329
-258300.8,-73.559
-258178.7,-69.150
-258056.6,-75.402
-257934.6,-85.176
-257812.5,-75.702
-257690.4,-71.943
-257568.4,-78.869
-257446.3,-77.405
-257324.2,-58.406
-257202.1,-55.399
-257080.1,-64.703
-256958.0,-78.900
-256835.9,-63.285
-256713.9,-61.319
-256591.8,-71.765
-256469.7,-75.630
-256347.7,-60.504
-256225.6,-59.557
-256103.5,-71.258
-255981.4,-71.039
-255859.4,-57.668
-255737.3,-57.769
-255615.2,-71.555
-255493.2,-71.346
-255371.1,-59.701
-255249.0,-60.795
-255127.0,-75.759
-255004.9,-67.281
-254882.8,-56.974
-254760.7,-59.109
-254638.7,-76.903
-254516.6,-72.457
-254394.5,-63.610
-254272.5,-66.763
-254150.4,-83.094
-254028.3,-76.812
-253906.2,-69.416
-253784.2,-73.024
-253662.1,-83.689
-253540.0,-63.692
-253418.0,-57.007
-253295.9,-62.324
-253173.8,-83.832
-253051.8,-66.305
-252929.7,-60.828
-252807.6,-67.185
-252685.5,-81.896
-252563.5,-59.402
-252441.4,-54.981
-252319.3,-62.567
-252197.3,-81.117
-252075.2,-62.528
-251953.1,-59.186
-251831.1,-68.025
-251709.0,-78.330
-251586.9,-62.471
-251464.8,-60.205
-251342.8,-70.276
-251220.7,-77.990
-251098.6,-66.045
-250976.6,-64.788
-250854.5,-75.693
-250732.4,-73.654
-250610.4,-59.726
-250488.3,-59.469
-250366.2,-72.570
-250244.1,-77.768
-250122.1,-66.812
-250000.0,-67.602
-249877.9,-80.280
-249755.9,-77.285
-249633.8,-67.169
-249511.7,-68.930
-249389.6,-81.643
-249267.6,-76.297
-249145.5,-67.074
-249023.4,-69.807
-248901.4,-82.650
-248779.3,-63.028
-248657.2,-54.811
-248535.2,-58.695
-248413.1,-78.058
-248291.0,-61.513
-248168.9,-54.514
-248046.9,-59.496
-247924.8,-82.219
-247802.7,-60.982
-247680.7,-55.128
-247558.6,-61.207
-247436.5,-82.517
-247314.5,-66.626
-247192.4,-61.860
-247070.3,-68.887
-246948.2,-80.371
-246826.2,-61.906
-246704.1,-58.287
-246582.0,-66.728
-246460.0,-78.617
-246337.9,-62.461
-246215.8,-59.797
-246093.8,-69.483
-245971.7,-78.954
-245849.6,-64.298
-245727.5,-62.722
-245605.5,-73.442
-245483.4,-72.062
-245361.3,-57.317
-245239.3,-56.723
-245117.2,-69.470
-244995.1,-77.296
-244873.0,-66.692
-244751.0,-67.195
-244628.9,-79.454
-244506.8,-73.681
-244384.8,-62.845
-244262.7,-64.311
-244140.6,-78.214
-244018.6,-71.798
-243896.5,-62.152
-243774.4,-64.578
-243652.3,-80.054
-243530.3,-65.835
-243408.2,-57.234
-243286.1,-60.771
-243164.1,-80.119
-243042.0,-70.141
-242919.9,-62.867
-242797.9,-67.512
-242675.8,-82.656
-242553.7,-66.874
-242431.6,-60.708
-242309.6,-66.350
-242187.5,-81.579
-242065.4,-70.306
-241943.4,-65.565
-241821.3,-72.286
-241699.2,-82.615
-241577.1,-64.495
-241455.1,-60.491
-241333.0,-68.460
-241210.9,-76.902
-241088.9,-58.521
-240966.8,-55.525
-240844.7,-64.858
-240722.7,-77.144
-240600.6,-61.491
-240478.5,-59.544
-240356.4,-69.988
-240234.4,-77.715
-240112.3,-66.339
-239990.2,-65.449
-239868.2,-76.373
-239746.1,-79.730
-239624.0,-69.168
-239502.0,-69.288
-239379.9,-80.724
-239257.8,-74.275
-239135.7,-62.728
-239013.7,-63.792
-238891.6,-78.341
-238769.5,-78.469
-238647.5,-70.787
-238525.4,-73.099
-238403.3,-82.008
-238281.2,-67.859
-238159.2,-58.956
-238037.1,-62.118
-237915.0,-78.648
-237793.0,-70.461
-237670.9,-63.144
-237548.8,-67.412
-237426.8,-83.722
-237304.7,-65.449
-237182.6,-58.872
-237060.5,-64.176
-236938.5,-82.738
-236816.4,-62.566
-236694.3,-57.112
-236572.3,-63.558
-236450.2,-82.165
-236328.1,-61.699
-236206.1,-57.266
-236084.0,-64.873
-235961.9,-78.139
-235839.8,-59.451
-235717.8,-56.170
-235595.7,-65.014
-235473.6,-77.518
-235351.6,-64.644
-235229.5,-62.410
-235107.4,-71.916
-234985.4,-77.125
-234863.3,-65.326
-234741.2,-64.114
-234619.1,-75.132
-234497.1,-79.226
-234375.0,-67.814
-234252.9,-67.711
-234130.9,-78.763
-234008.8,-75.134
-233886.7,-63.893
-233764.6,-64.628
-233642.6,-76.421
-233520.5,-78.209
-233398.4,-74.515
-233276.4,-76.116
-233154.3,-82.147
-233032.2,-70.260
-232910.2,-60.913
-232788.1,-63.708
-232666.0,-79.488
-232543.9,-63.022
-232421.9,-54.789
-232299.8,-58.688
-232177.7,-79.235
-232055.7,-73.891
-231933.6,-67.924
-231811.5,-72.428
-231689.5,-80.853
-231567.4,-78.252
-231445.3,-75.169
-231323.2,-79.430
-231201.2,-81.681
-231079.1,-67.654
-230957.0,-63.046
-230835.0,-70.114
-230712.9,-82.123
-230590.8,-76.406
-230468.8,-73.818
-230346.7,-77.992
-230224.6,-75.380
-230102.5,-58.041
-229980.5,-55.431
-229858.4,-65.138
-229736.3,-75.583
-229614.3,-60.474
-229492.2,-58.893
-229370.1,-69.803
-229248.0,-79.632
-229126.0,-73.576
-229003.9,-72.517
-228881.8,-79.306
-228759.8,-77.676
-228637.7,-68.500
-228515.6,-69.085
-228393.6,-77.647
-228271.5,-76.624
-228149.4,-76.161
-228027.3,-76.812
-227905.3,-80.324
-227783.2,-76.561
-227661.1,-70.292
-227539.1,-72.448
-227417.0,-79.249
-227294.9,-75.197
-227172.9,-68.536
-227050.8,-71.869
-226928.7,-81.346
-226806.6,-68.751
-226684.6,-61.801
-226562.5,-66.387
-226440.4,-77.435
-226318.4,-70.568
-226196.3,-66.237
-226074.2,-71.890
-225952.1,-78.506
-225830.1,-68.498
-225708.0,-64.115
-225585.9,-70.891
-225463.9,-79.864
-225341.8,-70.568
-225219.7,-67.639
-225097.7,-75.254
-224975.6,-78.611
-224853.5,-69.816
-224731.4,-68.385
-224609.4,-76.303
-224487.3,-71.608
-224365.2,-54.852
-224243.2,-52.963
-224121.1,-63.637
-223999.0,-73.902
-223877.0,-61.190
-223754.9,-60.379
-223632.8,-72.062
-223510.7,-74.788
-223388.7,-63.551
-223266.6,-63.826
-223144.5,-75.771
-223022.5,-67.161
-222900.4,-55.596
-222778.3,-56.763
-222656.2,-72.247
-222534.2,-68.269
-222412.1,-58.274
-222290.0,-60.336
-222168.0,-75.505
-222045.9,-62.994
-221923.8,-53.996
-221801.8,-57.180
-221679.7,-76.222
-221557.6,-68.059
-221435.5,-60.754
-221313.5,-64.926
-221191.4,-80.157
-221069.3,-68.449
-220947.3,-62.424
-220825.2,-67.482
-220703.1,-80.216
-220581.1,-63.215
-220459.0,-57.934
-220336.9,-64.275
-220214.8,-78.541
-220092.8,-65.468
-219970.7,-61.357
-219848.6,-68.455
-219726.6,-76.695
-219604.5,-59.436
-219482.4,-56.215
-219360.4,-65.053
-219238.3,-75.305
-219116.2,-58.874
-218994.1,-56.628
-218872.1,-66.688
-218750.0,-75.549
-218627.9,-61.456
-218505.9,-60.217
-218383.8,-70.952
-218261.7,-73.238
-218139.6,-60.126
-218017.6,-59.832
-217895.5,-71.940
-217773.4,-71.064
-217651.4,-59.300
-217529.3,-60.023
-217407.2,-73.588
-217285.2,-75.261
-217163.1,-67.072
-217041.0,-68.390
-216918.9,-77.874
-216796.9,-72.741
-216674.8,-64.326
-216552.7,-66.912
-216430.7,-77.214
-216308.6,-71.127
-216186.5,-63.688
-216064.5,-67.284
-215942.4,-77.377
-215820.3,-74.181
-215698.2,-70.119
-215576.2,-73.397
-215454.1,-77.692
-215332.0,-65.058
-215210.0,-59.606
-215087.9,-65.562
-214965.8,-78.461
-214843.8,-70.754
-214721.7,-67.007
-214599.6,-72.923
-214477.5,-77.925
-214355.5,-67.090
-214233.4,-63.786
-214111.3,-71.478
-213989.3,-76.911
-213867.2,-62.637
-213745.1,-60.154
-213623.0,-69.529
-213501.0,-75.520
-213378.9,-64.149
-213256.8,-62.996
-213134.8,-72.883
-213012.7,-75.865
-212890.6,-67.004
-212768.6,-67.006
-212646.5,-75.009
-212524.4,-73.499
-212402.3,-63.423
-212280.3,-64.075
-212158.2,-75.744
-212036.1,-70.358
-211914.1,-59.959
-211792.0,-61.476
-211669.9,-74.255
-211547.9,-66.233
-211425.8,-56.795
-211303.7,-59.329
-211181.6,-75.842
-211059.6,-71.488
-210937.5,-64.522
-210815.4,-67.934
-210693.4,-76.659
-210571.3,-68.261
-210449.2,-61.839
-210327.1,-66.434
-210205.1,-78.175
-210083.0,-68.241
-209960.9,-63.294
-209838.9,-68.937
-209716.8,-78.640
-209594.7,-62.534
-209472.7,-57.630
-209350.6,-64.335
-209228.5,-77.997
-209106.4,-63.760
-208984.4,-59.954
-208862.3,-67.636
-208740.2,-74.874
-208618.2,-61.210
-208496.1,-58.477
-208374.0,-67.578
-208252.0,-74.816
-208129.9,-61.689
-208007.8,-59.849
-207885.7,-69.812
-207763.7,-74.272
-207641.6,-61.821
-207519.5,-60.917
-207397.5,-71.525
-207275.4,-74.114
-207153.3,-63.020
-207031.2,-63.187
-206909.2,-74.471
-206787.1,-71.701
-206665.0,-63.528
-206543.0,-64.941
-206420.9,-75.817
-206298.8,-72.575
-206176.8,-66.872
-206054.7,-69.583
-205932.6,-76.918
-205810.5,-69.128
-205688.5,-61.017
-205566.4,-64.146
-205444.3,-75.834
-205322.3,-67.897
-205200.2,-60.706
-205078.1,-64.833
-204956.1,-76.793
-204834.0,-62.627
-204711.9,-56.482
-204589.8,-61.855
-204467.8,-76.859
-204345.7,-62.882
-204223.6,-57.743
-204101.6,-64.059
-203979.5,-75.740
-203857.4,-67.303
-203735.4,-63.600
-203613.3,-70.121
-203491.2,-75.205
-203369.1,-68.370
-203247.1,-65.876
-203125.0,-72.746
-203002.9,-72.910
-202880.9,-58.363
-202758.8,-56.204
-202636.7,-66.102
-202514.6,-73.931
-202392.6,-64.553
-202270.5,-63.462
-202148.4,-72.242
-202026.4,-73.628
-201904.3,-65.529
-201782.2,-65.581
-201660.2,-73.995
-201538.1,-72.006
-201416.0,-64.333
-201293.9,-65.438
-201171.9,-74.956
-201049.8,-68.137
-200927.7,-58.603
-200805.7,-60.386
-200683.6,-73.709
-200561.5,-70.052
-200439.5,-65.411
-200317.4,-69.172
-200195.3,-75.052
-200073.2,-68.551
-199951.2,-63.242
-199829.1,-67.507
-199707.0,-74.582
-199585.0,-67.885
-199462.9,-63.837
-199340.8,-69.181
-199218.8,-75.125
-199096.7,-63.307
-198974.6,-58.221
-198852.5,-64.161
-198730.5,-75.180
-198608.4,-58.226
-198486.3,-53.649
-198364.3,-60.877
-198242.2,-73.003
-198120.1,-64.436
-197998.0,-61.422
-197876.0,-68.868
-197753.9,-72.212
-197631.8,-62.351
-197509.8,-61.014
-197387.7,-70.296
-197265.6,-71.684
-197143.6,-59.947
-197021.5,-58.815
-196899.4,-69.052
-196777.3,-72.288
-196655.3,-64.851
-196533.2,-64.663
-196411.1,-72.548
-196289.1,-68.545
-196167.0,-58.401
-196044.9,-59.244
-195922.9,-71.622
-195800.8,-64.690
-195678.7,-54.395
-195556.6,-55.999
-195434.6,-70.551
-195312.5,-67.625
-195190.4,-60.999
-195068.4,-63.940
-194946.3,-74.070
-194824.2,-67.024
-194702.1,-60.530
-194580.1,-64.355
-194458.0,-74.296
-194335.9,-62.883
-194213.9,-56.528
-194091.8,-61.317
-193969.7,-75.112
-193847.7,-60.843
-193725.6,-55.150
-193603.5,-60.734
-193481.4,-74.852
-193359.4,-58.916
-193237.3,-53.921
-193115.2,-60.644
-192993.2,-73.448
-192871.1,-64.494
-192749.0,-61.516
-192627.0,-68.456
-192504.9,-72.201
-192382.8,-57.812
-192260.7,-55.106
-192138.7,-64.203
-192016.6,-72.510
-191894.5,-59.666
-191772.5,-57.709
-191650.4,-66.951
-191528.3,-73.445
-191406.2,-67.062
-191284.2,-65.346
-191162.1,-71.355
-191040.0,-69.348
-190918.0,-59.325
-190795.9,-59.761
-190673.8,-71.551
-190551.8,-68.432
-190429.7,-59.673
-190307.6,-61.026
-190185.5,-72.496
-190063.5,-70.114
-189941.4,-65.017
-189819.3,-67.184
-189697.3,-73.231
-189575.2,-68.991
-189453.1,-64.691
-189331.1,-68.245
-189209.0,-73.853
-189086.9,-62.851
-188964.8,-55.742
-188842.8,-59.991
-188720.7,-74.930
-188598.6,-62.429
-188476.6,-56.095
-188354.5,-61.178
-188232.4,-74.518
-188110.4,-65.430
-187988.3,-61.518
-187866.2,-67.265
-187744.1,-73.123
-187622.1,-64.370
-187500.0,-63.317
-187377.9,-71.021
-187255.9,-72.811
-187133.8,-63.642
-187011.7,-63.350
-186889.6,-71.112
-186767.6,-72.687
-186645.5,-61.666
-186523.4,-60.544
-186401.4,-69.080
-186279.3,-70.236
-186157.2,-56.947
-186035.2,-55.967
-185913.1,-67.064
-185791.0,-68.273
-185668.9,-55.370
-185546.9,-55.210
-185424.8,-67.936
-185302.7,-67.594
-185180.7,-55.943
-185058.6,-56.655
-184936.5,-70.092
-184814.5,-69.933
-184692.4,-60.819
-184570.3,-62.212
-184448.2,-72.666
-184326.2,-70.701
-184204.1,-65.773
-184082.0,-67.300
-183960.0,-74.215
-183837.9,-69.816
-183715.8,-64.574
-183593.8,-66.937
-183471.7,-75.128
-183349.6,-68.474
-183227.5,-62.505
-183105.5,-66.013
-182983.4,-73.984
-182861.3,-68.614
-182739.3,-65.970
-182617.2,-70.391
-182495.1,-73.476
-182373.0,-64.443
-182251.0,-61.124
-182128.9,-67.675
-182006.8,-74.135
-181884.8,-64.835
-181762.7,-62.424
-181640.6,-68.992
-181518.6,-74.192
-181396.5,-66.620
-181274.4,-65.349
-181152.3,-71.036
-181030.3,-72.338
-180908.2,-61.240
-180786.1,-60.336
-180664.1,-70.364
-180542.0,-70.302
-180419.9,-60.682
-180297.9,-60.969
-180175.8,-71.468
-180053.7,-70.313
-179931.6,-61.281
-179809.6,-62.344
-179687.5,-72.174
-179565.4,-70.559
-179443.4,-62.438
-179321.3,-64.438
-179199.2,-73.499
-179077.1,-67.133
-178955.1,-58.974
-178833.0,-61.786
-178710.9,-74.578
-178588.9,-64.536
-178466.8,-56.813
-178344.7,-60.431
-178222.7,-74.078
-178100.6,-67.430
-177978.5,-61.607
-177856.4,-65.758
-177734.4,-73.609
-177612.3,-66.666
-177490.2,-62.097
-177368.2,-67.555
-177246.1,-74.157
-177124.0,-63.317
-177002.0,-58.876
-176879.9,-65.456
-176757.8,-75.703
-176635.7,-63.813
-176513.7,-59.964
-176391.6,-66.869
-176269.5,-74.365
-176147.5,-65.646
-176025.4,-63.357
-175903.3,-69.952
-175781.2,-72.242
-175659.2,-63.701
-175537.1,-62.325
-175415.0,-71.092
-175293.0,-72.352
-175170.9,-64.257
-175048.8,-63.394
-174926.8,-71.958
-174804.7,-74.016
-174682.6,-67.468
-174560.5,-67.119
-174438.5,-73.179
-174316.4,-70.841
-174194.3,-62.754
-174072.3,-64.167
-173950.2,-72.977
-173828.1,-69.046
-173706.1,-64.183
-173584.0,-67.108
-173461.9,-73.977
-173339.8,-69.082
-173217.8,-65.774
-173095.7,-69.551
-172973.6,-74.644
-172851.6,-69.105
-172729.5,-64.429
-172607.4,-68.621
-172485.4,-74.355
-172363.3,-65.829
-172241.2,-60.544
-172119.1,-65.762
-171997.1,-72.486
-171875.0,-63.448
-171752.9,-59.423
-171630.9,-65.681
-171508.8,-72.408
-171386.7,-64.393
-171264.6,-61.983
-171142.6,-68.924
-171020.5,-73.852
-170898.4,-65.291
-170776.4,-63.043
-170654.3,-70.512
-170532.2,-73.371
-170410.2,-63.451
-170288.1,-61.439
-170166.0,-69.710
-170043.9,-69.637
-169921.9,-61.242
-169799.8,-61.676
-169677.7,-70.694
-169555.7,-68.338
-169433.6,-60.541
-169311.5,-62.224
-169189.5,-72.501
-169067.4,-69.988
-168945.3,-63.795
-168823.2,-66.565
-168701.2,-74.149
-168579.1,-69.042
-168457.0,-62.751
-168335.0,-65.741
-168212.9,-72.899
-168090.8,-63.507
-167968.8,-54.890
-167846.7,-57.825
-167724.6,-71.327
-167602.5,-64.891
-167480.5,-58.062
-167358.4,-61.674
-167236.3,-73.397
-167114.3,-67.878
-166992.2,-64.258
-166870.1,-68.748
-166748.0,-73.052
-166626.0,-65.088
-166503.9,-60.650
-166381.8,-66.419
-166259.8,-72.190
-166137.7,-65.188
-166015.6,-61.715
-165893.6,-66.903
-165771.5,-71.004
-165649.4,-62.786
-165527.3,-60.638
-165405.3,-67.605
-165283.2,-71.535
-165161.1,-64.191
-165039.1,-64.569
-164917.0,-72.171
-164794.9,-70.777
-164672.9,-63.386
-164550.8,-63.866
-164428.7,-72.008
-164306.6,-68.756
-164184.6,-60.971
-164062.5,-61.422
-163940.4,-70.027
-163818.4,-66.655
-163696.3,-59.373
-163574.2,-61.239
-163452.1,-71.255
-163330.1,-66.407
-163208.0,-58.440
-163085.9,-60.982
-162963.9,-72.819
-162841.8,-65.950
-162719.7,-60.079
-162597.7,-63.833
-162475.6,-72.645
-162353.5,-63.808
-162231.4,-58.125
-162109.4,-62.311
-161987.3,-71.337
-161865.2,-61.577
-161743.2,-55.352
-161621.1,-60.053
-161499.0,-72.706
-161377.0,-64.023
-161254.9,-59.002
-161132.8,-64.227
-161010.7,-72.932
-160888.7,-61.458
-160766.6,-57.760
-160644.5,-64.607
-160522.5,-70.400
-160400.4,-60.431
-160278.3,-58.921
-160156.2,-66.906
-160034.2,-69.250
-159912.1,-60.015
-159790.0,-58.795
-159668.0,-67.022
-159545.9,-70.485
-159423.8,-62.094
-159301.8,-61.670
-159179.7,-69.727
-159057.6,-69.274
-158935.5,-58.025
-158813.5,-57.634
-158691.4,-68.472
-158569.3,-66.720
-158447.3,-56.462
-158325.2,-56.796
-158203.1,-68.606
-158081.1,-67.045
-157959.0,-60.468
-157836.9,-61.666
-157714.8,-70.683
-157592.8,-67.006
-157470.7,-61.066
-157348.6,-63.936
-157226.6,-72.290
-157104.5,-66.582
-156982.4,-60.222
-156860.4,-63.288
-156738.3,-72.319
-156616.2,-63.826
-156494.1,-59.798
-156372.1,-64.109
-156250.0,-71.135
-156127.9,-61.799
-156005.9,-58.682
-155883.8,-64.819
-155761.7,-71.412
-155639.6,-62.040
-155517.6,-58.749
-155395.5,-65.371
-155273.4,-71.723
-155151.4,-62.864
-155029.3,-60.743
-154907.2,-67.551
-154785.2,-70.792
-154663.1,-57.977
-154541.0,-55.503
-154418.9,-63.934
-154296.9,-68.599
-154174.8,-58.903
-154052.7,-58.299
-153930.7,-67.287
-153808.6,-68.290
-153686.5,-59.251
-153564.5,-59.731
-153442.4,-69.171
-153320.3,-68.703
-153198.2,-59.557
-153076.2,-60.063
-152954.1,-69.764
-152832.0,-67.730
-152710.0,-58.155
-152587.9,-58.941
-152465.8,-69.215
-152343.8,-65.615
-152221.7,-56.742
-152099.6,-58.514
-151977.5,-70.543
-151855.5,-66.497
-151733.4,-60.721
-151611.3,-63.583
-151489.3,-71.216
-151367.2,-66.224
-151245.1,-62.476
-151123.0,-66.605
-151001.0,-71.238
-150878.9,-66.244
-150756.8,-63.414
-150634.8,-66.944
-150512.7,-71.029
-150390.6,-63.266
-150268.6,-59.311
-150146.5,-64.485
-150024.4,-71.605
-149902.3,-62.806
-149780.3,-60.304
-149658.2,-66.722
-149536.1,-70.083
-149414.1,-62.831
-149292.0,-61.588
-149169.9,-68.799
-149047.9,-69.299
-148925.8,-62.221
-148803.7,-62.398
-148681.6,-69.677
-148559.6,-69.124
-148437.5,-60.228
-148315.4,-60.110
-148193.4,-68.574
-148071.3,-68.792
-147949.2,-60.186
-147827.1,-60.738
-147705.1,-69.774
-147583.0,-65.458
-147460.9,-59.397
-147338.9,-62.789
-147216.8,-72.141
-147094.7,-63.826
-146972.7,-56.893
-146850.6,-60.182
-146728.5,-71.643
-146606.4,-65.232
-146484.4,-58.802
-146362.3,-62.178
-146240.2,-71.120
-146118.2,-64.667
-145996.1,-58.115
-145874.0,-61.886
-145752.0,-71.347
-145629.9,-61.866
-145507.8,-55.588
-145385.7,-60.238
-145263.7,-72.051
-145141.6,-63.663
-145019.5,-58.787
-144897.5,-63.663
-144775.4,-72.103
-144653.3,-64.898
-144531.2,-62.472
-144409.2,-67.769
-144287.1,-71.205
-144165.0,-64.221
-144043.0,-62.810
-143920.9,-68.896
-143798.8,-69.242
-143676.8,-61.138
-143554.7,-61.570
-143432.6,-68.685
-143310.5,-67.914
-143188.5,-59.001
-143066.4,-59.869
-142944.3,-68.911
-142822.3,-68.652
-142700.2,-60.171
-142578.1,-61.191
-142456.1,-70.548
-142334.0,-67.142
-142211.9,-59.247
-142089.8,-61.030
-141967.8,-70.896
-141845.7,-65.478
-141723.6,-56.317
-141601.6,-57.942
-141479.5,-69.724
-141357.4,-66.013
-141235.4,-58.946
-141113.3,-61.218
-140991.2,-70.681
-140869.1,-65.717
-140747.1,-59.691
-140625.0,-63.263
-140502.9,-71.900
-140380.9,-64.883
-140258.8,-59.548
-140136.7,-63.931
-140014.6,-71.982
-139892.6,-64.272
-139770.5,-60.124
-139648.4,-64.644
-139526.4,-70.635
-139404.3,-63.281
-139282.2,-60.655
-139160.2,-66.042
-139038.1,-70.191
-138916.0,-62.024
-138793.9,-60.970
-138671.9,-68.421
-138549.8,-70.802
-138427.7,-61.813
-138305.7,-60.196
-138183.6,-67.876
-138061.5,-69.534
-137939.5,-61.745
-137817.4,-61.797
-137695.3,-68.734
-137573.2,-68.013
-137451.2,-59.353
-137329.1,-59.292
-137207.0,-68.279
-137085.0,-67.178
-136962.9,-60.463
-136840.8,-61.900
-136718.8,-70.363
-136596.7,-67.590
-136474.6,-60.450
-136352.5,-61.954
-136230.5,-70.946
-136108.4,-66.565
-135986.3,-61.035
-135864.3,-63.960
-135742.2,-70.777
-135620.1,-63.656
-135498.0,-58.230
-135376.0,-62.310
-135253.9,-70.823
-135131.8,-63.763
-135009.8,-59.931
-134887.7,-64.642
-134765.6,-70.814
-134643.6,-63.932
-134521.5,-61.390
-134399.4,-66.882
-134277.3,-70.969
-134155.3,-62.382
-134033.2,-58.701
-133911.1,-64.825
-133789.1,-70.407
-133667.0,-62.941
-133544.9,-60.080
-133422.9,-66.084
-133300.8,-69.075
-133178.7,-60.692
-133056.6,-60.532
-132934.6,-68.313
-132812.5,-67.385
-132690.4,-58.410
-132568.4,-59.195
-132446.3,-69.331
-132324.2,-67.503
-132202.1,-60.066
-132080.1,-61.724
-131958.0,-70.745
-131835.9,-65.369
-131713.9,-57.544
-131591.8,-59.993
-131469.7,-70.187
-131347.7,-64.602
-131225.6,-55.983
-131103.5,-57.817
-130981.4,-69.802
-130859.4,-63.861
-130737.3,-57.296
-130615.2,-60.383
-130493.2,-71.119
-130371.1,-62.212
-130249.0,-55.815
-130127.0,-59.861
-130004.9,-72.239
-129882.8,-62.843
-129760.7,-56.794
-129638.7,-60.991
-129516.6,-72.190
-129394.5,-62.202
-129272.5,-57.243
-129150.4,-62.133
-129028.3,-71.346
-128906.2,-61.207
-128784.2,-57.003
-128662.1,-62.792
-128540.0,-70.938
-128418.0,-60.829
-128295.9,-57.955
-128173.8,-64.825
-128051.8,-71.878
-127929.7,-62.355
-127807.6,-59.605
-127685.5,-66.315
-127563.5,-70.932
-127441.4,-61.914
-127319.3,-60.594
-127197.3,-67.656
-127075.2,-69.754
-126953.1,-60.812
-126831.1,-59.761
-126709.0,-67.691
-126586.9,-68.733
-126464.8,-62.218
-126342.8,-62.575
-126220.7,-69.428
-126098.6,-68.901
-125976.6,-62.063
-125854.5,-63.341
-125732.4,-70.589
-125610.4,-68.326
-125488.3,-62.113
-125366.2,-64.238
-125244.1,-70.808
-125122.1,-65.488
-125000.0,-60.284
-124877.9,-63.911
-124755.9,-70.831
-124633.8,-63.457
-124511.7,-59.333
-124389.6,-64.407
-124267.6,-71.443
-124145.5,-62.948
-124023.4,-59.251
-123901.4,-65.436
-123779.3,-71.715
-123657.2,-64.584
-123535.2,-60.478
-123413.1,-65.844
-123291.0,-71.201
-123168.9,-62.831
-123046.9,-59.609
-122924.8,-65.678
-122802.7,-70.655
-122680.7,-61.505
-122558.6,-59.079
-122436.5,-66.159
-122314.5,-70.725
-122192.4,-63.182
-122070.3,-62.069
-121948.2,-69.122
-121826.2,-70.470
-121704.1,-63.481
-121582.0,-63.684
-121460.0,-70.610
-121337.9,-68.590
-121215.8,-60.916
-121093.8,-62.052
-120971.7,-70.127
-120849.6,-66.543
-120727.5,-59.298
-120605.5,-61.595
-120483.4,-70.085
-120361.3,-65.864
-120239.3,-59.535
-120117.2,-62.963
-119995.1,-71.817
-119873.0,-66.168
-119751.0,-60.176
-119628.9,-63.747
-119506.8,-72.175
-119384.8,-65.669
-119262.7,-59.614
-119140.6,-63.141
-119018.6,-71.731
-118896.5,-65.726
-118774.4,-60.155
-118652.3,-63.842
-118530.3,-71.057
-118408.2,-63.894
-118286.1,-60.302
-118164.1,-65.781
-118042.0,-71.895
-117919.9,-65.466
-117797.9,-62.754
-117675.8,-68.243
-117553.7,-71.632
-117431.6,-65.435
-117309.6,-64.237
-117187.5,-68.936
-117065.4,-70.443
-116943.4,-63.363
-116821.3,-62.156
-116699.2,-68.372
-116577.1,-69.326
-116455.1,-63.527
-116333.0,-63.616
-116210.9,-70.133
-116088.9,-67.745
-115966.8,-60.030
-115844.7,-62.374
-115722.7,-72.043
-115600.6,-66.070
-115478.5,-58.489
-115356.4,-61.494
-115234.4,-71.221
-115112.3,-65.613
-114990.2,-59.221
-114868.2,-62.499
-114746.1,-70.809
-114624.0,-65.802
-114502.0,-59.990
-114379.9,-62.936
-114257.8,-71.650
-114135.7,-66.435
-114013.7,-59.844
-113891.6,-62.704
-113769.5,-72.479
-113647.5,-66.257
-113525.4,-60.562
-113403.3,-63.981
-113281.2,-71.022
-113159.2,-63.236
-113037.1,-60.733
-112915.0,-66.650
-112793.0,-70.147
-112670.9,-59.641
-112548.8,-57.908
-112426.8,-66.625
-112304.7,-70.455
-112182.6,-60.743
-112060.5,-59.636
-111938.5,-67.631
-111816.4,-70.051
-111694.3,-60.563
-111572.3,-59.919
-111450.2,-68.356
-111328.1,-68.383
-111206.1,-58.749
-111084.0,-58.165
-110961.9,-67.562
-110839.8,-68.346
-110717.8,-60.490
-110595.7,-60.098
-110473.6,-68.887
-110351.6,-67.125
-110229.5,-59.199
-110107.4,-60.684
-109985.4,-70.085
-109863.3,-67.744
-109741.2,-60.798
-109619.1,-62.383
-109497.1,-70.944
-109375.0,-64.821
-109252.9,-59.154
-109130.9,-62.520
-109008.8,-71.389
-108886.7,-63.515
-108764.6,-58.669
-108642.6,-62.996
-108520.5,-71.715
-108398.4,-63.166
-108276.4,-58.991
-108154.3,-64.328
-108032.2,-70.917
-107910.2,-62.258
-107788.1,-58.691
-107666.0,-64.838
-107543.9,-71.278
-107421.9,-61.131
-107299.8,-58.520
-107177.7,-65.074
-107055.7,-69.910
-106933.6,-57.805
-106811.5,-56.207
-106689.5,-65.058
-106567.4,-69.643
-106445.3,-59.077
-106323.2,-57.892
-106201.2,-66.541
-106079.1,-68.837
-105957.0,-60.957
-105835.0,-60.314
-105712.9,-68.461
-105590.8,-68.306
-105468.8,-58.270
-105346.7,-58.161
-105224.6,-67.705
-105102.5,-68.896
-104980.5,-60.296
-104858.4,-59.995
-104736.3,-68.876
-104614.3,-66.833
-104492.2,-60.449
-104370.1,-62.557
-104248.0,-70.268
-104126.0,-63.180
-104003.9,-57.000
-103881.8,-60.933
-103759.8,-71.523
-103637.7,-65.974
-103515.6,-60.518
-103393.6,-63.444
-103271.5,-70.889
-103149.4,-62.678
-103027.3,-57.959
-102905.3,-63.154
-102783.2,-71.124
-102661.1,-61.670
-102539.1,-57.651
-102417.0,-63.501
-102294.9,-70.138
-102172.9,-58.197
-102050.8,-55.445
-101928.7,-63.332
-101806.6,-70.893
-101684.6,-60.213
-101562.5,-57.801
-101440.4,-65.206
-101318.4,-70.714
-101196.3,-63.397
-101074.2,-60.395
-100952.1,-66.391
-100830.1,-70.273
-100708.0,-62.006
-100585.9,-59.502
-100463.9,-66.588
-100341.8,-68.145
-100219.7,-60.002
-100097.7,-59.414
-99975.6,-67.631
-99853.5,-67.441
-99731.4,-59.595
-99609.4,-61.260
-99487.3,-69.653
-99365.2,-67.202
-99243.2,-61.309
-99121.1,-63.841
-98999.0,-70.237
-98877.0,-66.713
-98754.9,-61.010
-98632.8,-63.571
-98510.7,-70.422
-98388.7,-63.396
-98266.6,-57.864
-98144.5,-61.682
-98022.5,-70.668
-97900.4,-63.856
-97778.3,-59.156
-97656.2,-63.809
-97534.2,-70.820
-97412.1,-62.301
-97290.0,-58.654
-97168.0,-64.923
-97045.9,-70.371
-96923.8,-64.052
-96801.8,-61.198
-96679.7,-66.188
-96557.6,-69.683
-96435.5,-60.911
-96313.5,-59.010
-96191.4,-65.635
-96069.3,-70.157
-95947.3,-60.838
-95825.2,-59.507
-95703.1,-67.302
-95581.1,-68.686
-95459.0,-59.471
-95336.9,-59.509
-95214.8,-69.047
-95092.8,-66.521
-94970.7,-57.014
-94848.6,-58.158
-94726.6,-69.381
-94604.5,-64.288
-94482.4,-54.926
-94360.4,-56.752
-94238.3,-68.693
-94116.2,-65.076
-93994.1,-56.582
-93872.1,-58.855
-93750.0,-69.989
-93627.9,-64.510
-93505.9,-57.116
-93383.8,-59.757
-93261.7,-70.854
-93139.6,-65.514
-93017.6,-58.643
-92895.5,-60.798
-92773.4,-71.462
-92651.4,-63.684
-92529.3,-57.822
-92407.2,-61.334
-92285.2,-70.980
-92163.1,-65.188
-92041.0,-60.605
-91918.9,-64.445
-91796.9,-71.084
-91674.8,-60.059
-91552.7,-56.875
-91430.7,-63.903
-91308.6,-70.895
-91186.5,-60.978
-91064.5,-58.999
-90942.4,-65.695
-90820.3,-70.339
-90698.2,-58.046
-90576.2,-56.626
-90454.1,-65.171
-90332.0,-70.182
-90210.0,-61.989
-90087.9,-60.538
-89965.8,-67.678
-89843.8,-69.021
-89721.7,-60.299
-89599.6,-60.078
-89477.5,-68.233
-89355.5,-65.540
-89233.4,-55.918
-89111.3,-57.288
-88989.3,-68.267
-88867.2,-66.427
-88745.1,-57.688
-88623.0,-59.485
-88501.0,-69.061
-88378.9,-63.957
-88256.8,-56.389
-88134.8,-59.746
-88012.7,-70.651
-87890.6,-64.541
-87768.6,-57.980
-87646.5,-61.086
-87524.4,-70.560
-87402.3,-61.982
-87280.3,-56.080
-87158.2,-60.371
-87036.1,-70.491
-86914.1,-66.855
-86792.0,-60.888
-86669.9,-63.965
-86547.9,-70.501
-86425.8,-65.688
-86303.7,-61.658
-86181.6,-65.594
-86059.6,-70.569
-85937.5,-62.702
-85815.4,-60.071
-85693.4,-65.777
-85571.3,-69.572
-85449.2,-59.322
-85327.1,-57.638
-85205.1,-65.357
-85083.0,-69.462
-84960.9,-62.333
-84838.9,-61.752
-84716.8,-68.906
-84594.7,-68.189
-84472.7,-59.811
-84350.6,-60.365
-84228.5,-69.275
-84106.4,-66.502
-83984.4,-57.232
-83862.3,-58.370
-83740.2,-68.646
-83618.2,-66.877
-83496.1,-59.868
-83374.0,-61.219
-83252.0,-68.915
-83129.9,-65.742
-83007.8,-59.394
-82885.7,-62.257
-82763.7,-70.973
-82641.6,-62.184
-82519.5,-55.563
-82397.5,-59.737
-82275.4,-71.281
-82153.3,-61.777
-82031.2,-56.100
-81909.2,-60.901
-81787.1,-70.607
-81665.0,-59.508
-81543.0,-54.867
-81420.9,-61.049
-81298.8,-70.157
-81176.8,-62.261
-81054.7,-58.726
-80932.6,-64.536
-80810.5,-71.525
-80688.5,-58.866
-80566.4,-55.727
-80444.3,-63.085
-80322.3,-70.717
-80200.2,-60.808
-80078.1,-58.448
-79956.1,-65.485
-79834.0,-68.854
-79711.9,-59.180
-79589.8,-58.327
-79467.8,-66.699
-79345.7,-66.871
-79223.6,-56.372
-79101.6,-56.615
-78979.5,-67.754
-78857.4,-67.554
-78735.4,-57.629
-78613.3,-58.283
-78491.2,-68.340
-78369.1,-64.485
-78247.1,-55.193
-78125.0,-57.252
-78002.9,-69.685
-77880.9,-61.706
-77758.8,-53.385
-77636.7,-56.438
-77514.6,-70.346
-77392.6,-59.144
-77270.5,-51.553
-77148.4,-55.535
-77026.4,-71.564
-76904.3,-62.966
-76782.2,-56.129
-76660.2,-59.935
-76538.1,-71.245
-76416.0,-63.390
-76293.9,-57.468
-76171.9,-61.439
-76049.8,-71.757
-75927.7,-58.918
-75805.7,-54.064
-75683.6,-59.875
-75561.5,-71.503
-75439.5,-63.127
-75317.4,-58.517
-75195.3,-63.075
-75073.2,-71.961
-74951.2,-60.820
-74829.1,-58.346
-74707.0,-65.668
-74585.0,-70.599
-74462.9,-59.160
-74340.8,-57.503
-74218.8,-65.745
-74096.7,-71.300
-73974.6,-62.700
-73852.5,-60.850
-73730.5,-66.615
-73608.4,-68.304
-73486.3,-57.235
-73364.3,-57.685
-73242.2,-67.492
-73120.1,-69.287
-72998.0,-60.310
-72876.0,-61.066
-72753.9,-69.843
-72631.8,-67.821
-72509.8,-59.973
-72387.7,-61.816
-72265.6,-70.328
-72143.6,-66.507
-72021.5,-59.265
-71899.4,-61.915
-71777.3,-70.052
-71655.3,-70.146
-71533.2,-64.061
-71411.1,-65.087
-71289.1,-70.544
-71167.0,-67.608
-71044.9,-63.082
-70922.9,-66.558
-70800.8,-71.984
-70678.7,-63.107
-70556.6,-58.870
-70434.6,-64.949
-70312.5,-71.364
-70190.4,-60.090
-70068.4,-56.724
-69946.3,-64.262
-69824.2,-71.090
-69702.1,-62.056
-69580.1,-59.602
-69458.0,-67.097
-69335.9,-70.526
-69213.9,-60.443
-69091.8,-58.988
-68969.7,-67.902
-68847.7,-70.916
-68725.6,-60.751
-68603.5,-59.734
-68481.4,-68.683
-68359.4,-70.723
-68237.3,-62.024
-68115.2,-61.616
-67993.2,-69.786
-67871.1,-70.598
-67749.0,-64.826
-67627.0,-65.214
-67504.9,-71.577
-67382.8,-67.315
-67260.7,-59.136
-67138.7,-61.308
-67016.6,-71.208
-66894.5,-69.585
-66772.5,-64.956
-66650.4,-66.495
-66528.3,-73.018
-66406.2,-66.223
-66284.2,-60.169
-66162.1,-64.253
-66040.0,-72.895
-65918.0,-63.480
-65795.9,-57.929
-65673.8,-63.257
-65551.8,-72.659
-65429.7,-62.200
-65307.6,-57.496
-65185.5,-63.745
-65063.5,-72.106
-64941.4,-65.817
-64819.3,-63.265
-64697.3,-69.008
-64575.2,-73.394
-64453.1,-62.209
-64331.1,-59.646
-64209.0,-67.462
-64086.9,-72.421
-63964.8,-62.235
-63842.8,-60.240
-63720.7,-68.327
-63598.6,-71.198
-63476.6,-61.408
-63354.5,-60.628
-63232.4,-69.598
-63110.4,-68.757
-62988.3,-59.711
-62866.2,-60.684
-62744.1,-72.174
-62622.1,-66.871
-62500.0,-55.969
-62377.9,-57.107
-62255.9,-70.158
-62133.8,-70.028
-62011.7,-62.728
-61889.6,-64.110
-61767.6,-72.702
-61645.5,-67.172
-61523.4,-60.361
-61401.4,-63.581
-61279.3,-73.312
-61157.2,-58.471
-61035.2,-51.007
-60913.1,-55.349
-60791.0,-74.058
-60668.9,-67.058
-60546.9,-60.407
-60424.8,-63.895
-60302.7,-73.842
-60180.7,-62.199
-60058.6,-57.033
-59936.5,-62.991
-59814.5,-73.796
-59692.4,-62.418
-59570.3,-58.144
-59448.2,-64.164
-59326.2,-72.048
-59204.1,-59.891
-59082.0,-56.402
-58960.0,-63.397
-58837.9,-73.715
-58715.8,-61.398
-58593.8,-59.220
-58471.7,-67.696
-58349.6,-72.445
-58227.5,-60.825
-58105.5,-59.528
-57983.4,-68.785
-57861.3,-71.387
-57739.3,-62.770
-57617.2,-62.843
-57495.1,-70.688
-57373.0,-67.841
-57251.0,-56.675
-57128.9,-57.379
-57006.8,-68.691
-56884.8,-70.001
-56762.7,-60.908
-56640.6,-62.424
-56518.6,-72.734
-56396.5,-66.856
-56274.4,-58.447
-56152.3,-61.265
-56030.3,-73.218
-55908.2,-59.775
-55786.1,-51.859
-55664.1,-55.843
-55542.0,-72.560
-55419.9,-63.621
-55297.9,-56.984
-55175.8,-61.289
-55053.7,-72.097
-54931.6,-64.037
-54809.6,-58.317
-54687.5,-63.648
-54565.4,-74.304
-54443.4,-69.713
-54321.3,-64.454
-54199.2,-67.689
-54077.1,-73.760
-53955.1,-65.836
-53833.0,-61.333
-53710.9,-66.051
-53588.9,-72.356
-53466.8,-59.150
-53344.7,-56.748
-53222.7,-65.556
-53100.6,-72.198
-52978.5,-64.534
-52856.4,-62.927
-52734.4,-70.549
-52612.3,-70.935
-52490.2,-58.475
-52368.2,-58.010
-52246.1,-69.177
-52124.0,-73.263
-52002.0,-67.310
-51879.9,-66.349
-51757.8,-70.882
-51635.7,-68.213
-51513.7,-58.495
-51391.6,-59.828
-51269.5,-70.929
-51147.5,-70.950
-51025.4,-66.773
-50903.3,-68.599
-50781.2,-74.436
-50659.2,-68.124
-50537.1,-60.592
-50415.0,-63.742
-50293.0,-74.323
-50170.9,-68.109
-50048.8,-62.530
-49926.8,-66.545
-49804.7,-72.653
-49682.6,-66.293
-49560.5,-61.451
-49438.5,-66.359
-49316.4,-73.378
-49194.3,-58.993
-49072.3,-54.297
-48950.2,-61.345
-48828.1,-74.834
-48706.1,-63.967
-48584.0,-60.467
-48461.9,-67.604
-48339.8,-72.975
-48217.8,-57.823
-48095.7,-55.126
-47973.6,-64.375
-47851.6,-71.665
-47729.5,-60.784
-47607.4,-59.198
-47485.4,-68.476
-47363.3,-70.549
-47241.2,-58.729
-47119.1,-57.964
-46997.1,-68.912
-46875.0,-71.304
-46752.9,-61.207
-46630.9,-61.515
-46508.8,-72.359
-46386.7,-71.697
-46264.6,-63.619
-46142.6,-64.446
-46020.5,-73.274
-45898.4,-63.058
-45776.4,-53.332
-45654.3,-55.688
-45532.2,-71.688
-45410.2,-63.127
-45288.1,-54.749
-45166.0,-58.001
-45043.9,-73.714
-44921.9,-60.958
-44799.8,-53.511
-44677.7,-57.873
-44555.7,-75.436
-44433.6,-63.097
-44311.5,-56.862
-44189.5,-62.016
-44067.4,-75.824
-43945.3,-67.813
-43823.2,-63.478
-43701.2,-67.147
-43579.1,-75.035
-43457.0,-60.359
-43335.0,-56.367
-43212.9,-63.595
-43090.8,-74.600
-42968.8,-61.979
-42846.7,-58.861
-42724.6,-66.637
-42602.5,-73.591
-42480.5,-59.772
-42358.4,-57.838
-42236.3,-67.314
-42114.3,-68.600
-41992.2,-53.533
-41870.1,-52.497
-41748.0,-63.981
-41626.0,-66.727
-41503.9,-53.359
-41381.8,-53.274
-41259.8,-66.008
-41137.7,-67.208
-41015.6,-55.530
-40893.6,-56.378
-40771.5,-69.994
-40649.4,-67.945
-40527.3,-57.793
-40405.3,-59.379
-40283.2,-72.271
-40161.1,-70.303
-40039.1,-61.594
-39917.0,-63.093
-39794.9,-72.738
-39672.9,-68.461
-39550.8,-60.817
-39428.7,-63.563
-39306.6,-73.847
-39184.6,-71.947
-39062.5,-66.614
-38940.4,-68.897
-38818.4,-75.418
-38696.3,-62.388
-38574.2,-56.932
-38452.1,-62.933
-38330.1,-75.258
-38208.0,-66.264
-38085.9,-61.988
-37963.9,-67.706
-37841.8,-74.050
-37719.7,-62.912
-37597.7,-59.574
-37475.6,-67.079
-37353.5,-74.328
-37231.4,-61.258
-37109.4,-58.972
-36987.3,-68.076
-36865.2,-73.436
-36743.2,-59.742
-36621.1,-58.324
-36499.0,-68.530
-36377.0,-71.533
-36254.9,-59.322
-36132.8,-59.000
-36010.7,-70.091
-35888.7,-70.378
-35766.6,-59.774
-35644.5,-60.358
-35522.5,-71.646
-35400.4,-68.091
-35278.3,-57.579
-35156.2,-59.193
-35034.2,-73.234
-34912.1,-68.069
-34790.0,-58.889
-34668.0,-61.381
-34545.9,-74.666
-34423.8,-65.487
-34301.8,-57.532
-34179.7,-61.253
-34057.6,-74.941
-33935.5,-64.048
-33813.5,-57.266
-33691.4,-61.914
-33569.3,-75.690
-33447.3,-70.495
-33325.2,-65.562
-33203.1,-69.998
-33081.1,-76.770
-32959.0,-68.645
-32836.9,-64.210
-32714.8,-69.687
-32592.8,-74.947
-32470.7,-59.592
-32348.6,-55.889
-32226.6,-64.052
-32104.5,-72.265
-31982.4,-56.199
-31860.4,-53.499
-31738.3,-62.998
-31616.2,-74.005
-31494.1,-62.162
-31372.1,-60.459
-31250.0,-70.416
-31127.9,-74.824
-31005.9,-64.386
-30883.8,-63.669
-30761.7,-73.458
-30639.6,-72.675
-30517.6,-61.745
-30395.5,-61.976
-30273.4,-73.008
-30151.4,-66.838
-30029.3,-55.745
-29907.2,-57.031
-29785.2,-71.734
-29663.1,-66.515
-29541.0,-57.068
-29418.9,-59.491
-29296.9,-75.465
-29174.8,-67.409
-29052.7,-59.147
-28930.7,-62.499
-28808.6,-77.430
-28686.5,-63.946
-28564.5,-56.616
-28442.4,-61.020
-28320.3,-77.613
-28198.2,-60.510
-28076.2,-54.266
-27954.1,-59.792
-27832.0,-77.775
-27710.0,-59.587
-27587.9,-54.462
-27465.8,-61.086
-27343.8,-77.700
-27221.7,-60.797
-27099.6,-56.758
-26977.5,-64.523
-26855.5,-77.733
-26733.4,-66.029
-26611.3,-63.210
-26489.3,-70.782
-26367.2,-77.489
-26245.1,-68.614
-26123.0,-66.976
-26001.0,-72.853
-25878.9,-67.559
-25756.8,-52.035
-25634.8,-51.038
-25512.7,-63.042
-25390.6,-66.857
-25268.6,-53.469
-25146.5,-53.453
-25024.4,-66.714
-24902.3,-64.213
-24780.3,-52.189
-24658.2,-53.206
-24536.1,-68.551
-24414.1,-67.260
-24292.0,-56.954
-24169.9,-58.861
-24047.9,-73.298
-23925.8,-70.449
-23803.7,-61.791
-23681.6,-64.106
-23559.6,-76.161
-23437.5,-63.240
-23315.4,-55.327
-23193.4,-59.350
-23071.3,-77.692
-22949.2,-66.352
-22827.1,-59.560
-22705.1,-64.288
-22583.0,-78.030
-22460.9,-67.173
-22338.9,-61.754
-22216.8,-67.506
-22094.7,-78.205
-21972.7,-67.237
-21850.6,-62.767
-21728.5,-69.054
-21606.4,-76.935
-21484.4,-60.698
-21362.3,-57.285
-21240.2,-65.704
-21118.2,-77.801
-20996.1,-66.546
-20874.0,-64.106
-20752.0,-72.260
-20629.9,-77.008
-20507.8,-67.592
-20385.7,-66.418
-20263.7,-75.311
-20141.6,-76.058
-20019.5,-65.048
-19897.5,-64.829
-19775.4,-74.535
-19653.3,-70.034
-19531.2,-58.062
-19409.2,-58.732
-19287.1,-72.445
-19165.0,-76.350
-19043.0,-69.426
-18920.9,-70.954
-18798.8,-78.522
-18676.8,-74.794
-18554.7,-67.814
-18432.6,-70.709
-18310.5,-78.566
-18188.5,-64.496
-18066.4,-56.333
-17944.3,-60.102
-17822.3,-76.443
-17700.2,-64.457
-17578.1,-57.485
-17456.1,-62.286
-17334.0,-78.673
-17211.9,-61.515
-17089.8,-55.626
-16967.8,-61.661
-16845.7,-78.329
-16723.6,-55.028
-16601.6,-50.197
-16479.5,-57.347
-16357.4,-77.965
-16235.4,-59.377
-16113.3,-55.634
-15991.2,-63.968
-15869.1,-77.096
-15747.1,-60.718
-15625.0,-57.988
-15502.9,-67.520
-15380.9,-78.066
-15258.8,-67.121
-15136.7,-65.355
-15014.6,-74.896
-14892.6,-79.066
-14770.5,-69.272
-14648.4,-68.104
-14526.4,-76.487
-14404.3,-73.509
-14282.2,-61.441
-14160.2,-61.814
-14038.1,-75.088
-13916.0,-72.283
-13793.9,-61.548
-13671.9,-62.935
-13549.8,-76.350
-13427.7,-65.499
-13305.7,-55.460
-13183.6,-57.814
-13061.5,-75.217
-12939.5,-68.730
-12817.4,-60.354
-12695.3,-63.768
-12573.2,-78.339
-12451.2,-64.810
-12329.1,-57.400
-12207.0,-61.924
-12085.0,-80.229
-11962.9,-69.755
-11840.8,-63.740
-11718.8,-69.073
-11596.7,-81.205
-11474.6,-75.596
-11352.5,-71.448
-11230.5,-76.704
-11108.4,-79.979
-10986.3,-59.722
-10864.3,-55.639
-10742.2,-63.464
-10620.1,-77.688
-10498.0,-67.285
-10376.0,-64.363
-10253.9,-72.678
-10131.8,-73.968
-10009.8,-56.510
-9887.7,-54.478
-9765.6,-64.948
-9643.6,-72.755
-9521.5,-57.684
-9399.4,-56.714
-9277.3,-68.818
-9155.3,-75.635
-9033.2,-62.989
-8911.1,-63.086
-8789.1,-75.580
-8667.0,-66.979
-8544.9,-54.916
-8422.9,-55.964
-8300.8,-71.297
-8178.7,-68.906
-8056.6,-58.544
-7934.6,-60.515
-7812.5,-74.311
-7690.4,-61.622
-7568.4,-52.501
-7446.3,-55.596
-7324.2,-75.470
-7202.1,-63.318
-7080.1,-55.349
-6958.0,-59.499
-6835.9,-79.572
-6713.9,-70.799
-6591.8,-64.371
-6469.7,-69.331
-6347.7,-80.697
-6225.6,-60.678
-6103.5,-55.113
-5981.4,-61.477
-5859.4,-80.570
-5737.3,-61.855
-5615.2,-57.433
-5493.2,-64.931
-5371.1,-80.523
-5249.0,-64.760
-5127.0,-61.373
-5004.9,-69.867
-4882.8,-78.927
-4760.7,-65.248
-4638.7,-62.912
-4516.6,-72.573
-4394.5,-80.920
-4272.5,-73.824
-4150.4,-72.711
-4028.3,-79.274
-3906.2,-70.902
-3784.2,-57.006
-3662.1,-56.728
-3540.0,-69.695
-3418.0,-73.274
-3295.9,-61.846
-3173.8,-62.566
-3051.8,-76.417
-2929.7,-80.239
-2807.6,-73.366
-2685.5,-75.071
-2563.5,-78.523
-2441.4,-63.347
-2319.3,-53.733
-2197.3,-56.488
-2075.2,-74.673
-1953.1,-62.831
-1831.1,-54.585
-1709.0,-58.432
-1586.9,-79.287
-1464.8,-64.196
-1342.8,-57.128
-1220.7,-62.036
-1098.6,-82.519
-976.6,-61.721
-854.5,-55.797
-732.4,-61.770
-610.4,-81.049
-488.3,-60.581
-366.2,-55.772
-244.1,-62.942
-122.1,-78.285
0.0,-57.834
122.1,-54.091
244.1,-62.468
366.2,-76.732
488.3,-59.196
610.4,-56.523
732.4,-66.184
854.5,-81.461
976.6,-72.342
1098.6,-70.657
1220.7,-78.336
1342.8,-75.135
1464.8,-63.983
1586.9,-63.354
1709.0,-74.838
1831.1,-77.260
1953.1,-66.349
2075.2,-66.720
2197.3,-78.917
2319.3,-81.387
2441.4,-79.299
2563.5,-79.596
2685.5,-81.655
2807.6,-71.566
2929.7,-61.911
3051.8,-64.296
3173.8,-79.685
3295.9,-72.107
3418.0,-63.805
3540.0,-67.156
3662.1,-81.075
3784.2,-64.927
3906.2,-57.514
4028.3,-62.030
4150.4,-81.763
4272.5,-76.438
4394.5,-71.079
4516.6,-75.792
4638.7,-81.476
4760.7,-61.419
4882.8,-56.276
5004.9,-63.063
5127.0,-80.492
5249.0,-64.960
5371.1,-60.882
5493.2,-68.740
5615.2,-79.776
5737.3,-62.959
5859.4,-60.003
5981.4,-69.260
6103.5,-79.291
6225.6,-65.550
6347.7,-63.588
6469.7,-73.682
6591.8,-71.589
6713.9,-56.633
6835.9,-55.674
6958.0,-67.815
7080.1,-70.158
7202.1,-56.847
7324.2,-56.935
7446.3,-70.535
7568.4,-71.043
7690.4,-59.446
7812.5,-60.475
7934.6,-75.096
8056.6,-73.761
8178.7,-64.273
8300.8,-66.412
8422.9,-79.994
8544.9,-67.514
8667.0,-58.575
8789.1,-61.690
8911.1,-78.954
9033.2,-65.206
9155.3,-57.286
9277.3,-61.419
9399.4,-80.413
9521.5,-64.822
9643.6,-58.202
9765.6,-63.473
9887.7,-80.085
10009.8,-58.148
10131.8,-52.586
10253.9,-58.966
10376.0,-79.878
10498.0,-71.026
10620.1,-66.870
10742.2,-73.704
10864.3,-80.223
10986.3,-66.350
11108.4,-63.130
11230.5,-71.660
11352.5,-79.466
11474.6,-67.664
11596.7,-65.436
11718.8,-74.218
11840.8,-76.432
11962.9,-63.255
12085.0,-61.942
12207.0,-72.669
12329.1,-70.582
12451.2,-56.473
12573.2,-56.173
12695.3,-69.217
12817.4,-67.050
12939.5,-54.691
13061.5,-55.396
13183.6,-69.857
13305.7,-70.023
13427.7,-59.782
13549.8,-61.502
13671.9,-76.763
13793.9,-78.387
13916.0,-74.337
14038.1,-76.199
14160.2,-80.420
14282.2,-68.298
14404.3,-60.338
14526.4,-64.143
14648.4,-80.362
14770.5,-66.207
14892.6,-59.281
15014.6,-64.132
15136.7,-79.335
15258.8,-67.478
15380.9,-61.897
15502.9,-67.807
15625.0,-79.994
15747.1,-61.611
15869.1,-56.884
15991.2,-64.098
16113.3,-78.159
16235.4,-61.720
16357.4,-58.000
16479.5,-66.260
16601.6,-76.706
16723.6,-62.621
16845.7,-60.120
16967.8,-69.538
17089.8,-75.142
17211.9,-61.438
17334.0,-59.938
17456.1,-70.672
17578.1,-74.004
17700.2,-60.772
17822.3,-60.186
17944.3,-72.134
18066.4,-75.203
18188.5,-65.992
18310.5,-66.642
18432.6,-77.756
18554.7,-65.836
18676.8,-54.598
18798.8,-56.021
18920.9,-71.589
19043.0,-62.662
19165.0,-52.637
19287.1,-55.072
19409.2,-73.203
19531.2,-63.910
19653.3,-55.333
19775.4,-58.813
19897.5,-77.744
20019.5,-64.554
20141.6,-57.245
20263.7,-61.776
20385.7,-80.250
20507.8,-61.227
20629.9,-55.004
20752.0,-60.605
20874.0,-78.862
20996.1,-62.348
21118.2,-57.269
21240.2,-63.899
21362.3,-78.326
21484.4,-67.437
21606.4,-63.644
21728.5,-71.034
21850.6,-75.622
21972.7,-57.230
22094.7,-54.214
22216.8,-63.442
22338.9,-76.630
22460.9,-65.248
22583.0,-63.303
22705.1,-72.428
22827.1,-73.199
22949.2,-59.704
23071.3,-58.786
23193.4,-70.195
23315.4,-72.162
23437.5,-59.827
23559.6,-59.909
23681.6,-72.677
23803.7,-73.584
23925.8,-63.828
24047.9,-64.766
24169.9,-76.190
24292.0,-71.781
24414.1,-62.677
24536.1,-64.753
24658.2,-77.168
24780.3,-68.670
24902.3,-59.996
25024.4,-63.053
25146.5,-76.856
25268.6,-75.444
25390.6,-70.506
25512.7,-73.392
25634.8,-78.528
25756.8,-65.772
25878.9,-59.424
26001.0,-64.624
26123.0,-78.005
26245.1,-66.024
26367.2,-60.984
26489.3,-67.268
26611.3,-78.514
26733.4,-61.842
26855.5,-57.515
26977.5,-65.025
27099.6,-76.012
27221.7,-71.439
27343.8,-70.281
27465.8,-76.424
27587.9,-75.289
27710.0,-58.962
27832.0,-56.668
27954.1,-66.674
28076.2,-73.324
28198.2,-59.992
28320.3,-58.743
28442.4,-69.796
28564.5,-74.691
28686.5,-63.143
28808.6,-62.782
28930.7,-73.667
29052.7,-69.211
29174.8,-57.634
29296.9,-58.432
29418.9,-72.462
29541.0,-73.896
29663.1,-65.268
29785.2,-66.776
29907.2,-77.724
30029.3,-74.619
30151.4,-69.261
30273.4,-71.567
30395.5,-78.120
30517.6,-70.616
30639.6,-63.967
30761.7,-67.595
30883.8,-77.367
31005.9,-62.628
31127.9,-55.638
31250.0,-60.464
31372.1,-76.851
31494.1,-70.570
31616.2,-65.749
31738.3,-70.887
31860.4,-77.596
31982.4,-63.638
32104.5,-59.050
32226.6,-65.980
32348.6,-75.429
32470.7,-65.697
32592.8,-62.534
32714.8,-70.092
32836.9,-75.620
32959.0,-65.515
33081.1,-63.278
33203.1,-71.250
33325.2,-74.309
33447.3,-64.332
33569.3,-63.133
33691.4,-72.903
33813.5,-73.181
33935.5,-60.994
34057.6,-60.498
34179.7,-71.432
34301.8,-69.704
34423.8,-57.900
34545.9,-58.346
34668.0,-71.040
34790.0,-68.350
34912.1,-58.396
35034.2,-59.868
35156.2,-72.797
35278.3,-67.668
35400.4,-58.720
35522.5,-61.179
35644.5,-74.872
35766.6,-65.807
35888.7,-57.619
36010.7,-61.091
36132.8,-74.788
36254.9,-67.436
36377.0,-61.109
36499.0,-65.347
36621.1,-73.228
36743.2,-63.462
36865.2,-57.700
36987.3,-63.175
37109.4,-74.191
37231.4,-64.412
37353.5,-60.253
37475.6,-66.672
37597.7,-74.735
37719.7,-66.714
37841.8,-63.543
37963.9,-70.546
38085.9,-73.156
38208.0,-64.322
38330.1,-62.598
38452.1,-70.973
38574.2,-70.386
38696.3,-59.761
38818.4,-58.269
38940.4,-68.309
39062.5,-68.848
39184.6,-55.035
39306.6,-54.170
39428.7,-66.083
39550.8,-72.400
39672.9,-65.435
39794.9,-65.979
39917.0,-74.369
40039.1,-65.675
40161.1,-54.907
40283.2,-56.113
40405.3,-70.474
40527.3,-65.905
40649.4,-58.163
40771.5,-60.687
40893.6,-73.616
41015.6,-64.895
41137.7,-57.022
41259.8,-60.223
41381.8,-73.510
41503.9,-65.214
41626.0,-59.012
41748.0,-63.532
41870.1,-75.329
41992.2,-58.422
42114.3,-52.041
42236.3,-57.366
42358.4,-74.675
42480.5,-55.930
42602.5,-50.635
42724.6,-57.051
42846.7,-72.648
42968.8,-60.918
43090.8,-56.789
43212.9,-63.840
43335.0,-71.774
43457.0,-58.614
43579.1,-55.730
43701.2,-64.486
43823.2,-71.922
43945.3,-59.188
44067.4,-57.427
44189.5,-66.704
44311.5,-67.533
44433.6,-52.979
44555.7,-51.751
44677.7,-62.922
44799.8,-69.985
44921.9,-60.206
45043.9,-60.147
45166.0,-70.301
45288.1,-65.745
45410.2,-54.325
45532.2,-55.164
45654.3,-68.798
45776.4,-63.243
45898.4,-52.695
46020.5,-54.444
46142.6,-69.713
46264.6,-64.890
46386.7,-55.747
46508.8,-58.197
46630.9,-71.375
46752.9,-62.972
46875.0,-55.639
46997.1,-59.442
47119.1,-72.895
47241.2,-63.522
47363.3,-57.590
47485.4,-62.294
47607.4,-73.897
47729.5,-65.364
47851.6,-60.844
47973.6,-65.806
48095.7,-74.112
48217.8,-63.686
48339.8,-59.451
48461.9,-65.464
48584.0,-71.735
48706.1,-57.489
48828.1,-54.023
48950.2,-62.128
49072.3,-71.117
49194.3,-56.345
49316.4,-53.753
49438.5,-62.990
49560.5,-70.962
49682.6,-60.396
49804.7,-58.841
49926.8,-68.071
50048.8,-72.447
50170.9,-64.127
50293.0,-63.727
50415.0,-70.684
50537.1,-67.290
50659.2,-56.442
50781.2,-56.976
50903.3,-68.801
51025.4,-68.075
51147.5,-59.690
51269.5,-61.003
51391.6,-71.534
51513.7,-67.318
51635.7,-59.623
51757.8,-62.128
51879.9,-72.526
52002.0,-67.769
52124.0,-62.154
52246.1,-65.855
52368.2,-71.843
52490.2,-61.080
52612.3,-54.070
52734.4,-58.564
52856.4,-71.530
52978.5,-63.335
53100.6,-57.741
53222.7,-62.970
53344.7,-72.929
53466.8,-61.880
53588.9,-57.564
53710.9,-64.150
53833.0,-72.650
53955.1,-60.993
54077.1,-57.474
54199.2,-65.100
54321.3,-71.511
54443.4,-61.332
54565.4,-58.939
54687.5,-66.899
54809.6,-69.958
54931.6,-61.618
55053.7,-60.547
55175.8,-69.094
55297.9,-69.158
55419.9,-56.807
55542.0,-56.064
55664.1,-67.153
55786.1,-68.985
55908.2,-59.351
56030.3,-59.647
56152.3,-70.386
56274.4,-66.502
56396.5,-57.048
56518.6,-58.348
56640.6,-70.402
56762.7,-65.347
56884.8,-59.247
57006.8,-62.555
57128.9,-72.618
57251.0,-64.535
57373.0,-57.315
57495.1,-60.722
57617.2,-72.626
57739.3,-63.732
57861.3,-57.468
57983.4,-61.803
58105.5,-72.272
58227.5,-60.632
58349.6,-54.904
58471.7,-60.261
58593.8,-72.201
58715.8,-55.929
58837.9,-50.656
58960.0,-57.084
59082.0,-72.867
59204.1,-63.705
59326.2,-59.950
59448.2,-66.056
59570.3,-71.813
59692.4,-60.411
59814.5,-57.895
59936.5,-66.034
60058.6,-69.824
60180.7,-57.930
60302.7,-56.026
60424.8,-65.290
60546.9,-69.143
60668.9,-57.362
60791.0,-56.206
60913.1,-66.130
61035.2,-70.084
61157.2,-61.498
61279.3,-61.845
61401.4,-70.394
61523.4,-66.688
61645.5,-55.711
61767.6,-56.544
61889.6,-69.366
62011.7,-65.129
62133.8,-56.156
62255.9,-57.906
62377.9,-70.501
62500.0,-65.151
62622.1,-57.019
62744.1,-59.483
62866.2,-70.763
62988.3,-65.558
63110.4,-59.240
63232.4,-63.018
63354.5,-72.231
63476.6,-65.903
63598.6,-61.509
63720.7,-65.922
63842.8,-72.248
63964.8,-62.021
64086.9,-58.699
64209.0,-64.707
64331.1,-71.710
64453.1,-61.822
64575.2,-58.772
64697.3,-65.255
64819.3,-70.725
64941.4,-59.260
65063.5,-56.093
65185.5,-64.213
65307.6,-70.469
65429.7,-58.738
65551.8,-56.589
65673.8,-65.643
65795.9,-68.735
65918.0,-53.996
66040.0,-52.399
66162.1,-62.991
66284.2,-69.254
66406.2,-61.630
66528.3,-61.679
66650.4,-69.353
66772.5,-68.565
66894.5,-61.667
67016.6,-62.760
67138.7,-71.594
67260.7,-67.258
67382.8,-61.329
67504.9,-64.199
67627.0,-72.238
67749.0,-66.097
67871.1,-59.272
67993.2,-61.835
68115.2,-70.667
68237.3,-61.877
68359.4,-54.129
68481.4,-57.723
68603.5,-70.959
68725.6,-64.351
68847.7,-59.941
68969.7,-64.693
69091.8,-72.771
69213.9,-59.328
69335.9,-53.532
69458.0,-59.201
69580.1,-71.896
69702.1,-61.830
69824.2,-57.310
69946.3,-63.260
70068.4,-70.640
70190.4,-61.002
70312.5,-57.638
70434.6,-64.639
70556.6,-70.197
70678.7,-58.900
70800.8,-56.580
70922.9,-65.278
71044.9,-71.176
71167.0,-63.467
71289.1,-62.263
71411.1,-68.844
71533.2,-70.137
71655.3,-60.161
71777.3,-59.489
71899.4,-68.554
72021.5,-67.891
72143.6,-59.192
72265.6,-59.402
72387.7,-69.119
72509.8,-65.919
72631.8,-57.259
72753.9,-58.679
72876.0,-70.502
72998.0,-66.803
73120.1,-60.563
73242.2,-63.316
73364.3,-71.135
73486.3,-66.656
73608.4,-62.778
73730.5,-66.936
73852.5,-71.654
73974.6,-63.308
74096.7,-59.105
74218.8,-64.247
74340.8,-72.420
74462.9,-60.142
74585.0,-54.368
74707.0,-59.720
74829.1,-72.218
74951.2,-62.365
75073.2,-57.757
75195.3,-63.748
75317.4,-70.346
75439.5,-60.020
75561.5,-56.455
75683.6,-63.830
75805.7,-70.775
75927.7,-57.042
76049.8,-54.082
76171.9,-62.607
76293.9,-71.734
76416.0,-63.346
76538.1,-61.325
76660.2,-67.894
76782.2,-70.070
76904.3,-62.419
77026.4,-62.573
77148.4,-70.461
77270.5,-67.497
77392.6,-58.624
77514.6,-59.134
77636.7,-69.624
77758.8,-67.840
77880.9,-58.223
78002.9,-58.924
78125.0,-69.468
78247.1,-68.488
78369.1,-61.365
78491.2,-63.077
78613.3,-70.907
78735.4,-64.719
78857.4,-57.628
78979.5,-60.982
79101.6,-72.408
79223.6,-63.126
79345.7,-57.479
79467.8,-61.784
79589.8,-71.724
79711.9,-64.811
79834.0,-61.154
79956.1,-65.776
80078.1,-70.902
80200.2,-63.240
80322.3,-58.825
80444.3,-64.712
80566.4,-71.669
80688.5,-59.721
80810.5,-55.304
80932.6,-62.256
81054.7,-72.234
81176.8,-58.928
81298.8,-55.454
81420.9,-63.232
81543.0,-70.218
81665.0,-63.671
81787.1,-62.082
81909.2,-68.371
82031.2,-69.566
82153.3,-63.671
82275.4,-63.353
82397.5,-70.554
82519.5,-70.047
82641.6,-64.717
82763.7,-64.630
82885.7,-70.594
83007.8,-68.961
83129.9,-59.237
83252.0,-59.610
83374.0,-69.277
83496.1,-67.444
83618.2,-62.178
83740.2,-63.976
83862.3,-71.099
83984.4,-65.728
84106.4,-62.015
84228.5,-66.508
84350.6,-72.280
84472.7,-64.985
84594.7,-59.825
84716.8,-64.017
84838.9,-71.463
84960.9,-65.860
85083.0,-61.210
85205.1,-65.160
85327.1,-70.892
85449.2,-61.483
85571.3,-58.380
85693.4,-64.785
85815.4,-70.542
85937.5,-58.941
86059.6,-55.399
86181.6,-62.697
86303.7,-70.484
86425.8,-61.673
86547.9,-59.654
86669.9,-66.755
86792.0,-69.549
86914.1,-60.635
87036.1,-59.374
87158.2,-67.331
87280.3,-68.874
87402.3,-55.642
87524.4,-53.876
87646.5,-63.818
87768.6,-68.581
87890.6,-59.202
88012.7,-58.322
88134.8,-67.437
88256.8,-68.077
88378.9,-59.648
88501.0,-60.325
88623.0,-69.371
88745.1,-66.362
88867.2,-59.521
88989.3,-61.263
89111.3,-69.990
89233.4,-67.156
89355.5,-61.756
89477.5,-63.254
89599.6,-69.501
89721.7,-64.658
89843.8,-58.438
89965.8,-61.377
90087.9,-69.691
90210.0,-64.898
90332.0,-60.210
90454.1,-64.134
90576.2,-69.569
90698.2,-62.613
90820.3,-58.514
90942.4,-63.488
91064.5,-69.499
91186.5,-64.356
91308.6,-63.108
91430.7,-67.255
91552.7,-68.534
91674.8,-61.391
91796.9,-59.662
91918.9,-66.192
92041.0,-68.212
92163.1,-60.963
92285.2,-60.615
92407.2,-68.242
92529.3,-66.615
92651.4,-58.599
92773.4,-59.267
92895.5,-68.090
93017.6,-65.629
93139.6,-57.943
93261.7,-59.866
93383.8,-69.013
93505.9,-64.700
93627.9,-55.670
93750.0,-56.319
93872.1,-67.501
93994.1,-64.136
94116.2,-57.190
94238.3,-59.388
94360.4,-69.608
94482.4,-61.277
94604.5,-52.978
94726.6,-55.412
94848.6,-68.738
94970.7,-62.185
95092.8,-55.709
95214.8,-59.146
95336.9,-69.685
95459.0,-61.192
95581.1,-56.289
95703.1,-60.774
95825.2,-69.916
95947.3,-59.519
96069.3,-54.674
96191.4,-60.068
96313.5,-69.774
96435.5,-58.722
96557.6,-54.348
96679.7,-60.195
96801.8,-68.741
96923.8,-59.123
97045.9,-56.578
97168.0,-63.566
97290.0,-67.709
97412.1,-56.703
97534.2,-55.079
97656.2,-63.508
97778.3,-66.996
97900.4,-56.351
98022.5,-55.531
98144.5,-64.847
98266.6,-66.764
98388.7,-56.488
98510.7,-55.659
98632.8,-64.889
98754.9,-65.569
98877.0,-56.243
98999.0,-56.448
99121.1,-66.778
99243.2,-63.795
99365.2,-53.777
99487.3,-54.642
99609.4,-66.709
99731.4,-64.863
99853.5,-56.658
99975.6,-58.051
100097.7,-68.792
100219.7,-63.647
100341.8,-58.617
100463.9,-61.640
100585.9,-68.800
100708.0,-61.191
100830.1,-55.442
100952.1,-59.536
101074.2,-69.538
101196.3,-62.689
101318.4,-57.187
101440.4,-60.838
101562.5,-69.516
101684.6,-62.096
101806.6,-59.225
101928.7,-64.161
102050.8,-69.466
102172.9,-58.281
102294.9,-54.770
102417.0,-61.629
102539.1,-68.131
102661.1,-59.248
102783.2,-58.071
102905.3,-65.198
103027.3,-67.684
103149.4,-57.962
103271.5,-57.816
103393.6,-65.835
103515.6,-67.178
103637.7,-56.916
103759.8,-56.199
103881.8,-65.425
104003.9,-67.100
104126.0,-57.495
104248.0,-57.293
104370.1,-66.686
104492.2,-65.594
104614.3,-55.352
104736.3,-55.772
104858.4,-66.854
104980.5,-65.657
105102.5,-57.352
105224.6,-58.637
105346.7,-67.945
105468.8,-64.933
105590.8,-58.630
105712.9,-61.130
105835.0,-69.151
105957.0,-64.401
106079.1,-58.731
106201.2,-61.943
106323.2,-70.055
106445.3,-64.405
106567.4,-59.320
106689.5,-62.684
106811.5,-69.675
106933.6,-63.573
107055.7,-59.148
107177.7,-63.368
107299.8,-68.849
107421.9,-62.603
107543.9,-59.499
107666.0,-64.941
107788.1,-69.159
107910.2,-62.489
108032.2,-60.431
108154.3,-66.317
108276.4,-69.658
108398.4,-63.124
108520.5,-62.316
108642.6,-67.260
108764.6,-67.683
108886.7,-60.231
109008.8,-60.939
109130.9,-67.987
109252.9,-66.034
109375.0,-58.360
109497.1,-59.646
109619.1,-68.635
109741.2,-65.359
109863.3,-58.795
109985.4,-61.643
110107.4,-69.814
110229.5,-64.065
110351.6,-56.682
110473.6,-59.721
110595.7,-69.168
110717.8,-63.691
110839.8,-56.118
110961.9,-58.637
111084.0,-69.243
111206.1,-62.822
111328.1,-57.129
111450.2,-60.827
111572.3,-70.072
111694.3,-61.964
111816.4,-55.279
111938.5,-59.355
112060.5,-70.429
112182.6,-65.177
112304.7,-59.771
112426.8,-63.844
112548.8,-69.677
112670.9,-61.654
112793.0,-58.175
112915.0,-63.874
113037.1,-69.186
113159.2,-59.841
113281.2,-58.044
113403.3,-65.150
113525.4,-69.109
113647.5,-61.092
113769.5,-60.104
113891.6,-66.766
114013.7,-68.729
114135.7,-61.545
114257.8,-61.330
114379.9,-68.533
114502.0,-67.414
114624.0,-58.675
114746.1,-58.011
114868.2,-67.086
114990.2,-67.629
115112.3,-59.470
115234.4,-59.511
115356.4,-68.168
115478.5,-66.045
115600.6,-59.619
115722.7,-61.507
115844.7,-69.276
115966.8,-65.069
116088.9,-59.844
116210.9,-63.019
116333.0,-70.232
116455.1,-63.312
116577.1,-59.147
116699.2,-63.611
116821.3,-70.817
116943.4,-61.635
117065.4,-56.879
117187.5,-61.954
117309.6,-69.978
117431.6,-62.244
117553.7,-58.407
117675.8,-63.711
117797.9,-69.097
117919.9,-59.653
118042.0,-57.052
118164.1,-64.371
118286.1,-69.602
118408.2,-58.248
118530.3,-55.361
118652.3,-62.884
118774.4,-69.754
118896.5,-60.342
119018.6,-58.322
119140.6,-65.444
119262.7,-68.134
119384.8,-58.674
119506.8,-57.460
119628.9,-66.147
119751.0,-67.476
119873.0,-58.631
119995.1,-57.443
120117.2,-66.580
120239.3,-67.947
120361.3,-60.332
120483.4,-59.978
120605.5,-68.224
120727.5,-67.709
120849.6,-60.347
120971.7,-61.071
121093.8,-69.121
121215.8,-64.417
121337.9,-59.007
121460.0,-62.642
121582.0,-70.280
121704.1,-61.361
121826.2,-56.236
121948.2,-61.146
122070.3,-70.529
122192.4,-63.035
122314.5,-58.571
122436.5,-63.071
122558.6,-70.517
122680.7,-63.404
122802.7,-58.904
122924.8,-63.668
123046.9,-70.164
123168.9,-60.785
123291.0,-55.694
123413.1,-61.155
123535.2,-70.261
123657.2,-60.791
123779.3,-57.625
123901.4,-63.505
124023.4,-68.909
124145.5,-58.335
124267.6,-57.619
124389.6,-66.620
124511.7,-69.200
124633.8,-60.285
124755.9,-59.498
124877.9,-67.701
125000.0,-68.204
125122.1,-60.607
125244.1,-60.203
125366.2,-67.532
125488.3,-68.490
125610.4,-58.724
125732.4,-57.772
125854.5,-66.578
125976.6,-68.289
126098.6,-60.553
126220.7,-60.585
126342.8,-69.018
126464.8,-65.641
126586.9,-59.648
126709.0,-62.596
126831.1,-70.718
126953.1,-63.832
127075.2,-58.808
127197.3,-63.206
127319.3,-69.870
127441.4,-64.188
127563.5,-60.195
127685.5,-64.032
127807.6,-69.655
127929.7,-63.518
128051.8,-59.154
128173.8,-63.762
128295.9,-70.582
128418.0,-62.252
128540.0,-57.914
128662.1,-63.492
128784.2,-70.427
128906.2,-61.032
129028.3,-58.669
129150.4,-65.152
129272.5,-68.209
129394.5,-58.081
129516.6,-57.043
129638.7,-65.743
129760.7,-68.613
129882.8,-59.671
130004.9,-58.594
130127.0,-66.664
130249.0,-69.350
130371.1,-61.727
130493.2,-60.562
130615.2,-68.327
130737.3,-68.537
130859.4,-59.250
130981.4,-58.324
131103.5,-67.329
131225.6,-67.642
131347.7,-60.609
131469.7,-60.205
131591.8,-68.243
131713.9,-66.303
131835.9,-61.588
131958.0,-64.078
132080.1,-69.555
132202.1,-64.485
132324.2,-59.551
132446.3,-63.842
132568.4,-71.355
132690.4,-64.445
132812.5,-60.631
132934.6,-64.790
133056.6,-70.563
133178.7,-61.226
133300.8,-57.554
133422.9,-63.327
133544.9,-69.374
133667.0,-61.530
133789.1,-58.073
133911.1,-63.973
134033.2,-69.066
134155.3,-59.740
134277.3,-57.471
134399.4,-65.316
134521.5,-70.095
134643.6,-58.460
134765.6,-56.432
134887.7,-64.490
135009.8,-68.926
135131.8,-59.032
135253.9,-57.881
135376.0,-65.611
135498.0,-66.922
135620.1,-57.951
135742.2,-57.590
135864.3,-66.815
135986.3,-67.180
136108.4,-60.096
136230.5,-58.972
136352.5,-67.806
136474.6,-68.012
136596.7,-59.706
136718.8,-60.122
136840.8,-68.563
136962.9,-64.420
137085.0,-56.731
137207.0,-59.173
137329.1,-68.736
137451.2,-63.441
137573.2,-58.065
137695.3,-61.510
137817.4,-69.783
137939.5,-62.947
138061.5,-59.292
138183.6,-63.713
138305.7,-71.370
138427.7,-65.263
138549.8,-59.106
138671.9,-62.401
138793.9,-70.121
138916.0,-65.598
139038.1,-60.016
139160.2,-63.303
139282.2,-68.816
139404.3,-59.826
139526.4,-58.150
139648.4,-65.080
139770.5,-67.691
139892.6,-55.022
140014.6,-53.866
140136.7,-64.143
140258.8,-69.796
140380.9,-60.273
140502.9,-59.212
140625.0,-67.033
140747.1,-68.297
140869.1,-58.979
140991.2,-58.518
141113.3,-67.040
141235.4,-66.810
141357.4,-57.245
141479.5,-56.177
141601.6,-65.458
141723.6,-65.244
141845.7,-56.325
141967.8,-57.049
142089.8,-67.319
142211.9,-67.238
142334.0,-60.162
142456.1,-61.848
142578.1,-69.982
142700.2,-65.745
142822.3,-60.546
142944.3,-63.233
143066.4,-69.784
143188.5,-61.802
143310.5,-56.170
143432.6,-60.005
143554.7,-69.247
143676.8,-61.435
143798.8,-56.510
143920.9,-60.923
144043.0,-69.949
144165.0,-62.910
144287.1,-59.375
144409.2,-65.316
144531.2,-70.521
144653.3,-60.945
144775.4,-57.944
144897.5,-64.465
145019.5,-68.969
145141.6,-57.827
145263.7,-55.493
145385.7,-62.851
145507.8,-68.776
145629.9,-59.846
145752.0,-58.230
145874.0,-64.958
145996.1,-68.202
146118.2,-58.576
146240.2,-58.448
146362.3,-68.502
146484.4,-67.901
146606.4,-58.362
146728.5,-58.084
146850.6,-67.374
146972.7,-67.078
147094.7,-59.762
147216.8,-59.794
147338.9,-67.146
147460.9,-65.516
147583.0,-58.337
147705.1,-60.129
147827.1,-68.338
147949.2,-64.992
148071.3,-58.246
148193.4,-61.065
148315.4,-71.463
148437.5,-62.725
148559.6,-56.917
148681.6,-61.358
148803.7,-70.603
148925.8,-59.992
149047.9,-55.107
149169.9,-60.660
149292.0,-69.298
149414.1,-59.974
149536.1,-55.799
149658.2,-61.880
149780.3,-69.393
149902.3,-61.910
150024.4,-57.949
150146.5,-63.482
150268.6,-71.578
150390.6,-61.450
150512.7,-57.655
150634.8,-63.704
150756.8,-69.906
150878.9,-60.936
151001.0,-58.273
151123.0,-64.648
151245.1,-67.808
151367.2,-58.379
151489.3,-57.811
151611.3,-66.353
151733.4,-67.137
151855.5,-58.518
151977.5,-59.016
152099.6,-68.110
152221.7,-68.911
152343.8,-61.443
152465.8,-61.726
152587.9,-68.792
152710.0,-65.840
152832.0,-58.173
152954.1,-59.873
153076.2,-68.673
153198.2,-66.198
153320.3,-60.012
153442.4,-61.524
153564.5,-69.175
153686.5,-64.020
153808.6,-58.429
153930.7,-62.183
154052.7,-70.365
154174.8,-64.665
154296.9,-59.920
154418.9,-64.087
154541.0,-70.841
154663.1,-60.517
154785.2,-56.394
154907.2,-62.466
155029.3,-69.932
155151.4,-58.919
155273.4,-55.626
155395.5,-62.795
155517.6,-69.355
155639.6,-61.885
155761.7,-59.465
155883.8,-65.868
156005.9,-69.730
156127.9,-62.108
156250.0,-59.938
156372.1,-66.727
156494.1,-70.113
156616.2,-61.192
156738.3,-59.082
156860.4,-65.989
156982.4,-68.448
157104.5,-60.620
157226.6,-60.439
157348.6,-67.932
157470.7,-64.597
157592.8,-55.414
157714.8,-57.295
157836.9,-69.808
157959.0,-64.300
158081.1,-56.239
158203.1,-58.841
158325.2,-70.745
158447.3,-65.057
158569.3,-57.711
158691.4,-60.510
158813.5,-69.943
158935.5,-62.698
159057.6,-55.794
159179.7,-59.339
159301.8,-70.531
159423.8,-62.649
159545.9,-56.882
159668.0,-60.699
159790.0,-71.548
159912.1,-58.775
160034.2,-54.031
160156.2,-60.281
160278.3,-71.916
160400.4,-61.144
160522.5,-56.872
160644.5,-62.938
160766.6,-70.673
160888.7,-61.770
161010.7,-58.473
161132.8,-64.205
161254.9,-69.743
161377.0,-58.269
161499.0,-56.024
161621.1,-63.706
161743.2,-69.805
161865.2,-57.713
161987.3,-56.266
162109.4,-65.144
162231.4,-70.897
162353.5,-61.949
162475.6,-60.877
162597.7,-68.369
162719.7,-67.956
162841.8,-59.206
162963.9,-59.581
163085.9,-68.167
163208.0,-67.644
163330.1,-59.277
163452.1,-59.926
163574.2,-68.248
163696.3,-68.545
163818.4,-61.389
163940.4,-62.079
164062.5,-69.825
164184.6,-67.356
164306.6,-61.210
164428.7,-64.195
164550.8,-71.596
164672.9,-62.633
164794.9,-56.993
164917.0,-61.760
165039.1,-70.746
165161.1,-62.591
165283.2,-57.678
165405.3,-62.981
165527.3,-69.927
165649.4,-65.686
165771.5,-62.194
165893.6,-66.057
166015.6,-71.625
166137.7,-65.146
166259.8,-61.668
166381.8,-66.985
166503.9,-71.533
166626.0,-61.009
166748.0,-58.745
166870.1,-65.999
166992.2,-70.521
167114.3,-63.282
167236.3,-62.007
167358.4,-68.209
167480.5,-68.980
167602.5,-63.955
167724.6,-65.530
167846.7,-70.635
167968.8,-69.645
168090.8,-61.071
168212.9,-61.894
168335.0,-71.020
168457.0,-66.256
168579.1,-56.777
168701.2,-58.617
168823.2,-70.148
168945.3,-65.775
169067.4,-58.615
169189.5,-61.933
169311.5,-70.964
169433.6,-59.856
169555.7,-52.502
169677.7,-56.760
169799.8,-72.156
169921.9,-65.124
170043.9,-58.144
170166.0,-61.841
170288.1,-72.573
170410.2,-66.881
170532.2,-60.594
170654.3,-63.602
170776.4,-72.198
170898.4,-62.495
171020.5,-57.554
171142.6,-62.940
171264.6,-72.478
171386.7,-60.399
171508.8,-56.517
171630.9,-62.881
171752.9,-72.671
171875.0,-67.243
171997.1,-64.207
172119.1,-68.969
172241.2,-71.936
172363.3,-63.610
172485.4,-61.760
172607.4,-68.350
172729.5,-71.703
172851.6,-63.848
172973.6,-62.402
173095.7,-68.818
173217.8,-68.839
173339.8,-58.110
173461.9,-58.427
173584.0,-68.163
173706.1,-69.994
173828.1,-62.768
173950.2,-64.179
174072.3,-71.662
174194.3,-68.591
174316.4,-62.529
174438.5,-64.788
174560.5,-71.604
174682.6,-66.738
174804.7,-59.472
174926.8,-62.422
175048.8,-71.474
175170.9,-67.952
175293.0,-61.925
175415.0,-64.407
175537.1,-71.247
175659.2,-64.490
175781.2,-59.910
175903.3,-65.619
176025.4,-72.132
176147.5,-59.427
176269.5,-54.903
176391.6,-61.844
176513.7,-72.368
176635.7,-61.978
176757.8,-58.334
176879.9,-65.193
177002.0,-72.285
177124.0,-64.852
177246.1,-61.991
177368.2,-67.791
177490.2,-70.770
177612.3,-58.907
177734.4,-57.054
177856.4,-66.271
177978.5,-70.792
178100.6,-64.096
178222.7,-62.110
178344.7,-68.666
178466.8,-69.526
178588.9,-59.749
178710.9,-59.995
178833.0,-70.046
178955.1,-70.727
179077.1,-63.727
179199.2,-63.883
179321.3,-70.839
179443.4,-70.045
179565.4,-64.703
179687.5,-64.960
179809.6,-71.693
179931.6,-66.141
180053.7,-59.815
180175.8,-62.834
180297.9,-71.995
180419.9,-68.796
180542.0,-65.254
180664.1,-67.449
180786.1,-72.598
180908.2,-65.721
181030.3,-60.833
181152.3,-65.805
181274.4,-72.111
181396.5,-65.962
181518.6,-62.848
181640.6,-67.863
181762.7,-71.830
181884.8,-58.469
182006.8,-54.959
182128.9,-62.814
182251.0,-71.286
182373.0,-58.473
182495.1,-55.869
182617.2,-64.721
182739.3,-71.514
182861.3,-61.733
182983.4,-60.114
183105.5,-68.683
183227.5,-70.328
183349.6,-60.163
183471.7,-59.375
183593.8,-68.890
183715.8,-66.931
183837.9,-55.233
183960.0,-55.283
184082.0,-66.910
184204.1,-66.326
184326.2,-55.996
184448.2,-57.090
184570.3,-69.576
184692.4,-63.877
184814.5,-54.080
184936.5,-56.210
185058.6,-71.237
185180.7,-65.041
185302.7,-56.992
185424.8,-59.701
185546.9,-72.257
185668.9,-62.068
185791.0,-54.648
185913.1,-58.280
186035.2,-71.491
186157.2,-61.406
186279.3,-54.951
186401.4,-59.527
186523.4,-73.045
186645.5,-66.279
186767.6,-60.656
186889.6,-64.418
187011.7,-73.715
187133.8,-59.312
187255.9,-55.150
187377.9,-62.105
187500.0,-72.778
187622.1,-57.262
187744.1,-53.983
187866.2,-61.865
187988.3,-71.075
188110.4,-58.819
188232.4,-56.442
188354.5,-64.859
188476.6,-73.069
188598.6,-64.985
188720.7,-62.831
188842.8,-69.112
188964.8,-70.264
189086.9,-58.136
189209.0,-57.545
189331.1,-67.490
189453.1,-69.723
189575.2,-59.207
189697.3,-59.290
189819.3,-68.404
189941.4,-66.877
190063.5,-57.350
190185.5,-59.036
190307.6,-70.615
190429.7,-66.740
190551.8,-58.232
190673.8,-60.786
190795.9,-72.348
190918.0,-65.299
191040.0,-57.551
191162.1,-60.784
191284.2,-71.515
191406.2,-66.162
191528.3,-60.117
191650.4,-63.736
191772.5,-71.525
191894.5,-61.906
192016.6,-56.406
192138.7,-61.885
192260.7,-73.104
192382.8,-64.903
192504.9,-60.476
192627.0,-66.085
192749.0,-73.306
192871.1,-61.670
192993.2,-58.165
193115.2,-65.327
193237.3,-72.254
193359.4,-59.225
193481.4,-56.752
193603.5,-65.582
193725.6,-70.861
193847.7,-58.082
193969.7,-56.521
194091.8,-66.319
194213.9,-71.624
194335.9,-61.389
194458.0,-60.824
194580.1,-70.506
194702.1,-71.351
194824.2,-60.984
194946.3,-60.985
195068.4,-70.475
195190.4,-71.037
195312.5,-63.742
195434.6,-64.108
195556.6,-71.982
195678.7,-67.100
195800.8,-58.119
195922.9,-60.391
196044.9,-72.021
196167.0,-63.273
196289.1,-54.950
196411.1,-58.455
196533.2,-73.346
196655.3,-67.555
196777.3,-61.040
196899.4,-64.817
197021.5,-73.762
197143.6,-64.954
197265.6,-59.455
197387.7,-64.559
197509.8,-74.725
197631.8,-63.133
197753.9,-58.117
197876.0,-64.016
197998.0,-74.378
198120.1,-68.620
198242.2,-64.113
198364.3,-68.895
198486.3,-73.776
198608.4,-65.659
198730.5,-63.264
198852.5,-70.272
198974.6,-72.106
199096.7,-58.134
199218.8,-56.424
199340.8,-66.607
199462.9,-74.359
199585.0,-65.766
199707.0,-64.408
199829.1,-71.571
199951.2,-73.618
200073.2,-67.055
200195.3,-66.699
200317.4,-73.186
200439.5,-71.770
200561.5,-66.363
200683.6,-67.899
200805.7,-74.888
200927.7,-65.533
201049.8,-55.808
201171.9,-58.005
201293.9,-72.601
201416.0,-67.968
201538.1,-59.658
201660.2,-62.678
201782.2,-74.068
201904.3,-70.413
202026.4,-65.577
202148.4,-69.257
202270.5,-75.911
202392.6,-61.737
202514.6,-55.674
202636.7,-61.098
202758.8,-76.783
202880.9,-63.459
203002.9,-58.143
203125.0,-63.929
203247.1,-75.490
203369.1,-68.053
203491.2,-64.171
203613.3,-69.982
203735.4,-74.522
203857.4,-62.757
203979.5,-60.045
204101.6,-68.460
204223.6,-71.567
204345.7,-54.717
204467.8,-52.569
204589.8,-62.709
204711.9,-73.928
204834.0,-60.932
204956.1,-59.552
205078.1,-69.095
205200.2,-72.621
205322.3,-62.494
205444.3,-62.157
205566.4,-72.541
205688.5,-68.908
205810.5,-57.480
205932.6,-58.246
206054.7,-71.421
206176.8,-74.130
206298.8,-65.877
206420.9,-65.161
206543.0,-72.714
206665.0,-72.113
206787.1,-64.625
206909.2,-66.705
207031.2,-74.362
207153.3,-67.552
207275.4,-60.186
207397.5,-64.015
207519.5,-76.209
207641.6,-66.641
207763.7,-60.399
207885.7,-64.872
208007.8,-76.466
208129.9,-68.217
208252.0,-63.524
208374.0,-68.394
208496.1,-75.232
208618.2,-69.071
208740.2,-64.989
208862.3,-70.805
208984.4,-75.751
209106.4,-61.616
209228.5,-58.218
209350.6,-66.504
209472.7,-75.546
209594.7,-64.609
209716.8,-62.602
209838.9,-70.655
209960.9,-71.962
210083.0,-56.803
210205.1,-55.422
210327.1,-66.344
210449.2,-73.443
210571.3,-64.793
210693.4,-64.350
210815.4,-73.956
210937.5,-74.731
211059.6,-67.628
211181.6,-67.772
211303.7,-74.880
211425.8,-65.994
211547.9,-55.182
211669.9,-56.823
211792.0,-72.084
211914.1,-69.184
212036.1,-60.023
212158.2,-62.255
212280.3,-74.335
212402.3,-64.888
212524.4,-56.922
212646.5,-60.598
212768.6,-77.381
212890.6,-68.860
213012.7,-62.205
213134.8,-66.483
213256.8,-76.897
213378.9,-61.352
213501.0,-55.381
213623.0,-61.118
213745.1,-76.983
213867.2,-65.288
213989.3,-60.503
214111.3,-66.834
214233.4,-75.751
214355.5,-59.503
214477.5,-55.744
214599.6,-63.838
214721.7,-77.330
214843.8,-66.790
214965.8,-63.993
215087.9,-71.523
215210.0,-73.966
215332.0,-60.537
215454.1,-58.738
215576.2,-68.523
215698.2,-75.035
215820.3,-62.576
215942.4,-61.731
216064.5,-71.882
216186.5,-68.933
216308.6,-56.376
216430.7,-56.624
216552.7,-69.890
216674.8,-70.195
216796.9,-59.079
216918.9,-60.261
217041.0,-73.741
217163.1,-68.153
217285.2,-58.584
217407.2,-60.727
217529.3,-74.540
217651.4,-75.132
217773.4,-69.183
217895.5,-71.222
218017.6,-77.961
218139.6,-64.742
218261.7,-57.249
218383.8,-61.436
218505.9,-77.581
218627.9,-73.095
218750.0,-67.930
218872.1,-71.896
218994.1,-78.312
219116.2,-60.224
219238.3,-55.026
219360.4,-61.640
219482.4,-77.727
219604.5,-67.199
219726.6,-63.100
219848.6,-70.211
219970.7,-78.894
220092.8,-70.563
220214.8,-67.731
220336.9,-73.268
220459.0,-77.883
220581.1,-66.534
220703.1,-64.688
220825.2,-73.520
220947.3,-70.805
221069.3,-55.588
221191.4,-54.529
221313.5,-66.280
221435.5,-73.931
221557.6,-63.475
221679.7,-63.492
221801.8,-75.008
221923.8,-68.339
222045.9,-56.445
222168.0,-57.377
222290.0,-71.570
222412.1,-70.108
222534.2,-60.152
222656.2,-61.997
222778.3,-76.076
222900.4,-68.333
223022.5,-59.427
223144.5,-62.227
223266.6,-76.782
223388.7,-77.080
223510.7,-71.312
223632.8,-73.501
223754.9,-79.775
223877.0,-70.345
223999.0,-63.825
224121.1,-68.292
224243.2,-78.463
224365.2,-64.928
224487.3,-59.402
224609.4,-65.544
224731.4,-78.504
224853.5,-61.722
224975.6,-57.247
225097.7,-64.526
225219.7,-78.841
225341.8,-66.650
225463.9,-63.236
225585.9,-71.323
225708.0,-78.479
225830.1,-64.374
225952.1,-61.970
226074.2,-71.215
226196.3,-75.196
226318.4,-62.301
226440.4,-60.936
226562.5,-71.687
226684.6,-72.497
226806.6,-59.410
226928.7,-59.041
227050.8,-71.216
227172.9,-76.427
227294.9,-73.172
227417.0,-73.617
227539.1,-79.021
227661.1,-72.669
227783.2,-62.218
227905.3,-63.783
228027.3,-76.758
228149.4,-71.293
228271.5,-62.217
228393.6,-64.815
228515.6,-78.636
228637.7,-65.654
228759.8,-57.295
228881.8,-60.925
229003.9,-78.137
229126.0,-69.864
229248.0,-63.023
229370.1,-67.748
229492.2,-80.781
229614.3,-63.921
229736.3,-58.036
229858.4,-63.961
229980.5,-78.684
230102.5,-59.456
230224.6,-54.585
230346.7,-61.696
230468.8,-80.204
230590.8,-72.469
230712.9,-68.745
230835.0,-74.877
230957.0,-79.021
231079.1,-66.963
231201.2,-64.410
231323.2,-73.423
231445.3,-73.224
231567.4,-57.327
231689.5,-55.619
231811.5,-66.483
231933.6,-79.360
232055.7,-69.911
232177.7,-68.807
232299.8,-77.246
232421.9,-72.828
232543.9,-60.069
232666.0,-60.329
232788.1,-73.523
232910.2,-72.369
233032.2,-61.447
233154.3,-62.710
233276.4,-77.230
233398.4,-73.244
233520.5,-63.302
233642.6,-65.431
233764.6,-79.582
233886.7,-77.643
234008.8,-71.628
234130.9,-74.103
234252.9,-80.771
234375.0,-76.051
234497.1,-70.774
234619.1,-74.336
234741.2,-80.053
234863.3,-68.053
234985.4,-62.078
235107.4,-67.629
235229.5,-80.987
235351.6,-66.943
235473.6,-61.879
235595.7,-68.382
235717.8,-78.799
235839.8,-70.993
235961.9,-67.718
236084.0,-74.795
236206.1,-76.547
236328.1,-57.276
236450.2,-54.174
236572.3,-63.244
236694.3,-73.635
236816.4,-57.405
236938.5,-55.379
237060.5,-65.871
237182.6,-75.858
237304.7,-65.187
237426.8,-64.178
237548.8,-75.167
237670.9,-71.229
237793.0,-57.836
237915.0,-57.763
238037.1,-71.178
238159.2,-72.755
238281.2,-61.372
238403.3,-62.373
238525.4,-76.259
238647.5,-77.174
238769.5,-70.194
238891.6,-71.750
239013.7,-80.530
239135.7,-71.229
239257.8,-62.184
239379.9,-65.159
239502.0,-80.389
239624.0,-71.087
239746.1,-64.244
239868.2,-68.251
239990.2,-81.789
240112.3,-61.672
240234.4,-54.925
240356.4,-60.110
240478.5,-82.298
240600.6,-62.065
240722.7,-56.453
240844.7,-62.748
240966.8,-79.817
241088.9,-56.937
241210.9,-52.418
241333.0,-59.964
241455.1,-80.663
241577.1,-64.389
241699.2,-60.972
241821.3,-69.656
241943.4,-79.385
242065.4,-63.409
242187.5,-60.943
242309.6,-70.476
242431.6,-72.805
242553.7,-56.907
242675.8,-55.510
242797.9,-66.963
242919.9,-70.321
243042.0,-56.060
243164.1,-55.677
243286.1,-68.580
243408.2,-70.808
243530.3,-58.693
243652.3,-59.373
243774.4,-74.110
243896.5,-80.292
244018.6,-72.402
244140.6,-73.600
244262.7,-81.445
244384.8,-66.481
244506.8,-56.783
244628.9,-59.434
244751.0,-77.509
244873.0,-68.704
244995.1,-60.416
245117.2,-64.051
245239.3,-77.674
245361.3,-66.598
245483.4,-59.759
245605.5,-64.570
245727.5,-81.981
245849.6,-63.374
245971.7,-57.382
246093.8,-63.385
246215.8,-82.073
246337.9,-63.900
246460.0,-59.096
246582.0,-66.154
246704.1,-80.388
246826.2,-73.199
246948.2,-69.965
247070.3,-77.276
247192.4,-79.662
247314.5,-62.629
247436.5,-59.899
247558.6,-69.246
247680.7,-76.199
247802.7,-65.596
247924.8,-64.072
248046.9,-74.572
248168.9,-75.794
248291.0,-61.235
248413.1,-60.553
248535.2,-72.883
248657.2,-75.194
248779.3,-62.686
248901.4,-62.995
249023.4,-75.751
249145.5,-66.736
249267.6,-55.294
249389.6,-56.655
249511.7,-72.909
249633.8,-72.733
249755.9,-63.396
249877.9,-65.775
250000.0,-79.498
250122.1,-71.153
250244.1,-63.194
250366.2,-66.468
250488.3,-82.226
250610.4,-76.933
250732.4,-70.221
250854.5,-74.362
250976.6,-84.325
251098.6,-62.976
251220.7,-56.575
251342.8,-62.133
251464.8,-83.509
251586.9,-60.924
251709.0,-55.682
251831.1,-62.392
251953.1,-82.070
252075.2,-79.303
252197.3,-78.167
252319.3,-83.530
252441.4,-82.537
252563.5,-70.458
252685.5,-67.531
252807.6,-76.195
252929.7,-79.626
253051.8,-62.829
253173.8,-60.747
253295.9,-71.040
253418.0,-75.159
253540.0,-61.040
253662.1,-60.040
253784.2,-71.985
253906.2,-81.059
254028.3,-81.269
254150.4,-83.092
254272.5,-84.278
254394.5,-77.160
254516.6,-66.221
254638.7,-67.317
254760.7,-79.869
254882.8,-67.015
255004.9,-56.503
255127.0,-58.523
255249.0,-75.557
255371.1,-66.801
255493.2,-57.617
255615.2,-60.660
255737.3,-77.100
255859.4,-66.628
255981.4,-58.772
256103.5,-62.849
256225.6,-79.668
256347.7,-64.010
256469.7,-57.492
256591.8,-62.712
256713.9,-83.072
256835.9,-65.268
256958.0,-59.715
257080.1,-66.037
257202.1,-81.663
257324.2,-61.707
257446.3,-57.211
257568.4,-64.740
257690.4,-81.417
257812.5,-63.956
257934.6,-60.552
258056.6,-69.144
258178.7,-80.978
258300.8,-71.674
258422.9,-69.494
258544.9,-78.084
258667.0,-81.177
258789.1,-71.904
258911.1,-70.712
259033.2,-79.812
259155.3,-72.705
259277.3,-58.902
259399.4,-58.560
259521.5,-71.447
259643.6,-75.339
259765.6,-64.059
259887.7,-64.638
260009.8,-77.598
260131.8,-77.786
260253.9,-68.849
260376.0,-70.395
260498.0,-80.788
260620.1,-73.129
260742.2,-64.052
260864.3,-66.764
260986.3,-81.766
261108.4,-74.444
261230.5,-67.322
261352.5,-71.117
261474.6,-83.122
261596.7,-71.737
261718.8,-64.997
261840.8,-69.713
261962.9,-82.944
262085.0,-67.886
262207.0,-62.131
262329.1,-68.061
262451.2,-82.703
262573.2,-65.919
262695.3,-61.166
262817.4,-68.208
262939.5,-79.806
263061.5,-59.951
263183.6,-56.179
263305.7,-64.408
263427.7,-79.066
263549.8,-65.647
263671.9,-62.948
263793.9,-71.938
263916.0,-76.171
264038.1,-62.086
264160.2,-60.461
264282.2,-70.846
264404.3,-76.397
264526.4,-63.605
264648.4,-62.934
264770.5,-74.817
264892.6,-74.619
265014.6,-62.730
265136.7,-63.058
265258.8,-75.242
265380.9,-71.014
265502.9,-60.013
265625.0,-61.384
265747.1,-75.851
265869.1,-64.288
265991.2,-54.175
266113.3,-56.561
266235.4,-74.731
266357.4,-71.132
266479.5,-62.866
266601.6,-66.214
266723.6,-81.042
266845.7,-67.338
266967.8,-59.891
267089.8,-64.362
267211.9,-80.042
267334.0,-66.765
267456.1,-60.550
267578.1,-65.987
267700.2,-81.185
267822.3,-67.433
267944.3,-62.303
268066.4,-68.746
268188.5,-81.194
268310.5,-67.346
268432.6,-63.261
268554.7,-70.884
268676.8,-80.128
268798.8,-68.140
268920.9,-65.326
269043.0,-73.927
269165.0,-75.249
269287.1,-58.279
269409.2,-56.253
269531.2,-66.785
269653.3,-75.707
269775.4,-62.545
269897.5,-61.520
270019.5,-73.011
270141.6,-78.127
270263.7,-67.071
270385.7,-67.014
270507.8,-77.465
270629.9,-78.033
270752.0,-72.261
270874.0,-74.047
270996.1,-81.163
271118.2,-70.712
271240.2,-60.622
271362.3,-62.644
271484.4,-77.602
271606.4,-68.692
271728.5,-59.975
271850.6,-63.063
271972.7,-78.081
272094.7,-71.144
272216.8,-64.974
272338.9,-69.095
272460.9,-81.771
272583.0,-63.129
272705.1,-56.399
272827.1,-61.568
272949.2,-80.968
273071.3,-67.536
273193.4,-62.269
273315.4,-68.556
273437.5,-79.877
273559.6,-61.232
273681.6,-56.808
273803.7,-64.287
273925.8,-79.599
274047.9,-64.746
274169.9,-61.453
274292.0,-69.935
274414.1,-79.802
274536.1,-69.476
274658.2,-67.341
274780.3,-75.756
274902.3,-74.804
275024.4,-59.358
275146.5,-57.995
275268.6,-69.258
275390.6,-72.509
275512.7,-59.355
275634.8,-59.079
275756.8,-71.522
275878.9,-74.148
276001.0,-62.744
276123.0,-63.436
276245.1,-76.819
276367.2,-75.498
276489.3,-68.245
276611.3,-70.108
276733.4,-80.499
276855.5,-76.972
276977.5,-70.405
277099.6,-72.918
277221.7,-78.980
277343.8,-63.226
277465.8,-55.054
277587.9,-58.833
277710.0,-77.877
277832.0,-67.781
277954.1,-60.967
278076.2,-65.666
278198.2,-76.655
278320.3,-66.057
278442.4,-60.555
278564.5,-66.363
278686.5,-80.998
278808.6,-71.245
278930.7,-67.275
279052.7,-73.815
279174.8,-78.844
279296.9,-62.369
279418.9,-58.649
279541.0,-66.767
279663.1,-78.270
279785.2,-68.817
279907.2,-66.808
280029.3,-75.192
280151.4,-76.053
280273.4,-61.969
280395.5,-60.388
280517.6,-71.004
280639.6,-76.126
280761.7,-64.230
280883.8,-63.761
281005.9,-75.450
281127.9,-74.482
281250.0,-63.516
281372.1,-63.988
281494.1,-75.307
281616.2,-69.994
281738.3,-58.948
281860.4,-60.312
281982.4,-74.533
282104.5,-67.482
282226.6,-57.645
282348.6,-59.990
282470.7,-76.615
282592.8,-72.225
282714.8,-64.904
282836.9,-68.261
282959.0,-80.423
283081.1,-66.542
283203.1,-59.214
283325.2,-63.577
283447.3,-77.855
283569.3,-73.681
283691.4,-68.798
283813.5,-72.865
283935.5,-78.068
284057.6,-65.476
284179.7,-60.387
284301.8,-66.815
284423.8,-78.367
284545.9,-62.328
284668.0,-58.285
284790.0,-66.097
284912.1,-79.761
285034.2,-65.939
285156.2,-62.942
285278.3,-71.081
285400.4,-76.301
285522.5,-73.874
285644.5,-72.955
285766.6,-78.054
285888.7,-77.204
286010.7,-67.414
286132.8,-66.773
286254.9,-76.091
286377.0,-77.400
286499.0,-70.583
286621.1,-70.822
286743.2,-78.120
286865.2,-74.183
286987.3,-64.959
287109.4,-66.205
287231.4,-76.539
287353.5,-72.430
287475.6,-65.369
287597.7,-67.655
287719.7,-78.067
287841.8,-68.057
287963.9,-59.425
288085.9,-62.535
288208.0,-78.377
288330.1,-68.490
288452.1,-61.115
288574.2,-65.201
288696.3,-78.210
288818.4,-66.333
288940.4,-60.094
289062.5,-65.227
289184.6,-77.680
289306.6,-67.806
289428.7,-64.066
289550.8,-70.561
289672.9,-78.150
289794.9,-68.477
289917.0,-65.160
290039.1,-72.114
290161.1,-77.716
290283.2,-68.169
290405.3,-65.920
290527.3,-73.594
290649.4,-77.313
290771.5,-64.308
290893.6,-62.244
291015.6,-71.661
291137.7,-71.318
291259.8,-56.474
291381.8,-55.266
291503.9,-66.808
291626.0,-74.064
291748.0,-63.435
291870.1,-63.187
291992.2,-73.870
292114.3,-72.126
292236.3,-61.013
292358.4,-61.782
292480.5,-74.854
292602.5,-74.129
292724.6,-67.420
292846.7,-69.786
292968.8,-77.885
293090.8,-64.289
293212.9,-54.788
293335.0,-57.477
293457.0,-74.071
293579.1,-70.778
293701.2,-64.466
293823.2,-67.817
293945.3,-78.250
294067.4,-68.906
294189.5,-62.330
294311.5,-66.971
294433.6,-78.649
294555.7,-66.860
294677.7,-61.341
294799.8,-67.258
294921.9,-77.584
295043.9,-65.484
295166.0,-60.878
295288.1,-67.032
295410.2,-76.555
295532.2,-63.561
295654.3,-59.983
295776.4,-67.841
295898.4,-77.264
296020.5,-69.715
296142.6,-67.484
296264.6,-74.302
296386.7,-74.327
296508.8,-62.987
296630.9,-61.475
296752.9,-71.924
296875.0,-75.963
296997.1,-66.333
297119.1,-65.665
297241.2,-73.677
297363.3,-72.450
297485.4,-61.956
297607.4,-62.324
297729.5,-73.998
297851.6,-73.979
297973.6,-65.486
298095.7,-66.827
298217.8,-76.392
298339.8,-72.915
298461.9,-66.342
298584.0,-68.581
298706.1,-78.318
298828.1,-71.863
298950.2,-65.719
299072.3,-69.001
299194.3,-75.866
299316.4,-68.502
299438.5,-62.612
299560.5,-67.018
299682.6,-76.813
299804.7,-70.098
299926.8,-66.178
300048.8,-71.405
300170.9,-77.357
300293.0,-70.707
300415.0,-69.461
300537.1,-75.295
300659.2,-76.393
300781.2,-63.551
300903.3,-59.977
301025.4,-67.787
301147.5,-74.018
301269.5,-63.424
301391.6,-61.329
301513.7,-70.267
301635.7,-74.112
301757.8,-64.061
301879.9,-63.239
302002.0,-73.163
302124.0,-72.636
302246.1,-60.000
302368.2,-59.281
302490.2,-70.824
302612.3,-71.711
302734.4,-59.935
302856.4,-60.084
302978.5,-72.445
303100.6,-67.962
303222.7,-57.125
303344.7,-58.194
303466.8,-72.134
303588.9,-68.101
303710.9,-58.412
303833.0,-60.397
303955.1,-74.590
304077.1,-70.940
304199.2,-65.815
304321.3,-68.834
304443.4,-76.874
304565.4,-71.121
304687.5,-65.479
304809.6,-69.322
304931.6,-77.014
305053.7,-65.749
305175.8,-60.498
305297.9,-65.550
305419.9,-77.817
305542.0,-65.617
305664.1,-61.009
305786.1,-67.056
305908.2,-76.807
306030.3,-61.137
306152.3,-56.898
306274.4,-64.215
306396.5,-74.991
306518.6,-67.467
306640.6,-65.497
306762.7,-72.406
306884.8,-74.003
307006.8,-58.565
307128.9,-56.272
307251.0,-66.005
307373.0,-75.498
307495.1,-62.834
307617.2,-61.291
307739.3,-70.854
307861.3,-74.301
307983.4,-66.815
308105.5,-66.765
308227.5,-73.699
308349.6,-71.129
308471.7,-62.240
308593.8,-63.314
308715.8,-74.397
308837.9,-72.430
308960.0,-65.524
309082.0,-66.797
309204.1,-74.927
309326.2,-72.924
309448.2,-66.719
309570.3,-69.150
309692.4,-75.107
309814.5,-66.464
309936.5,-58.889
310058.6,-62.676
310180.7,-74.574
310302.7,-67.224
310424.8,-61.624
310546.9,-66.433
310668.9,-75.285
310791.0,-66.707
310913.1,-61.901
311035.2,-67.172
311157.2,-75.619
311279.3,-67.621
311401.4,-63.674
311523.4,-70.058
311645.5,-73.906
311767.6,-63.777
311889.6,-60.449
312011.7,-68.076
312133.8,-73.224
312255.9,-62.181
312377.9,-59.684
312500.0,-68.628
312622.1,-72.871
312744.1,-66.308
312866.2,-66.016
312988.3,-73.279
313110.4,-73.506
313232.4,-65.424
313354.5,-65.493
313476.6,-74.796
313598.6,-71.519
313720.7,-63.728
313842.8,-64.423
313964.8,-73.902
314086.9,-70.126
314209.0,-65.663
314331.1,-68.163
314453.1,-73.644
314575.2,-66.733
314697.3,-58.678
314819.3,-61.308
314941.4,-74.131
315063.5,-69.984
315185.5,-64.978
315307.6,-68.430
315429.7,-76.329
315551.8,-66.979
315673.8,-63.211
315795.9,-68.569
315918.0,-74.716
316040.0,-62.472
316162.1,-57.618
316284.2,-63.565
316406.2,-75.043
316528.3,-64.166
316650.4,-60.576
316772.5,-67.241
316894.5,-75.008
317016.6,-64.348
317138.7,-62.045
317260.7,-70.239
317382.8,-73.160
317504.9,-58.221
317627.0,-55.542
317749.0,-64.804
317871.1,-72.010
317993.2,-58.073
318115.2,-56.169
318237.3,-66.177
318359.4,-71.829
318481.4,-62.038
318603.5,-61.583
318725.6,-71.399
318847.7,-70.419
318969.7,-59.969
319091.8,-60.509
319213.9,-72.097
319335.9,-69.091
319458.0,-60.351
319580.1,-61.431
319702.1,-72.984
319824.2,-68.979
319946.3,-61.736
320068.4,-63.931
320190.4,-73.246
320312.5,-65.493
320434.6,-57.596
320556.6,-60.837
320678.7,-74.430
320800.8,-66.482
320922.9,-59.615
321044.9,-63.558
321167.0,-75.924
321289.1,-66.843
321411.1,-61.657
321533.2,-66.349
321655.3,-75.156
321777.3,-62.388
321899.4,-57.130
322021.5,-63.131
322143.6,-73.558
322265.6,-66.680
322387.7,-62.757
322509.8,-68.369
322631.8,-74.444
322753.9,-65.199
322876.0,-62.428
322998.0,-69.544
323120.1,-74.070
323242.2,-63.482
323364.3,-61.599
323486.3,-69.751
323608.4,-73.271
323730.5,-66.660
323852.5,-65.933
323974.6,-71.860
324096.7,-71.316
324218.8,-65.155
324340.8,-66.057
324462.9,-73.347
324585.0,-71.379
324707.0,-63.244
324829.1,-64.389
324951.2,-73.770
325073.2,-70.163
325195.3,-61.284
325317.4,-63.047
325439.5,-73.113
325561.5,-68.882
325683.6,-63.551
325805.7,-66.590
325927.7,-73.319
326049.8,-66.043
326171.9,-60.774
326293.9,-65.314
326416.0,-74.932
326538.1,-67.121
326660.2,-63.302
326782.2,-68.974
326904.3,-75.081
327026.4,-65.903
327148.4,-61.807
327270.5,-67.800
327392.6,-74.413
327514.6,-62.753
327636.7,-59.016
327758.8,-66.006
327880.9,-73.042
328002.9,-60.688
328125.0,-57.395
328247.1,-65.557
328369.1,-74.676
328491.2,-63.066
328613.3,-60.546
328735.4,-69.191
328857.4,-73.499
328979.5,-64.278
329101.6,-63.015
329223.6,-71.824
329345.7,-71.199
329467.8,-60.658
329589.8,-60.382
329711.9,-71.249
329834.0,-71.965
329956.1,-65.062
330078.1,-65.502
330200.2,-73.282
330322.3,-72.442
330444.3,-66.660
330566.4,-68.144
330688.5,-75.080
330810.5,-70.109
330932.6,-64.054
331054.7,-67.130
331176.8,-75.498
331298.8,-67.113
331420.9,-60.083
331543.0,-63.508
331665.0,-75.100
331787.1,-68.220
331909.2,-63.507
332031.2,-67.516
332153.3,-74.549
332275.4,-68.182
332397.5,-64.933
332519.5,-70.518
332641.6,-75.229
332763.7,-64.688
332885.7,-60.549
333007.8,-67.324
333129.9,-74.226
333252.0,-64.871
333374.0,-61.846
333496.1,-68.667
333618.2,-74.243
333740.2,-63.602
333862.3,-61.477
333984.4,-69.183
334106.4,-73.188
334228.5,-64.224
334350.6,-63.336
334472.7,-72.214
334594.7,-73.105
334716.8,-63.726
334838.9,-63.307
334960.9,-73.083
335083.0,-72.517
335205.1,-63.481
335327.1,-63.561
335449.2,-72.434
335571.3,-71.361
335693.4,-62.419
335815.4,-63.341
335937.5,-72.370
336059.6,-70.842
336181.6,-64.057
336303.7,-65.971
336425.8,-73.651
336547.9,-69.575
336669.9,-66.193
336792.0,-69.809
336914.1,-76.244
337036.1,-69.248
337158.2,-66.187
337280.3,-70.915
337402.3,-75.098
337524.4,-68.235
337646.5,-64.617
337768.6,-69.481
337890.6,-72.731
338012.7,-66.710
338134.8,-63.578
338256.8,-69.432
338378.9,-73.705
338501.0,-64.459
338623.0,-61.114
338745.1,-68.260
338867.2,-75.179
338989.3,-64.841
339111.3,-62.958
339233.4,-70.747
339355.5,-73.422
339477.5,-64.500
339599.6,-64.068
339721.7,-72.347
339843.8,-69.930
339965.8,-63.302
340087.9,-64.562
340210.0,-73.471
340332.0,-69.950
340454.1,-62.561
340576.2,-63.724
340698.2,-73.262
340820.3,-70.793
340942.4,-61.021
341064.5,-62.019
341186.5,-73.447
341308.6,-69.898
341430.7,-61.879
341552.7,-63.854
341674.8,-73.871
341796.9,-65.419
341918.9,-58.992
342041.0,-62.385
342163.1,-74.373
342285.2,-66.497
342407.2,-62.532
342529.3,-67.299
342651.4,-73.399
342773.4,-68.275
342895.5,-64.542
343017.6,-69.343
343139.6,-75.110
343261.7,-65.875
343383.8,-61.522
343505.9,-67.451
343627.9,-73.112
343750.0,-61.002
343872.1,-57.680
343994.1,-64.888
344116.2,-72.552
344238.3,-62.676
344360.4,-61.712
344482.4,-69.983
344604.5,-71.754
344726.6,-63.987
344848.6,-63.399
344970.7,-71.868
345092.8,-72.396
345214.8,-62.869
345336.9,-61.986
345459.0,-71.345
345581.1,-70.712
345703.1,-58.380
345825.2,-57.718
345947.3,-68.707
346069.3,-70.716
346191.4,-62.516
346313.5,-62.864
346435.5,-72.068
346557.6,-69.252
346679.7,-64.472
346801.8,-67.246
346923.8,-75.067
347045.9,-69.824
347168.0,-66.132
347290.0,-69.731
347412.1,-74.671
347534.2,-69.242
347656.2,-63.445
347778.3,-65.862
347900.4,-72.634
348022.5,-66.132
348144.5,-61.203
348266.6,-65.632
348388.7,-73.645
348510.7,-64.359
348632.8,-62.085
348754.9,-69.329
348877.0,-74.767
348999.0,-63.821
349121.1,-61.287
349243.2,-68.943
349365.2,-74.356
349487.3,-65.430
349609.4,-63.560
349731.4,-69.583
349853.5,-72.506
349975.6,-61.704
350097.7,-59.736
350219.7,-68.219
350341.8,-72.134
350463.9,-60.526
350585.9,-59.194
350708.0,-69.157
350830.1,-72.144
350952.1,-63.588
351074.2,-63.771
351196.3,-72.460
351318.4,-71.207
351440.4,-63.039
351562.5,-63.840
351684.6,-72.275
351806.6,-70.698
351928.7,-62.755
352050.8,-63.876
352172.9,-73.337
352294.9,-70.319
352417.0,-62.105
352539.1,-63.731
352661.1,-74.159
352783.2,-69.903
352905.3,-64.816
353027.3,-67.795
353149.4,-74.667
353271.5,-67.666
353393.6,-64.103
353515.6,-69.124
353637.7,-73.444
353759.8,-67.482
353881.8,-64.846
354003.9,-69.933
354126.0,-73.945
354248.0,-67.166
354370.1,-64.721
354492.2,-69.868
354614.3,-75.095
354736.3,-64.858
354858.4,-62.080
354980.5,-69.130
355102.5,-72.592
355224.6,-63.891
355346.7,-62.557
355468.8,-70.827
355590.8,-71.995
355712.9,-64.129
355835.0,-63.832
355957.0,-72.279
356079.1,-72.946
356201.2,-64.282
356323.2,-64.014
356445.3,-72.100
356567.4,-72.699
356689.5,-63.825
356811.5,-64.230
356933.6,-73.349
357055.7,-69.723
357177.7,-62.350
357299.8,-63.903
357421.9,-73.983
357543.9,-68.328
357666.0,-63.020
357788.1,-66.460
357910.2,-74.917
358032.2,-69.560
358154.3,-63.969
358276.4,-67.437
358398.4,-74.975
358520.5,-70.109
358642.6,-64.929
358764.6,-68.805
358886.7,-74.800
359008.8,-65.457
359130.9,-60.888
359252.9,-65.999
359375.0,-74.429
359497.1,-63.935
359619.1,-61.478
359741.2,-68.516
359863.3,-73.632
359985.4,-64.463
360107.4,-62.817
360229.5,-70.742
360351.6,-74.300
360473.6,-65.207
360595.7,-63.605
360717.8,-71.686
360839.8,-73.055
360961.9,-62.456
361084.0,-60.374
361206.1,-68.851
361328.1,-72.602
361450.2,-62.702
361572.3,-61.389
361694.3,-70.257
361816.4,-73.209
361938.5,-65.255
362060.5,-64.595
362182.6,-73.190
362304.7,-72.612
362426.8,-68.210
362548.8,-69.080
362670.9,-74.549
362793.0,-70.093
362915.0,-64.966
363037.1,-66.780
363159.2,-73.194
363281.2,-69.129
363403.3,-65.039
363525.4,-68.064
363647.5,-73.160
363769.5,-69.464
363891.6,-66.720
364013.7,-70.769
364135.7,-74.529
364257.8,-67.620
364379.9,-64.793
364502.0,-70.814
364624.0,-74.942
364746.1,-65.524
364868.2,-62.444
364990.2,-68.308
365112.3,-72.426
365234.4,-64.351
365356.4,-62.782
365478.5,-69.876
365600.6,-71.967
365722.7,-64.621
365844.7,-63.223
365966.8,-70.954
366088.9,-72.141
366210.9,-63.869
366333.0,-63.820
366455.1,-72.759
366577.1,-71.500
366699.2,-61.500
366821.3,-61.269
366943.4,-70.721
367065.4,-69.522
367187.5,-62.792
367309.6,-63.599
367431.6,-72.339
367553.7,-67.777
367675.8,-61.542
367797.9,-64.417
367919.9,-74.237
368042.0,-66.941
368164.1,-59.722
368286.1,-62.653
368408.2,-74.923
368530.3,-67.780
368652.3,-61.379
368774.4,-64.515
368896.5,-74.075
369018.6,-65.571
369140.6,-60.589
369262.7,-65.038
369384.8,-73.889
369506.8,-63.216
369628.9,-58.669
369751.0,-64.134
369873.0,-74.356
369995.1,-65.046
370117.2,-60.909
370239.3,-66.410
370361.3,-74.609
370483.4,-66.303
370605.5,-62.980
370727.5,-68.608
370849.6,-73.304
370971.7,-62.723
371093.8,-60.174
371215.8,-67.616
371337.9,-71.748
371460.0,-61.336
371582.0,-60.520
371704.1,-69.041
371826.2,-70.539
371948.2,-61.676
372070.3,-62.713
372192.4,-71.997
372314.5,-70.041
372436.5,-61.403
372558.6,-63.098
372680.7,-72.972
372802.7,-68.672
372924.8,-59.860
373046.9,-61.110
373168.9,-71.255
373291.0,-67.851
373413.1,-60.284
373535.2,-61.723
373657.2,-72.425
373779.3,-67.710
373901.4,-60.604
374023.4,-63.322
374145.5,-73.914
374267.6,-66.454
374389.6,-60.325
374511.7,-64.244
374633.8,-74.639
374755.9,-66.913
374877.9,-61.818
375000.0,-65.937
375122.1,-74.621
375244.1,-65.530
375366.2,-61.575
375488.3,-66.572
375610.4,-73.652
375732.4,-65.031
375854.5,-61.459
375976.6,-67.316
376098.6,-74.664
376220.7,-65.194
376342.8,-62.557
376464.8,-69.223
376586.9,-74.367
376709.0,-64.619
376831.1,-62.781
376953.1,-69.850
377075.2,-73.038
377197.3,-64.385
377319.3,-63.583
377441.4,-70.510
377563.5,-72.023
377685.5,-63.375
377807.6,-63.616
377929.7,-71.865
378051.8,-73.255
378173.8,-65.527
378295.9,-65.537
378418.0,-73.239
378540.0,-71.897
378662.1,-64.899
378784.2,-66.417
378906.2,-73.445
379028.3,-70.447
379150.4,-63.330
379272.5,-65.603
379394.5,-73.228
379516.6,-71.540
379638.7,-66.419
379760.7,-68.348
379882.8,-74.086
380004.9,-71.078
380127.0,-67.098
380249.0,-70.316
380371.1,-75.191
380493.2,-69.624
380615.2,-65.311
380737.3,-69.627
380859.4,-74.276
380981.4,-69.308
381103.5,-66.745
381225.6,-70.865
381347.7,-73.059
381469.7,-66.800
381591.8,-66.108
381713.9,-73.077
381835.9,-73.757
381958.0,-65.943
382080.1,-65.539
382202.1,-73.421
382324.2,-73.742
382446.3,-65.745
382568.4,-65.776
382690.4,-73.695
382812.5,-72.915
382934.6,-66.702
383056.6,-66.660
383178.7,-73.480
383300.8,-71.091
383422.9,-64.457
383544.9,-65.838
383667.0,-75.062
383789.1,-71.858
383911.1,-65.310
384033.2,-66.902
384155.3,-75.068
384277.3,-71.007
384399.4,-65.208
384521.5,-68.304
384643.6,-74.891
384765.6,-68.885
384887.7,-64.638
385009.8,-68.818
385131.8,-75.981
385253.9,-65.830
385376.0,-61.946
385498.0,-68.093
385620.1,-76.660
385742.2,-65.169
385864.3,-61.436
385986.3,-68.145
386108.4,-75.077
386230.5,-68.250
386352.5,-64.951
386474.6,-70.705
386596.7,-73.461
386718.8,-64.539
386840.8,-62.223
386962.9,-69.733
387085.0,-74.273
387207.0,-62.737
387329.1,-60.876
387451.2,-69.316
387573.2,-75.603
387695.3,-66.206
387817.4,-64.762
387939.5,-72.207
388061.5,-74.415
388183.6,-66.194
388305.7,-66.068
388427.7,-74.741
388549.8,-73.455
388671.9,-64.897
388793.9,-64.578
388916.0,-73.578
389038.1,-72.491
389160.2,-64.490
389282.2,-65.526
389404.3,-74.083
389526.4,-72.296
389648.4,-65.853
389770.5,-68.497
389892.6,-75.069
390014.6,-69.157
390136.7,-64.052
390258.8,-68.778
390380.9,-76.412
390502.9,-68.882
390625.0,-64.167
390747.1,-68.323
390869.1,-75.540
390991.2,-71.564
391113.3,-66.769
391235.4,-69.653
391357.4,-75.209
391479.5,-71.359
391601.6,-66.689
391723.6,-70.704
391845.7,-74.567
391967.8,-67.590
392089.8,-65.379
392211.9,-71.672
392334.0,-74.080
392456.1,-64.030
392578.1,-63.378
392700.2,-72.141
392822.3,-74.688
392944.3,-66.833
393066.4,-66.809
393188.5,-73.802
393310.5,-74.138
393432.6,-68.939
393554.7,-68.502
393676.8,-75.003
393798.8,-72.077
393920.9,-64.794
394043.0,-65.296
394165.0,-74.219
394287.1,-70.701
394409.2,-63.400
394531.2,-65.413
394653.3,-74.453
394775.4,-69.043
394897.5,-62.955
395019.5,-66.807
395141.6,-75.598
395263.7,-70.266
395385.7,-66.080
395507.8,-69.922
395629.9,-75.844
395752.0,-67.514
395874.0,-62.795
395996.1,-67.451
396118.2,-76.651
396240.2,-68.718
396362.3,-64.149
396484.4,-68.363
396606.4,-76.099
396728.5,-66.236
396850.6,-63.188
396972.7,-69.950
397094.7,-75.039
397216.8,-65.341
397338.9,-63.514
397460.9,-71.483
397583.0,-74.165
397705.1,-61.770
397827.1,-60.759
397949.2,-70.402
398071.3,-73.038
398193.4,-61.896
398315.4,-61.398
398437.5,-71.460
398559.6,-73.634
398681.6,-63.201
398803.7,-63.160
398925.8,-73.170
399047.9,-70.970
399169.9,-61.055
399292.0,-61.849
399414.1,-73.359
399536.1,-71.121
399658.2,-61.661
399780.3,-62.573
399902.3,-72.979
400024.4,-71.950
400146.5,-64.680
400268.6,-65.744
400390.6,-75.098
400512.7,-71.718
400634.8,-64.576
400756.8,-66.561
400878.9,-76.848
401001.0,-72.609
401123.0,-65.485
401245.1,-67.365
401367.2,-75.968
401489.3,-71.959
401611.3,-67.612
401733.4,-69.588
401855.5,-75.410
401977.5,-69.066
402099.6,-66.658
402221.7,-71.354
402343.8,-77.294
402465.8,-71.688
402587.9,-68.924
402710.0,-72.963
402832.0,-76.670
402954.1,-67.219
403076.2,-65.666
403198.2,-72.405
403320.3,-75.052
403442.4,-66.522
403564.5,-66.381
403686.5,-73.315
403808.6,-72.080
403930.7,-61.450
404052.7,-62.164
404174.8,-73.652
404296.9,-75.207
404418.9,-65.838
404541.0,-66.270
404663.1,-75.292
404785.2,-74.919
404907.2,-66.998
405029.3,-67.473
405151.4,-74.884
405273.4,-73.045
405395.5,-65.246
405517.6,-66.458
405639.6,-74.946
405761.7,-70.768
405883.8,-64.002
406005.9,-66.526
406127.9,-76.250
406250.0,-74.366
406372.1,-69.514
406494.1,-72.312
406616.2,-76.767
406738.3,-71.795
406860.4,-67.908
406982.4,-72.275
407104.5,-77.289
407226.6,-68.392
407348.6,-64.820
407470.7,-70.661
407592.8,-76.266
407714.8,-66.508
407836.9,-63.649
407959.0,-70.438
408081.1,-76.422
408203.1,-70.580
408325.2,-68.710
408447.3,-75.704
408569.3,-76.443
408691.4,-69.749
408813.5,-68.361
408935.5,-75.025
409057.6,-75.407
409179.7,-65.184
409301.8,-64.769
409423.8,-73.608
409545.9,-75.825
409668.0,-68.831
409790.0,-68.599
409912.1,-75.361
410034.2,-73.821
410156.2,-66.488
410278.3,-68.574
410400.4,-79.104
410522.5,-73.990
410644.5,-67.184
410766.6,-69.360
410888.7,-78.118
411010.7,-71.290
411132.8,-64.605
411254.9,-67.916
411377.0,-77.363
411499.0,-70.537
411621.1,-65.005
411743.2,-69.381
411865.2,-78.025
411987.3,-69.489
412109.4,-64.803
412231.4,-70.401
412353.5,-77.482
412475.6,-67.600
412597.7,-63.689
412719.7,-70.379
412841.8,-79.672
412963.9,-72.711
413085.9,-68.334
413208.0,-72.498
413330.1,-78.247
413452.1,-70.087
413574.2,-67.442
413696.3,-73.700
413818.4,-77.518
413940.4,-68.910
414062.5,-67.263
414184.6,-74.933
414306.6,-77.420
414428.7,-65.954
414550.8,-65.555
414672.9,-75.087
414794.9,-75.515
414917.0,-68.138
415039.1,-68.960
415161.1,-76.746
415283.2,-74.542
415405.3,-66.088
415527.3,-67.783
415649.4,-78.001
415771.5,-72.720
415893.6,-63.944
416015.6,-66.323
416137.7,-78.126
416259.8,-76.480
416381.8,-68.816
416503.9,-70.289
416626.0,-78.497
416748.0,-71.910
416870.1,-65.484
416992.2,-69.624
417114.3,-78.249
417236.3,-69.770
417358.4,-64.211
417480.5,-69.414
417602.5,-80.379
417724.6,-75.578
417846.7,-69.806
417968.8,-72.665
418090.8,-80.223
418212.9,-74.447
418335.0,-70.523
418457.0,-74.727
418579.1,-80.448
418701.2,-74.331
418823.2,-70.148
418945.3,-75.002
419067.4,-79.288
419189.5,-73.755
419311.5,-71.327
419433.6,-75.642
419555.7,-80.386
419677.7,-72.398
419799.8,-71.889
419921.9,-77.736
420043.9,-79.756
420166.0,-73.083
420288.1,-73.569
420410.2,-79.393
420532.2,-78.156
420654.3,-70.095
420776.4,-71.406
420898.4,-78.800
421020.5,-75.388
421142.6,-67.229
421264.6,-69.575
421386.7,-78.341
421508.8,-77.765
421630.9,-71.869
421752.9,-74.449
421875.0,-80.208
421997.1,-73.928
422119.1,-67.333
422241.2,-71.374
422363.3,-80.148
422485.4,-76.213
422607.4,-71.099
422729.5,-74.631
422851.6,-80.390
422973.6,-72.280
423095.7,-67.746
423217.8,-73.374
423339.8,-79.119
423461.9,-75.006
423584.0,-70.656
423706.1,-76.265
423828.1,-81.185
423950.2,-77.843
424072.3,-74.352
424194.3,-78.676
424316.4,-82.302
424438.5,-73.957
424560.5,-71.929
424682.6,-78.752
424804.7,-80.996
424926.8,-74.393
425048.8,-72.789
425170.9,-78.588
425293.0,-79.662
425415.0,-71.649
425537.1,-72.011
425659.2,-80.636
425781.2,-79.486
425903.3,-72.476
426025.4,-73.606
426147.5,-81.896
426269.5,-80.202
426391.6,-75.437
426513.7,-76.501
426635.7,-81.920
426757.8,-81.569
426879.9,-77.307
427002.0,-77.700
427124.0,-82.260
427246.1,-79.398
427368.2,-74.102
427490.2,-76.887
427612.3,-82.449
427734.4,-76.510
427856.4,-71.315
427978.5,-75.983
428100.6,-82.720
428222.7,-81.016
428344.7,-78.078
428466.8,-80.992
428588.9,-83.371
428710.9,-76.996
428833.0,-73.090
428955.1,-78.521
429077.1,-82.849
429199.2,-79.005
429321.3,-76.542
429443.4,-81.227
429565.4,-82.018
429687.5,-72.588
429809.6,-70.638
429931.6,-79.097
430053.7,-82.218
430175.8,-78.025
430297.9,-76.702
430419.9,-80.457
430542.0,-80.432
430664.1,-78.069
430786.1,-77.907
430908.2,-80.041
431030.3,-81.760
431152.3,-75.278
431274.4,-75.381
431396.5,-82.487
431518.6,-80.265
431640.6,-72.366
431762.7,-74.196
431884.8,-81.608
432006.8,-80.290
432128.9,-73.637
432251.0,-76.325
432373.0,-84.954
432495.1,-80.486
432617.2,-73.793
432739.3,-76.568
432861.3,-81.024
432983.4,-78.912
433105.5,-77.860
433227.5,-80.858
433349.6,-80.923
433471.7,-82.021
433593.8,-77.431
433715.8,-79.274
433837.9,-85.223
433960.0,-79.172
434082.0,-74.905
434204.1,-80.398
434326.2,-83.979
434448.2,-78.602
434570.3,-75.614
434692.4,-81.966
434814.5,-84.242
434936.5,-70.943
435058.6,-68.934
435180.7,-78.394
435302.7,-85.346
435424.8,-75.693
435546.9,-73.761
435668.9,-80.573
435791.0,-84.889
435913.1,-79.182
436035.2,-78.471
436157.2,-84.013
436279.3,-82.431
436401.4,-78.131
436523.4,-77.489
436645.5,-81.993
436767.6,-82.202
436889.6,-79.938
437011.7,-78.708
437133.8,-84.077
437255.9,-81.198
437377.9,-73.566
437500.0,-75.585
437622.1,-82.396
437744.1,-79.952
437866.2,-77.153
437988.3,-80.773
438110.4,-86.458
438232.4,-79.393
438354.5,-74.441
438476.6,-77.678
438598.6,-86.084
438720.7,-84.016
438842.8,-80.232
438964.8,-80.999
439086.9,-85.285
439209.0,-80.854
439331.1,-77.149
439453.1,-82.444
439575.2,-84.177
439697.3,-73.074
439819.3,-69.705
439941.4,-77.031
440063.5,-85.621
440185.5,-77.866
440307.6,-75.599
440429.7,-82.532
440551.8,-85.509
440673.8,-74.766
440795.9,-73.110
440918.0,-81.069
441040.0,-85.662
441162.1,-76.227
441284.2,-75.299
441406.2,-83.628
441528.3,-85.871
441650.4,-77.685
441772.5,-76.751
441894.5,-83.571
442016.6,-83.749
442138.7,-76.334
442260.7,-76.783
442382.8,-82.758
442504.9,-82.588
442627.0,-77.850
442749.0,-79.658
442871.1,-83.605
442993.2,-82.696
443115.2,-80.884
443237.3,-81.773
443359.4,-84.147
443481.4,-83.173
443603.5,-77.047
443725.6,-80.359
443847.7,-84.519
443969.7,-80.504
444091.8,-77.354
444213.9,-81.331
444335.9,-87.301
444458.0,-83.481
444580.1,-79.251
444702.1,-82.333
444824.2,-85.286
444946.3,-80.741
445068.4,-77.101
445190.4,-82.359
445312.5,-85.998
445434.6,-77.028
445556.6,-73.021
445678.7,-77.143
445800.8,-82.347
445922.9,-81.746
446044.9,-79.399
446167.0,-82.313
446289.1,-83.380
446411.1,-78.537
446533.2,-79.287
446655.3,-85.390
446777.3,-82.640
446899.4,-79.905
447021.5,-80.231
447143.6,-84.227
447265.6,-82.277
447387.7,-78.489
447509.8,-78.919
447631.8,-85.321
447753.9,-85.842
447876.0,-85.378
447998.0,-85.035
448120.1,-86.588
448242.2,-84.034
448364.3,-80.007
448486.3,-81.588
448608.4,-87.008
448730.5,-80.757
448852.5,-74.370
448974.6,-76.798
449096.7,-85.189
449218.8,-86.881
449340.8,-83.830
449462.9,-83.471
449585.0,-84.141
449707.0,-82.144
449829.1,-75.624
449951.2,-79.901
450073.2,-86.694
450195.3,-81.276
450317.4,-80.656
450439.5,-85.725
450561.5,-85.606
450683.6,-81.636
450805.7,-78.787
450927.7,-80.541
451049.8,-78.729
451171.9,-76.512
451293.9,-75.243
451416.0,-85.334
451538.1,-85.494
451660.2,-82.842
451782.2,-77.503
451904.3,-83.526
452026.4,-86.530
452148.4,-86.993
452270.5,-84.217
452392.6,-88.228
452514.6,-85.583
452636.7,-79.496
452758.8,-79.519
452880.9,-85.448
453002.9,-84.912
453125.0,-82.007
453247.1,-83.846
453369.1,-87.315
453491.2,-86.420
453613.3,-79.833
453735.4,-79.630
453857.4,-84.587
453979.5,-87.215
454101.6,-78.677
454223.6,-79.853
454345.7,-88.739
454467.8,-84.371
454589.8,-81.226
454711.9,-84.245
454834.0,-88.601
454956.1,-83.529
455078.1,-80.172
455200.2,-86.111
455322.3,-86.006
455444.3,-83.914
455566.4,-84.662
455688.5,-85.779
455810.5,-88.125
455932.6,-82.037
456054.7,-78.479
456176.8,-85.584
456298.8,-87.884
456420.9,-81.979
456543.0,-81.130
456665.0,-87.475
456787.1,-86.001
456909.2,-78.293
457031.2,-77.035
457153.3,-85.236
457275.4,-88.901
457397.5,-83.421
457519.5,-80.488
457641.6,-85.773
457763.7,-79.801
457885.7,-78.677
458007.8,-86.001
458129.9,-84.569
458252.0,-84.931
458374.0,-81.108
458496.1,-78.051
458618.2,-86.663
458740.2,-83.755
458862.3,-81.887
458984.4,-78.973
459106.4,-85.628
459228.5,-82.303
459350.6,-80.711
459472.7,-81.471
459594.7,-85.544
459716.8,-79.698
459838.9,-73.533
459960.9,-73.884
460083.0,-83.103
460205.1,-81.879
460327.1,-76.784
460449.2,-79.124
460571.3,-88.439
460693.4,-88.150
460815.4,-86.124
460937.5,-88.295
461059.6,-89.887
461181.6,-83.829
461303.7,-80.030
461425.8,-84.264
461547.9,-88.817
461669.9,-85.952
461792.0,-80.849
461914.1,-87.633
462036.1,-84.768
462158.2,-88.372
462280.3,-85.272
462402.3,-87.326
462524.4,-82.143
462646.5,-79.530
462768.6,-78.265
462890.6,-85.936
463012.7,-89.171
463134.8,-78.293
463256.8,-75.060
463378.9,-83.174
463501.0,-84.384
463623.0,-88.180
463745.1,-87.954
463867.2,-89.640
463989.3,-87.013
464111.3,-79.640
464233.4,-80.594
464355.5,-85.588
464477.5,-85.938
464599.6,-82.962
464721.7,-85.162
464843.8,-89.544
464965.8,-89.823
465087.9,-83.755
465210.0,-83.495
465332.0,-80.982
465454.1,-78.731
465576.2,-80.779
465698.2,-84.001
465820.3,-89.044
465942.4,-87.581
466064.5,-80.272
466186.5,-82.021
466308.6,-87.825
466430.7,-87.518
466552.7,-78.735
466674.8,-81.516
466796.9,-88.111
466918.9,-85.852
467041.0,-83.784
467163.1,-86.372
467285.2,-89.660
467407.2,-84.703
467529.3,-77.122
467651.4,-79.482
467773.4,-89.539
467895.5,-78.261
468017.6,-76.286
468139.6,-81.514
468261.7,-85.994
468383.8,-82.861
468505.9,-84.816
468627.9,-88.183
468750.0,-85.781
468872.1,-86.852
468994.1,-86.966
469116.2,-89.419
469238.3,-88.400
469360.4,-88.126
469482.4,-86.195
469604.5,-82.521
469726.6,-82.595
469848.6,-84.636
469970.7,-82.916
470092.8,-83.408
470214.8,-82.204
470336.9,-76.940
470459.0,-80.811
470581.1,-86.505
470703.1,-85.108
470825.2,-77.977
470947.3,-79.411
471069.3,-87.898
471191.4,-82.464
471313.5,-80.275
471435.5,-85.670
471557.6,-88.269
471679.7,-84.901
471801.8,-81.138
471923.8,-79.129
472045.9,-80.830
472168.0,-87.010
472290.0,-82.496
472412.1,-82.636
472534.2,-82.229
472656.2,-83.912
472778.3,-86.777
472900.4,-85.514
473022.5,-83.588
473144.5,-79.183
473266.6,-77.539
473388.7,-83.220
473510.7,-80.510
473632.8,-75.346
473754.9,-74.057
473877.0,-84.263
473999.0,-85.550
474121.1,-83.085
474243.2,-81.525
474365.2,-88.467
474487.3,-88.081
474609.4,-83.175
474731.4,-83.522
474853.5,-90.934
474975.6,-85.344
475097.7,-78.658
475219.7,-80.171
475341.8,-85.274
475463.9,-83.681
475585.9,-80.976
475708.0,-81.931
475830.1,-82.628
475952.1,-82.433
476074.2,-86.743
476196.3,-90.169
476318.4,-87.235
476440.4,-88.841
476562.5,-82.853
476684.6,-86.905
476806.6,-90.975
476928.7,-87.702
477050.8,-87.884
477172.9,-88.075
477294.9,-85.586
477417.0,-87.265
477539.1,-82.740
477661.1,-82.319
477783.2,-78.196
477905.3,-78.799
478027.3,-80.284
478149.4,-90.951
478271.5,-83.614
478393.6,-84.390
478515.6,-85.697
478637.7,-90.556
478759.8,-87.354
478881.8,-88.237
479003.9,-87.583
479126.0,-90.810
479248.0,-90.507
479370.1,-85.733
479492.2,-85.837
479614.3,-87.298
479736.3,-86.449
479858.4,-84.731
479980.5,-83.608
480102.5,-88.270
480224.6,-83.641
480346.7,-78.603
480468.8,-77.526
480590.8,-89.164
480712.9,-86.842
480835.0,-79.443
480957.0,-78.407
481079.1,-84.776
481201.2,-81.329
481323.2,-77.093
481445.3,-80.731
481567.4,-89.137
481689.5,-86.038
481811.5,-86.446
481933.6,-88.617
482055.7,-87.838
482177.7,-86.351
482299.8,-84.974
482421.9,-87.852
482543.9,-88.019
482666.0,-83.712
482788.1,-83.446
482910.2,-86.776
483032.2,-90.270
483154.3,-88.887
483276.4,-81.328
483398.4,-83.228
483520.5,-89.067
483642.6,-86.431
483764.6,-80.208
483886.7,-81.253
484008.8,-86.739
484130.9,-84.334
484252.9,-86.664
484375.0,-87.894
484497.1,-85.833
484619.1,-86.568
484741.2,-82.814
484863.3,-90.697
484985.4,-88.049
485107.4,-81.495
485229.5,-77.927
485351.6,-86.063
485473.6,-85.473
485595.7,-86.577
485717.8,-89.405
485839.8,-84.543
485961.9,-85.443
486084.0,-79.968
486206.1,-80.686
486328.1,-84.701
486450.2,-85.737
486572.3,-81.818
486694.3,-83.044
486816.4,-90.142
486938.5,-83.212
487060.5,-83.256
487182.6,-86.813
487304.7,-84.121
487426.8,-87.664
487548.8,-84.725
487670.9,-85.863
487793.0,-82.881
487915.0,-81.777
488037.1,-88.097
488159.2,-83.375
488281.2,-79.283
488403.3,-79.375
488525.4,-80.825
488647.5,-87.747
488769.5,-82.410
488891.6,-76.573
489013.7,-75.948
489135.7,-81.950
489257.8,-87.771
489379.9,-86.273
489502.0,-85.442
489624.0,-85.725
489746.1,-85.152
489868.2,-77.946
489990.2,-77.399
490112.3,-84.233
490234.4,-82.554
490356.4,-85.574
490478.5,-87.181
490600.6,-90.068
490722.7,-83.184
490844.7,-78.929
490966.8,-79.674
491088.9,-87.444
491210.9,-87.828
491333.0,-81.224
491455.1,-81.774
491577.1,-86.234
491699.2,-81.063
491821.3,-83.405
491943.4,-82.871
492065.4,-86.874
492187.5,-87.182
492309.6,-81.778
492431.6,-83.235
492553.7,-87.274
492675.8,-85.008
492797.9,-83.398
492919.9,-85.026
493042.0,-85.300
493164.1,-86.737
493286.1,-84.718
493408.2,-85.326
493530.3,-84.510
493652.3,-82.279
493774.4,-78.400
493896.5,-81.125
494018.6,-84.966
494140.6,-81.288
494262.7,-78.542
494384.8,-84.873
494506.8,-88.293
494628.9,-85.808
494751.0,-82.603
494873.0,-82.441
494995.1,-83.909
495117.2,-80.775
495239.3,-80.285
495361.3,-87.723
495483.4,-90.281
495605.5,-83.702
495727.5,-82.440
495849.6,-85.473
495971.7,-86.475
496093.8,-86.729
496215.8,-84.480
496337.9,-83.109
496460.0,-86.095
496582.0,-84.093
496704.1,-87.143
496826.2,-85.445
496948.2,-88.004
497070.3,-88.421
497192.4,-86.319
497314.5,-83.446
497436.5,-81.850
497558.6,-80.725
497680.7,-81.793
497802.7,-89.118
497924.8,-88.975
498046.9,-87.342
498168.9,-88.902
498291.0,-88.209
498413.1,-88.580
498535.2,-84.431
498657.2,-90.514
498779.3,-86.165
498901.4,-81.952
499023.4,-79.964
499145.5,-83.408
499267.6,-86.439
499389.6,-82.975
499511.7,-77.280
499633.8,-84.254
499755.9,-86.668
499877.9,-87.176
