# baseband_freq_hz,power_dbfs_per_hz
-500000.0,-91.120
-499877.9,-91.150
-499755.9,-91.162
-499633.8,-91.193
-499511.7,-91.189
-499389.6,-91.173
-499267.6,-91.183
-499145.5,-91.187
-499023.4,-91.162
-498901.4,-91.177
-498779.3,-91.187
-498657.2,-91.198
-498535.2,-91.168
-498413.1,-91.164
-498291.0,-91.138
-498168.9,-91.118
-498046.9,-91.148
-497924.8,-91.146
-497802.7,-91.131
-497680.7,-91.097
-497558.6,-91.086
-497436.5,-91.107
-497314.5,-91.068
-497192.4,-91.035
-497070.3,-91.046
-496948.2,-91.016
-496826.2,-90.990
-496704.1,-90.977
-496582.0,-90.946
-496460.0,-90.918
-496337.9,-90.884
-496215.8,-90.851
-496093.8,-90.797
-495971.7,-90.792
-495849.6,-90.796
-495727.5,-90.769
-495605.5,-90.744
-495483.4,-90.708
-495361.3,-90.676
-495239.3,-90.631
-495117.2,-90.600
-494995.1,-90.571
-494873.0,-90.542
-494751.0,-90.495
-494628.9,-90.494
-494506.8,-90.457
-494384.8,-90.421
-494262.7,-90.404
-494140.6,-90.369
-494018.6,-90.374
-493896.5,-90.326
-493774.4,-90.297
-493652.3,-90.271
-493530.3,-90.228
-493408.2,-90.190
-493286.1,-90.174
-493164.1,-90.161
-493042.0,-90.149
-492919.9,-90.115
-492797.9,-90.103
-492675.8,-90.084
-492553.7,-90.029
-492431.6,-90.004
-492309.6,-89.982
-492187.5,-89.985
-492065.4,-89.961
-491943.4,-89.958
-491821.3,-89.948
-491699.2,-89.918
-491577.1,-89.903
-491455.1,-89.900
-491333.0,-89.902
-491210.9,-89.895
-491088.9,-89.867
-490966.8,-89.828
-490844.7,-89.791
-490722.7,-89.773
-490600.6,-89.778
-490478.5,-89.761
-490356.4,-89.775
-490234.4,-89.776
-490112.3,-89.755
-489990.2,-89.772
-489868.2,-89.746
-489746.1,-89.735
-489624.0,-89.740
-489502.0,-89.739
-489379.9,-89.733
-489257.8,-89.708
-489135.7,-89.708
-489013.7,-89.750
-488891.6,-89.759
-488769.5,-89.762
-488647.5,-89.765
-488525.4,-89.752
-488403.3,-89.785
-488281.2,-89.771
-488159.2,-89.800
-488037.1,-89.804
-487915.0,-89.824
-487793.0,-89.836
-487670.9,-89.847
-487548.8,-89.892
-487426.8,-89.921
-487304.7,-89.952
-487182.6,-89.993
-487060.5,-90.018
-486938.5,-90.027
-486816.4,-90.034
-486694.3,-90.054
-486572.3,-90.120
-486450.2,-90.112
-486328.1,-90.150
-486206.1,-90.174
-486084.0,-90.234
-485961.9,-90.285
-485839.8,-90.296
-485717.8,-90.336
-485595.7,-90.352
-485473.6,-90.379
-485351.6,-90.408
-485229.5,-90.442
-485107.4,-90.468
-484985.4,-90.503
-484863.3,-90.578
-484741.2,-90.650
-484619.1,-90.654
-484497.1,-90.681
-484375.0,-90.754
-484252.9,-90.777
-484130.9,-90.826
-484008.8,-90.847
-483886.7,-90.889
-483764.6,-90.940
-483642.6,-90.973
-483520.5,-91.013
-483398.4,-91.069
-483276.4,-91.112
-483154.3,-91.167
-483032.2,-91.213
-482910.2,-91.258
-482788.1,-91.341
-482666.0,-91.341
-482543.9,-91.367
-482421.9,-91.381
-482299.8,-91.442
-482177.7,-91.518
-482055.7,-91.547
-481933.6,-91.567
-481811.5,-91.582
-481689.5,-91.649
-481567.4,-91.690
-481445.3,-91.729
-481323.2,-91.745
-481201.2,-91.761
-481079.1,-91.780
-480957.0,-91.818
-480835.0,-91.838
-480712.9,-91.879
-480590.8,-91.899
-480468.8,-91.906
-480346.7,-91.954
-480224.6,-91.916
-480102.5,-91.994
-479980.5,-92.014
-479858.4,-91.954
-479736.3,-91.947
-479614.3,-91.963
-479492.2,-91.936
-479370.1,-91.946
-479248.0,-91.901
-479126.0,-91.892
-479003.9,-91.915
-478881.8,-91.867
-478759.8,-91.881
-478637.7,-91.819
-478515.6,-91.859
-478393.6,-91.766
-478271.5,-91.732
-478149.4,-91.691
-478027.3,-91.609
-477905.3,-91.654
-477783.2,-91.551
-477661.1,-91.541
-477539.1,-91.519
-477417.0,-91.478
-477294.9,-91.413
-477172.9,-91.365
-477050.8,-91.331
-476928.7,-91.290
-476806.6,-91.200
-476684.6,-91.131
-476562.5,-91.081
-476440.4,-91.007
-476318.4,-91.017
-476196.3,-90.916
-476074.2,-90.888
-475952.1,-90.826
-475830.1,-90.757
-475708.0,-90.705
-475585.9,-90.626
-475463.9,-90.580
-475341.8,-90.521
-475219.7,-90.444
-475097.7,-90.384
-474975.6,-90.346
-474853.5,-90.226
-474731.4,-90.214
-474609.4,-90.142
-474487.3,-90.090
-474365.2,-90.043
-474243.2,-89.976
-474121.1,-89.932
-473999.0,-89.843
-473877.0,-89.808
-473754.9,-89.740
-473632.8,-89.673
-473510.7,-89.608
-473388.7,-89.599
-473266.6,-89.547
-473144.5,-89.498
-473022.5,-89.383
-472900.4,-89.360
-472778.3,-89.302
-472656.2,-89.244
-472534.2,-89.188
-472412.1,-89.110
-472290.0,-89.110
-472168.0,-89.041
-472045.9,-89.005
-471923.8,-88.950
-471801.8,-88.915
-471679.7,-88.871
-471557.6,-88.825
-471435.5,-88.745
-471313.5,-88.735
-471191.4,-88.691
-471069.3,-88.633
-470947.3,-88.603
-470825.2,-88.537
-470703.1,-88.531
-470581.1,-88.459
-470459.0,-88.426
-470336.9,-88.416
-470214.8,-88.403
-470092.8,-88.391
-469970.7,-88.332
-469848.6,-88.276
-469726.6,-88.240
-469604.5,-88.228
-469482.4,-88.212
-469360.4,-88.190
-469238.3,-88.155
-469116.2,-88.121
-468994.1,-88.080
-468872.1,-88.071
-468750.0,-88.045
-468627.9,-88.029
-468505.9,-88.031
-468383.8,-87.973
-468261.7,-87.976
-468139.6,-87.959
-468017.6,-87.932
-467895.5,-87.917
-467773.4,-87.910
-467651.4,-87.900
-467529.3,-87.896
-467407.2,-87.873
-467285.2,-87.859
-467163.1,-87.844
-467041.0,-87.814
-466918.9,-87.807
-466796.9,-87.791
-466674.8,-87.793
-466552.7,-87.811
-466430.7,-87.783
-466308.6,-87.769
-466186.5,-87.731
-466064.5,-87.755
-465942.4,-87.747
-465820.3,-87.739
-465698.2,-87.742
-465576.2,-87.722
-465454.1,-87.726
-465332.0,-87.715
-465210.0,-87.691
-465087.9,-87.724
-464965.8,-87.734
-464843.8,-87.738
-464721.7,-87.717
-464599.6,-87.728
-464477.5,-87.768
-464355.5,-87.779
-464233.4,-87.795
-464111.3,-87.761
-463989.3,-87.796
-463867.2,-87.810
-463745.1,-87.823
-463623.0,-87.789
-463501.0,-87.820
-463378.9,-87.835
-463256.8,-87.855
-463134.8,-87.885
-463012.7,-87.895
-462890.6,-87.907
-462768.6,-87.914
-462646.5,-87.983
-462524.4,-87.985
-462402.3,-88.000
-462280.3,-88.043
-462158.2,-88.071
-462036.1,-88.089
-461914.1,-88.108
-461792.0,-88.122
-461669.9,-88.158
-461547.9,-88.175
-461425.8,-88.194
-461303.7,-88.259
-461181.6,-88.274
-461059.6,-88.332
-460937.5,-88.316
-460815.4,-88.356
-460693.4,-88.363
-460571.3,-88.410
-460449.2,-88.461
-460327.1,-88.473
-460205.1,-88.534
-460083.0,-88.538
-459960.9,-88.584
-459838.9,-88.635
-459716.8,-88.674
-459594.7,-88.713
-459472.7,-88.729
-459350.6,-88.691
-459228.5,-88.787
-459106.4,-88.857
-458984.4,-88.886
-458862.3,-88.905
-458740.2,-88.937
-458618.2,-89.034
-458496.1,-89.064
-458374.0,-89.107
-458252.0,-89.132
-458129.9,-89.088
-458007.8,-89.169
-457885.7,-89.241
-457763.7,-89.305
-457641.6,-89.366
-457519.5,-89.413
-457397.5,-89.494
-457275.4,-89.594
-457153.3,-89.649
-457031.2,-89.681
-456909.2,-89.734
-456787.1,-89.780
-456665.0,-89.864
-456543.0,-89.842
-456420.9,-89.915
-456298.8,-90.041
-456176.8,-90.080
-456054.7,-90.053
-455932.6,-90.044
-455810.5,-90.124
-455688.5,-90.141
-455566.4,-90.210
-455444.3,-90.254
-455322.3,-90.255
-455200.2,-90.309
-455078.1,-90.407
-454956.1,-90.444
-454834.0,-90.469
-454711.9,-90.504
-454589.8,-90.604
-454467.8,-90.595
-454345.7,-90.610
-454223.6,-90.612
-454101.6,-90.524
-453979.5,-90.517
-453857.4,-90.626
-453735.4,-90.601
-453613.3,-90.569
-453491.2,-90.528
-453369.1,-90.572
-453247.1,-90.713
-453125.0,-90.679
-453002.9,-90.654
-452880.9,-90.558
-452758.8,-90.519
-452636.7,-90.620
-452514.6,-90.593
-452392.6,-90.673
-452270.5,-90.610
-452148.4,-90.683
-452026.4,-90.690
-451904.3,-90.740
-451782.2,-90.673
-451660.2,-90.685
-451538.1,-90.648
-451416.0,-90.669
-451293.9,-90.549
-451171.9,-90.435
-451049.8,-90.297
-450927.7,-90.175
-450805.7,-90.325
-450683.6,-90.469
-450561.5,-90.547
-450439.5,-90.460
-450317.4,-90.243
-450195.3,-90.166
-450073.2,-89.963
-449951.2,-89.841
-449829.1,-89.782
-449707.0,-89.895
-449585.0,-90.063
-449462.9,-90.083
-449340.8,-89.937
-449218.8,-89.897
-449096.7,-89.966
-448974.6,-90.101
-448852.5,-90.026
-448730.5,-89.945
-448608.4,-89.906
-448486.3,-89.900
-448364.3,-89.852
-448242.2,-89.688
-448120.1,-89.535
-447998.0,-89.403
-447876.0,-89.413
-447753.9,-89.446
-447631.8,-89.499
-447509.8,-89.535
-447387.7,-89.458
-447265.6,-89.535
-447143.6,-89.452
-447021.5,-89.363
-446899.4,-89.340
-446777.3,-89.334
-446655.3,-89.214
-446533.2,-89.219
-446411.1,-89.190
-446289.1,-89.193
-446167.0,-89.278
-446044.9,-89.232
-445922.9,-89.220
-445800.8,-89.168
-445678.7,-89.169
-445556.6,-89.160
-445434.6,-89.039
-445312.5,-88.942
-445190.4,-88.943
-445068.4,-88.970
-444946.3,-89.023
-444824.2,-89.120
-444702.1,-89.124
-444580.1,-89.089
-444458.0,-89.041
-444335.9,-88.996
-444213.9,-88.876
-444091.8,-88.786
-443969.7,-88.717
-443847.7,-88.723
-443725.6,-88.830
-443603.5,-89.002
-443481.4,-88.908
-443359.4,-88.787
-443237.3,-88.706
-443115.2,-88.658
-442993.2,-88.649
-442871.1,-88.759
-442749.0,-88.856
-442627.0,-89.118
-442504.9,-89.005
-442382.8,-88.839
-442260.7,-88.727
-442138.7,-88.634
-442016.6,-88.771
-441894.5,-88.668
-441772.5,-88.464
-441650.4,-88.563
-441528.3,-88.630
-441406.2,-88.754
-441284.2,-88.719
-441162.1,-88.737
-441040.0,-88.549
-440918.0,-88.669
-440795.9,-88.881
-440673.8,-88.983
-440551.8,-88.784
-440429.7,-88.873
-440307.6,-88.840
-440185.5,-88.984
-440063.5,-89.101
-439941.4,-88.863
-439819.3,-88.744
-439697.3,-88.644
-439575.2,-88.693
-439453.1,-88.807
-439331.1,-88.908
-439209.0,-89.051
-439086.9,-88.892
-438964.8,-88.946
-438842.8,-88.971
-438720.7,-89.249
-438598.6,-89.177
-438476.6,-89.022
-438354.5,-88.741
-438232.4,-88.817
-438110.4,-89.218
-437988.3,-89.131
-437866.2,-88.887
-437744.1,-88.591
-437622.1,-88.678
-437500.0,-88.861
-437377.9,-88.847
-437255.9,-88.641
-437133.8,-88.779
-437011.7,-88.770
-436889.6,-88.901
-436767.6,-89.060
-436645.5,-89.048
-436523.4,-89.012
-436401.4,-88.829
-436279.3,-88.670
-436157.2,-88.544
-436035.2,-88.606
-435913.1,-88.577
-435791.0,-88.750
-435668.9,-88.456
-435546.9,-88.765
-435424.8,-88.852
-435302.7,-88.707
-435180.7,-88.460
-435058.6,-88.314
-434936.5,-88.142
-434814.5,-87.922
-434692.4,-87.815
-434570.3,-87.922
-434448.2,-88.549
-434326.2,-88.679
-434204.1,-88.420
-434082.0,-88.394
-433960.0,-88.620
-433837.9,-88.520
-433715.8,-88.176
-433593.8,-88.125
-433471.7,-88.356
-433349.6,-88.440
-433227.5,-88.468
-433105.5,-88.346
-432983.4,-88.311
-432861.3,-88.391
-432739.3,-88.546
-432617.2,-88.072
-432495.1,-87.819
-432373.0,-87.836
-432251.0,-88.149
-432128.9,-88.391
-432006.8,-88.108
-431884.8,-88.061
-431762.7,-87.889
-431640.6,-88.020
-431518.6,-88.215
-431396.5,-88.005
-431274.4,-87.863
-431152.3,-87.441
-431030.3,-87.422
-430908.2,-87.666
-430786.1,-87.737
-430664.1,-87.731
-430542.0,-87.501
-430419.9,-87.365
-430297.9,-87.344
-430175.8,-87.636
-430053.7,-87.718
-429931.6,-87.892
-429809.6,-88.080
-429687.5,-88.297
-429565.4,-88.401
-429443.4,-88.446
-429321.3,-88.242
-429199.2,-88.220
-429077.1,-88.485
-428955.1,-88.536
-428833.0,-88.445
-428710.9,-88.254
-428588.9,-88.161
-428466.8,-88.212
-428344.7,-88.250
-428222.7,-88.233
-428100.6,-88.208
-427978.5,-88.327
-427856.4,-88.368
-427734.4,-88.263
-427612.3,-88.198
-427490.2,-88.214
-427368.2,-87.964
-427246.1,-88.253
-427124.0,-88.107
-427002.0,-87.953
-426879.9,-87.563
-426757.8,-87.603
-426635.7,-87.629
-426513.7,-88.047
-426391.6,-88.224
-426269.5,-88.089
-426147.5,-88.205
-426025.4,-88.384
-425903.3,-88.612
-425781.2,-88.517
-425659.2,-88.247
-425537.1,-88.213
-425415.0,-88.258
-425293.0,-88.094
-425170.9,-88.195
-425048.8,-88.447
-424926.8,-88.436
-424804.7,-88.020
-424682.6,-87.752
-424560.5,-87.560
-424438.5,-87.686
-424316.4,-87.566
-424194.3,-87.334
-424072.3,-87.389
-423950.2,-87.487
-423828.1,-87.275
-423706.1,-87.218
-423584.0,-87.548
-423461.9,-87.819
-423339.8,-87.552
-423217.8,-87.218
-423095.7,-86.845
-422973.6,-86.641
-422851.6,-86.859
-422729.5,-87.335
-422607.4,-87.618
-422485.4,-87.773
-422363.3,-87.926
-422241.2,-87.953
-422119.1,-88.478
-421997.1,-88.333
-421875.0,-88.112
-421752.9,-87.524
-421630.9,-87.572
-421508.8,-87.716
-421386.7,-87.530
-421264.6,-87.088
-421142.6,-86.992
-421020.5,-87.361
-420898.4,-87.630
-420776.4,-87.488
-420654.3,-87.628
-420532.2,-87.421
-420410.2,-87.118
-420288.1,-87.191
-420166.0,-87.191
-420043.9,-87.258
-419921.9,-87.035
-419799.8,-86.701
-419677.7,-86.866
-419555.7,-87.205
-419433.6,-88.079
-419311.5,-88.051
-419189.5,-87.553
-419067.4,-87.255
-418945.3,-87.074
-418823.2,-86.858
-418701.2,-86.166
-418579.1,-85.758
-418457.0,-85.929
-418335.0,-86.253
-418212.9,-86.391
-418090.8,-86.722
-417968.8,-86.752
-417846.7,-86.442
-417724.6,-85.788
-417602.5,-85.684
-417480.5,-86.089
-417358.4,-86.719
-417236.3,-86.772
-417114.3,-87.087
-416992.2,-87.056
-416870.1,-86.828
-416748.0,-86.733
-416626.0,-86.384
-416503.9,-85.974
-416381.8,-86.072
-416259.8,-86.063
-416137.7,-86.261
-416015.6,-86.560
-415893.6,-86.378
-415771.5,-86.520
-415649.4,-86.388
-415527.3,-86.228
-415405.3,-86.363
-415283.2,-86.181
-415161.1,-86.165
-415039.1,-85.995
-414917.0,-85.160
-414794.9,-85.074
-414672.9,-85.157
-414550.8,-85.624
-414428.7,-86.070
-414306.6,-86.087
-414184.6,-86.162
-414062.5,-86.244
-413940.4,-86.159
-413818.4,-86.076
-413696.3,-85.795
-413574.2,-85.168
-413452.1,-84.676
-413330.1,-84.965
-413208.0,-85.651
-413085.9,-85.983
-412963.9,-86.026
-412841.8,-86.420
-412719.7,-86.294
-412597.7,-86.018
-412475.6,-86.098
-412353.5,-86.010
-412231.4,-84.938
-412109.4,-84.469
-411987.3,-84.843
-411865.2,-85.448
-411743.2,-85.588
-411621.1,-85.011
-411499.0,-84.768
-411377.0,-84.735
-411254.9,-85.039
-411132.8,-85.075
-411010.7,-85.034
-410888.7,-85.070
-410766.6,-85.155
-410644.5,-85.198
-410522.5,-85.122
-410400.4,-84.908
-410278.3,-85.152
-410156.2,-85.407
-410034.2,-85.329
-409912.1,-85.543
-409790.0,-85.671
-409668.0,-85.796
-409545.9,-85.440
-409423.8,-85.398
-409301.8,-85.152
-409179.7,-85.024
-409057.6,-85.116
-408935.5,-85.268
-408813.5,-85.015
-408691.4,-85.216
-408569.3,-85.083
-408447.3,-84.735
-408325.2,-85.279
-408203.1,-85.917
-408081.1,-85.736
-407959.0,-85.550
-407836.9,-85.525
-407714.8,-85.108
-407592.8,-84.901
-407470.7,-84.885
-407348.6,-84.849
-407226.6,-84.457
-407104.5,-84.274
-406982.4,-84.292
-406860.4,-84.183
-406738.3,-84.512
-406616.2,-84.976
-406494.1,-85.005
-406372.1,-84.731
-406250.0,-84.552
-406127.9,-84.742
-406005.9,-85.008
-405883.8,-84.921
-405761.7,-84.710
-405639.6,-85.018
-405517.6,-85.326
-405395.5,-84.707
-405273.4,-83.831
-405151.4,-83.846
-405029.3,-84.031
-404907.2,-84.421
-404785.2,-84.593
-404663.1,-84.439
-404541.0,-84.308
-404418.9,-84.142
-404296.9,-83.867
-404174.8,-83.821
-404052.7,-83.918
-403930.7,-83.698
-403808.6,-83.391
-403686.5,-83.156
-403564.5,-82.883
-403442.4,-83.267
-403320.3,-83.497
-403198.2,-83.623
-403076.2,-83.622
-402954.1,-83.591
-402832.0,-83.360
-402710.0,-83.407
-402587.9,-83.273
-402465.8,-83.167
-402343.8,-82.754
-402221.7,-82.891
-402099.6,-83.221
-401977.5,-83.287
-401855.5,-83.076
-401733.4,-82.874
-401611.3,-82.535
-401489.3,-82.391
-401367.2,-82.717
-401245.1,-82.915
-401123.0,-83.187
-401001.0,-83.047
-400878.9,-82.855
-400756.8,-82.574
-400634.8,-82.654
-400512.7,-83.059
-400390.6,-83.253
-400268.6,-82.949
-400146.5,-82.748
-400024.4,-83.002
-399902.3,-83.501
-399780.3,-84.017
-399658.2,-84.013
-399536.1,-83.983
-399414.1,-83.777
-399292.0,-83.949
-399169.9,-83.932
-399047.9,-83.764
-398925.8,-83.707
-398803.7,-83.761
-398681.6,-84.033
-398559.6,-83.710
-398437.5,-83.504
-398315.4,-83.590
-398193.4,-83.219
-398071.3,-83.180
-397949.2,-82.760
-397827.1,-83.008
-397705.1,-83.270
-397583.0,-83.268
-397460.9,-83.328
-397338.9,-83.447
-397216.8,-83.448
-397094.7,-82.990
-396972.7,-82.964
-396850.6,-82.947
-396728.5,-82.915
-396606.4,-82.788
-396484.4,-82.746
-396362.3,-82.730
-396240.2,-82.520
-396118.2,-82.405
-395996.1,-82.394
-395874.0,-82.377
-395752.0,-82.729
-395629.9,-83.487
-395507.8,-83.671
-395385.7,-83.320
-395263.7,-83.415
-395141.6,-83.547
-395019.5,-83.546
-394897.5,-83.174
-394775.4,-83.207
-394653.3,-83.543
-394531.2,-83.296
-394409.2,-83.019
-394287.1,-83.317
-394165.0,-83.566
-394043.0,-83.364
-393920.9,-83.013
-393798.8,-82.894
-393676.8,-83.330
-393554.7,-83.815
-393432.6,-83.727
-393310.5,-83.278
-393188.5,-83.306
-393066.4,-83.980
-392944.3,-83.905
-392822.3,-83.819
-392700.2,-83.810
-392578.1,-83.800
-392456.1,-83.799
-392334.0,-83.170
-392211.9,-82.822
-392089.8,-82.873
-391967.8,-82.880
-391845.7,-83.137
-391723.6,-83.777
-391601.6,-83.738
-391479.5,-82.916
-391357.4,-82.941
-391235.4,-82.783
-391113.3,-82.640
-390991.2,-82.360
-390869.1,-82.299
-390747.1,-82.380
-390625.0,-82.701
-390502.9,-83.392
-390380.9,-83.344
-390258.8,-83.145
-390136.7,-82.956
-390014.6,-82.739
-389892.6,-82.296
-389770.5,-82.071
-389648.4,-82.243
-389526.4,-82.330
-389404.3,-82.572
-389282.2,-82.401
-389160.2,-82.193
-389038.1,-82.164
-388916.0,-82.190
-388793.9,-82.257
-388671.9,-82.244
-388549.8,-82.207
-388427.7,-82.185
-388305.7,-82.200
-388183.6,-82.784
-388061.5,-83.027
-387939.5,-83.452
-387817.4,-83.825
-387695.3,-83.119
-387573.2,-81.845
-387451.2,-81.606
-387329.1,-81.831
-387207.0,-81.810
-387085.0,-81.963
-386962.9,-82.280
-386840.8,-82.559
-386718.8,-82.701
-386596.7,-82.474
-386474.6,-82.244
-386352.5,-82.140
-386230.5,-82.065
-386108.4,-82.180
-385986.3,-82.095
-385864.3,-82.325
-385742.2,-82.275
-385620.1,-82.121
-385498.0,-82.219
-385376.0,-82.083
-385253.9,-81.994
-385131.8,-81.935
-385009.8,-81.781
-384887.7,-81.611
-384765.6,-81.490
-384643.6,-81.355
-384521.5,-81.516
-384399.4,-81.761
-384277.3,-81.999
-384155.3,-82.183
-384033.2,-82.470
-383911.1,-82.747
-383789.1,-82.372
-383667.0,-81.929
-383544.9,-81.847
-383422.9,-82.468
-383300.8,-82.624
-383178.7,-82.571
-383056.6,-82.575
-382934.6,-82.482
-382812.5,-82.283
-382690.4,-82.338
-382568.4,-81.991
-382446.3,-82.092
-382324.2,-82.252
-382202.1,-82.656
-382080.1,-82.849
-381958.0,-82.871
-381835.9,-82.293
-381713.9,-81.860
-381591.8,-82.014
-381469.7,-82.042
-381347.7,-82.188
-381225.6,-82.460
-381103.5,-83.081
-380981.4,-83.627
-380859.4,-83.593
-380737.3,-83.091
-380615.2,-82.891
-380493.2,-82.912
-380371.1,-82.939
-380249.0,-82.717
-380127.0,-82.520
-380004.9,-82.659
-379882.8,-82.367
-379760.7,-81.863
-379638.7,-81.592
-379516.6,-81.831
-379394.5,-82.081
-379272.5,-81.858
-379150.4,-81.855
-379028.3,-81.928
-378906.2,-81.867
-378784.2,-81.927
-378662.1,-82.041
-378540.0,-82.092
-378418.0,-82.082
-378295.9,-81.933
-378173.8,-81.858
-378051.8,-82.212
-377929.7,-82.412
-377807.6,-82.041
-377685.5,-81.346
-377563.5,-80.834
-377441.4,-81.076
-377319.3,-81.788
-377197.3,-81.683
-377075.2,-81.436
-376953.1,-81.351
-376831.1,-81.388
-376709.0,-81.302
-376586.9,-81.253
-376464.8,-81.298
-376342.8,-81.440
-376220.7,-81.816
-376098.6,-82.001
-375976.6,-81.929
-375854.5,-82.219
-375732.4,-82.371
-375610.4,-82.156
-375488.3,-81.862
-375366.2,-81.436
-375244.1,-81.515
-375122.1,-81.575
-375000.0,-81.508
-374877.9,-81.503
-374755.9,-81.495
-374633.8,-81.732
-374511.7,-81.908
-374389.6,-81.547
-374267.6,-80.599
-374145.5,-80.778
-374023.4,-81.585
-373901.4,-81.716
-373779.3,-81.463
-373657.2,-81.294
-373535.2,-81.175
-373413.1,-81.629
-373291.0,-82.228
-373168.9,-82.076
-373046.9,-81.824
-372924.8,-81.443
-372802.7,-81.153
-372680.7,-81.365
-372558.6,-81.083
-372436.5,-80.803
-372314.5,-80.944
-372192.4,-81.100
-372070.3,-81.272
-371948.2,-80.866
-371826.2,-80.624
-371704.1,-80.651
-371582.0,-81.111
-371460.0,-81.680
-371337.9,-81.733
-371215.8,-81.441
-371093.8,-80.976
-370971.7,-81.193
-370849.6,-81.256
-370727.5,-81.161
-370605.5,-80.958
-370483.4,-80.617
-370361.3,-80.944
-370239.3,-81.519
-370117.2,-81.665
-369995.1,-81.291
-369873.0,-80.875
-369751.0,-80.745
-369628.9,-81.318
-369506.8,-81.954
-369384.8,-82.037
-369262.7,-81.792
-369140.6,-81.606
-369018.6,-81.749
-368896.5,-81.986
-368774.4,-81.801
-368652.3,-81.553
-368530.3,-81.706
-368408.2,-82.363
-368286.1,-82.937
-368164.1,-82.773
-368042.0,-82.441
-367919.9,-82.083
-367797.9,-82.347
-367675.8,-82.410
-367553.7,-81.987
-367431.6,-81.651
-367309.6,-81.506
-367187.5,-81.918
-367065.4,-82.270
-366943.4,-82.214
-366821.3,-82.573
-366699.2,-82.383
-366577.1,-81.767
-366455.1,-81.086
-366333.0,-80.861
-366210.9,-80.903
-366088.9,-80.952
-365966.8,-81.101
-365844.7,-80.851
-365722.7,-80.552
-365600.6,-80.229
-365478.5,-80.272
-365356.4,-80.665
-365234.4,-80.966
-365112.3,-80.810
-364990.2,-80.594
-364868.2,-80.594
-364746.1,-80.377
-364624.0,-80.679
-364502.0,-80.728
-364379.9,-80.517
-364257.8,-80.696
-364135.7,-80.762
-364013.7,-80.493
-363891.6,-79.988
-363769.5,-79.918
-363647.5,-80.115
-363525.4,-80.083
-363403.3,-80.324
-363281.2,-81.401
-363159.2,-81.807
-363037.1,-81.501
-362915.0,-80.841
-362793.0,-80.803
-362670.9,-81.013
-362548.8,-81.014
-362426.8,-80.865
-362304.7,-80.991
-362182.6,-81.494
-362060.5,-81.787
-361938.5,-81.847
-361816.4,-82.134
-361694.3,-81.562
-361572.3,-80.932
-361450.2,-80.703
-361328.1,-81.522
-361206.1,-82.066
-361084.0,-82.018
-360961.9,-81.187
-360839.8,-80.773
-360717.8,-80.926
-360595.7,-81.232
-360473.6,-81.734
-360351.6,-81.564
-360229.5,-81.078
-360107.4,-81.381
-359985.4,-81.694
-359863.3,-82.107
-359741.2,-81.750
-359619.1,-81.716
-359497.1,-82.295
-359375.0,-82.470
-359252.9,-82.275
-359130.9,-81.754
-359008.8,-81.627
-358886.7,-81.826
-358764.6,-81.662
-358642.6,-81.227
-358520.5,-80.902
-358398.4,-81.529
-358276.4,-81.849
-358154.3,-80.821
-358032.2,-80.376
-357910.2,-80.316
-357788.1,-80.660
-357666.0,-80.936
-357543.9,-81.158
-357421.9,-81.156
-357299.8,-81.061
-357177.7,-81.328
-357055.7,-81.492
-356933.6,-82.001
-356811.5,-82.120
-356689.5,-81.464
-356567.4,-80.917
-356445.3,-81.193
-356323.2,-81.738
-356201.2,-81.632
-356079.1,-81.258
-355957.0,-81.272
-355835.0,-81.166
-355712.9,-81.452
-355590.8,-81.391
-355468.8,-81.655
-355346.7,-82.104
-355224.6,-82.381
-355102.5,-81.863
-354980.5,-81.084
-354858.4,-80.887
-354736.3,-81.725
-354614.3,-82.349
-354492.2,-82.205
-354370.1,-81.852
-354248.0,-82.137
-354126.0,-82.739
-354003.9,-83.055
-353881.8,-82.369
-353759.8,-81.926
-353637.7,-81.905
-353515.6,-82.215
-353393.6,-82.282
-353271.5,-82.163
-353149.4,-82.712
-353027.3,-83.212
-352905.3,-82.964
-352783.2,-82.831
-352661.1,-82.830
-352539.1,-83.239
-352417.0,-83.268
-352294.9,-83.384
-352172.9,-83.349
-352050.8,-82.937
-351928.7,-82.686
-351806.6,-82.715
-351684.6,-82.523
-351562.5,-82.427
-351440.4,-82.526
-351318.4,-83.113
-351196.3,-83.132
-351074.2,-82.875
-350952.1,-82.240
-350830.1,-82.224
-350708.0,-82.750
-350585.9,-82.208
-350463.9,-81.545
-350341.8,-81.453
-350219.7,-81.534
-350097.7,-81.624
-349975.6,-81.929
-349853.5,-82.313
-349731.4,-82.145
-349609.4,-82.160
-349487.3,-82.384
-349365.2,-82.952
-349243.2,-83.444
-349121.1,-83.159
-348999.0,-82.421
-348877.0,-81.999
-348754.9,-82.004
-348632.8,-81.934
-348510.7,-81.947
-348388.7,-82.296
-348266.6,-82.593
-348144.5,-82.924
-348022.5,-83.082
-347900.4,-83.137
-347778.3,-82.973
-347656.2,-83.240
-347534.2,-82.856
-347412.1,-82.023
-347290.0,-81.701
-347168.0,-81.346
-347045.9,-81.427
-346923.8,-81.747
-346801.8,-82.107
-346679.7,-82.400
-346557.6,-82.526
-346435.5,-82.262
-346313.5,-82.166
-346191.4,-82.245
-346069.3,-82.374
-345947.3,-82.503
-345825.2,-82.702
-345703.1,-82.470
-345581.1,-82.145
-345459.0,-81.710
-345336.9,-81.646
-345214.8,-81.693
-345092.8,-81.773
-344970.7,-81.725
-344848.6,-81.959
-344726.6,-81.992
-344604.5,-81.894
-344482.4,-80.953
-344360.4,-80.789
-344238.3,-81.612
-344116.2,-81.781
-343994.1,-81.834
-343872.1,-82.110
-343750.0,-81.913
-343627.9,-81.830
-343505.9,-81.828
-343383.8,-81.984
-343261.7,-82.083
-343139.6,-82.403
-343017.6,-82.501
-342895.5,-82.521
-342773.4,-82.082
-342651.4,-81.332
-342529.3,-80.786
-342407.2,-81.022
-342285.2,-81.490
-342163.1,-81.912
-342041.0,-82.277
-341918.9,-82.663
-341796.9,-82.732
-341674.8,-82.862
-341552.7,-82.819
-341430.7,-82.723
-341308.6,-82.290
-341186.5,-81.917
-341064.5,-81.865
-340942.4,-82.305
-340820.3,-82.842
-340698.2,-82.624
-340576.2,-81.797
-340454.1,-81.710
-340332.0,-81.736
-340210.0,-81.840
-340087.9,-82.224
-339965.8,-82.606
-339843.8,-82.722
-339721.7,-82.651
-339599.6,-82.528
-339477.5,-83.009
-339355.5,-83.203
-339233.4,-83.419
-339111.3,-83.805
-338989.3,-83.405
-338867.2,-83.398
-338745.1,-83.651
-338623.0,-83.808
-338501.0,-83.414
-338378.9,-83.545
-338256.8,-83.292
-338134.8,-83.150
-338012.7,-82.917
-337890.6,-82.930
-337768.6,-82.640
-337646.5,-82.627
-337524.4,-82.697
-337402.3,-82.659
-337280.3,-82.423
-337158.2,-82.243
-337036.1,-82.177
-336914.1,-82.403
-336792.0,-82.608
-336669.9,-82.936
-336547.9,-83.206
-336425.8,-83.068
-336303.7,-82.679
-336181.6,-82.476
-336059.6,-82.851
-335937.5,-82.877
-335815.4,-82.429
-335693.4,-82.139
-335571.3,-82.692
-335449.2,-82.981
-335327.1,-82.809
-335205.1,-82.757
-335083.0,-82.520
-334960.9,-82.085
-334838.9,-81.685
-334716.8,-81.660
-334594.7,-82.287
-334472.7,-82.851
-334350.6,-82.956
-334228.5,-82.282
-334106.4,-81.574
-333984.4,-81.460
-333862.3,-81.759
-333740.2,-82.233
-333618.2,-82.742
-333496.1,-82.396
-333374.0,-81.876
-333252.0,-81.441
-333129.9,-81.176
-333007.8,-80.843
-332885.7,-81.295
-332763.7,-81.905
-332641.6,-82.188
-332519.5,-82.332
-332397.5,-82.577
-332275.4,-82.813
-332153.3,-82.461
-332031.2,-81.992
-331909.2,-82.200
-331787.1,-81.730
-331665.0,-81.904
-331543.0,-82.599
-331420.9,-82.100
-331298.8,-81.974
-331176.8,-82.219
-331054.7,-82.231
-330932.6,-82.202
-330810.5,-82.544
-330688.5,-82.997
-330566.4,-82.731
-330444.3,-82.415
-330322.3,-82.154
-330200.2,-82.133
-330078.1,-82.303
-329956.1,-81.979
-329834.0,-82.156
-329711.9,-82.350
-329589.8,-81.988
-329467.8,-81.997
-329345.7,-82.113
-329223.6,-82.187
-329101.6,-82.140
-328979.5,-81.878
-328857.4,-81.765
-328735.4,-82.130
-328613.3,-82.350
-328491.2,-82.531
-328369.1,-82.413
-328247.1,-82.632
-328125.0,-83.140
-328002.9,-83.313
-327880.9,-83.243
-327758.8,-82.944
-327636.7,-82.657
-327514.6,-82.570
-327392.6,-82.149
-327270.5,-81.520
-327148.4,-81.502
-327026.4,-81.596
-326904.3,-81.676
-326782.2,-82.014
-326660.2,-82.186
-326538.1,-82.355
-326416.0,-82.585
-326293.9,-82.271
-326171.9,-81.791
-326049.8,-81.896
-325927.7,-82.190
-325805.7,-82.401
-325683.6,-82.671
-325561.5,-82.368
-325439.5,-82.158
-325317.4,-82.376
-325195.3,-82.524
-325073.2,-82.487
-324951.2,-82.015
-324829.1,-81.220
-324707.0,-80.890
-324585.0,-81.594
-324462.9,-81.784
-324340.8,-81.865
-324218.8,-81.828
-324096.7,-81.573
-323974.6,-81.486
-323852.5,-81.572
-323730.5,-81.228
-323608.4,-81.037
-323486.3,-81.255
-323364.3,-81.845
-323242.2,-82.316
-323120.1,-81.970
-322998.0,-81.705
-322876.0,-81.159
-322753.9,-80.644
-322631.8,-80.497
-322509.8,-80.799
-322387.7,-81.580
-322265.6,-81.896
-322143.6,-82.150
-322021.5,-82.430
-321899.4,-82.706
-321777.3,-82.365
-321655.3,-81.928
-321533.2,-81.605
-321411.1,-82.148
-321289.1,-82.382
-321167.0,-82.234
-321044.9,-82.161
-320922.9,-82.122
-320800.8,-82.335
-320678.7,-82.457
-320556.6,-82.848
-320434.6,-82.810
-320312.5,-82.100
-320190.4,-81.410
-320068.4,-81.639
-319946.3,-81.589
-319824.2,-81.920
-319702.1,-81.961
-319580.1,-81.443
-319458.0,-81.876
-319335.9,-82.899
-319213.9,-83.103
-319091.8,-82.710
-318969.7,-82.512
-318847.7,-82.405
-318725.6,-81.931
-318603.5,-81.500
-318481.4,-81.552
-318359.4,-82.144
-318237.3,-82.351
-318115.2,-82.389
-317993.2,-82.279
-317871.1,-81.837
-317749.0,-82.005
-317627.0,-82.546
-317504.9,-82.741
-317382.8,-83.173
-317260.7,-82.643
-317138.7,-82.216
-317016.6,-82.016
-316894.5,-82.119
-316772.5,-82.139
-316650.4,-81.769
-316528.3,-81.090
-316406.2,-80.715
-316284.2,-80.443
-316162.1,-81.156
-316040.0,-81.884
-315918.0,-81.854
-315795.9,-81.968
-315673.8,-82.028
-315551.8,-81.828
-315429.7,-81.364
-315307.6,-81.049
-315185.5,-81.300
-315063.5,-81.383
-314941.4,-81.215
-314819.3,-81.177
-314697.3,-81.338
-314575.2,-81.735
-314453.1,-81.759
-314331.1,-81.881
-314209.0,-82.189
-314086.9,-82.314
-313964.8,-82.264
-313842.8,-81.678
-313720.7,-80.828
-313598.6,-80.847
-313476.6,-81.300
-313354.5,-82.139
-313232.4,-82.231
-313110.4,-81.857
-312988.3,-81.760
-312866.2,-81.675
-312744.1,-81.646
-312622.1,-81.889
-312500.0,-81.992
-312377.9,-81.588
-312255.9,-81.821
-312133.8,-81.879
-312011.7,-81.737
-311889.6,-81.942
-311767.6,-81.835
-311645.5,-82.006
-311523.4,-82.153
-311401.4,-81.835
-311279.3,-81.950
-311157.2,-82.218
-311035.2,-82.544
-310913.1,-82.689
-310791.0,-82.155
-310668.9,-81.935
-310546.9,-82.040
-310424.8,-82.272
-310302.7,-83.039
-310180.7,-82.840
-310058.6,-82.604
-309936.5,-82.689
-309814.5,-82.969
-309692.4,-83.211
-309570.3,-82.760
-309448.2,-82.400
-309326.2,-82.081
-309204.1,-82.209
-309082.0,-82.413
-308960.0,-82.814
-308837.9,-82.709
-308715.8,-82.330
-308593.8,-82.187
-308471.7,-82.059
-308349.6,-82.576
-308227.5,-82.261
-308105.5,-81.773
-307983.4,-81.914
-307861.3,-81.960
-307739.3,-82.376
-307617.2,-82.536
-307495.1,-82.833
-307373.0,-82.699
-307251.0,-82.149
-307128.9,-81.738
-307006.8,-81.338
-306884.8,-81.288
-306762.7,-82.161
-306640.6,-82.897
-306518.6,-82.356
-306396.5,-81.562
-306274.4,-81.257
-306152.3,-82.080
-306030.3,-83.194
-305908.2,-83.469
-305786.1,-82.463
-305664.1,-82.255
-305542.0,-82.575
-305419.9,-82.724
-305297.9,-82.909
-305175.8,-82.930
-305053.7,-82.668
-304931.6,-82.858
-304809.6,-83.270
-304687.5,-83.647
-304565.4,-83.097
-304443.4,-82.622
-304321.3,-82.449
-304199.2,-82.396
-304077.1,-82.150
-303955.1,-82.055
-303833.0,-82.197
-303710.9,-82.415
-303588.9,-81.876
-303466.8,-81.505
-303344.7,-81.688
-303222.7,-82.494
-303100.6,-83.292
-302978.5,-83.020
-302856.4,-82.725
-302734.4,-82.681
-302612.3,-82.646
-302490.2,-82.801
-302368.2,-82.512
-302246.1,-82.878
-302124.0,-83.368
-302002.0,-83.176
-301879.9,-82.742
-301757.8,-82.050
-301635.7,-81.639
-301513.7,-81.924
-301391.6,-82.233
-301269.5,-82.372
-301147.5,-82.325
-301025.4,-82.020
-300903.3,-81.627
-300781.2,-81.588
-300659.2,-82.009
-300537.1,-82.094
-300415.0,-82.298
-300293.0,-82.417
-300170.9,-82.044
-300048.8,-82.374
-299926.8,-82.778
-299804.7,-82.259
-299682.6,-82.159
-299560.5,-82.494
-299438.5,-82.483
-299316.4,-82.441
-299194.3,-82.083
-299072.3,-82.336
-298950.2,-82.532
-298828.1,-82.265
-298706.1,-82.081
-298584.0,-82.165
-298461.9,-82.404
-298339.8,-82.422
-298217.8,-82.112
-298095.7,-82.092
-297973.6,-82.467
-297851.6,-82.765
-297729.5,-83.033
-297607.4,-82.788
-297485.4,-82.936
-297363.3,-83.477
-297241.2,-83.123
-297119.1,-82.719
-296997.1,-82.126
-296875.0,-81.633
-296752.9,-82.264
-296630.9,-83.314
-296508.8,-83.504
-296386.7,-82.328
-296264.6,-81.267
-296142.6,-80.944
-296020.5,-81.662
-295898.4,-82.018
-295776.4,-82.686
-295654.3,-82.684
-295532.2,-82.262
-295410.2,-82.371
-295288.1,-82.527
-295166.0,-82.491
-295043.9,-82.800
-294921.9,-82.286
-294799.8,-82.188
-294677.7,-82.640
-294555.7,-82.973
-294433.6,-82.833
-294311.5,-82.657
-294189.5,-82.258
-294067.4,-82.025
-293945.3,-82.156
-293823.2,-82.190
-293701.2,-81.943
-293579.1,-81.703
-293457.0,-81.771
-293335.0,-81.993
-293212.9,-82.120
-293090.8,-82.306
-292968.8,-82.543
-292846.7,-82.857
-292724.6,-83.541
-292602.5,-83.242
-292480.5,-82.464
-292358.4,-81.942
-292236.3,-82.135
-292114.3,-81.811
-291992.2,-81.134
-291870.1,-82.042
-291748.0,-82.706
-291626.0,-82.385
-291503.9,-82.598
-291381.8,-82.712
-291259.8,-82.868
-291137.7,-83.261
-291015.6,-83.254
-290893.6,-82.893
-290771.5,-82.419
-290649.4,-82.113
-290527.3,-82.435
-290405.3,-82.659
-290283.2,-82.634
-290161.1,-82.446
-290039.1,-82.631
-289917.0,-82.941
-289794.9,-83.344
-289672.9,-83.192
-289550.8,-84.005
-289428.7,-83.721
-289306.6,-83.438
-289184.6,-83.324
-289062.5,-83.193
-288940.4,-83.250
-288818.4,-83.265
-288696.3,-83.042
-288574.2,-82.895
-288452.1,-82.827
-288330.1,-83.041
-288208.0,-82.848
-288085.9,-82.762
-287963.9,-83.117
-287841.8,-83.296
-287719.7,-83.060
-287597.7,-82.824
-287475.6,-83.034
-287353.5,-83.293
-287231.4,-83.097
-287109.4,-82.437
-286987.3,-81.975
-286865.2,-82.090
-286743.2,-82.602
-286621.1,-82.842
-286499.0,-82.748
-286377.0,-82.849
-286254.9,-82.970
-286132.8,-82.747
-286010.7,-82.337
-285888.7,-81.966
-285766.6,-81.861
-285644.5,-81.858
-285522.5,-82.047
-285400.4,-82.525
-285278.3,-82.712
-285156.2,-83.067
-285034.2,-82.977
-284912.1,-82.609
-284790.0,-83.006
-284668.0,-83.197
-284545.9,-82.758
-284423.8,-82.488
-284301.8,-82.471
-284179.7,-82.093
-284057.6,-82.372
-283935.5,-82.885
-283813.5,-83.103
-283691.4,-83.301
-283569.3,-83.039
-283447.3,-82.932
-283325.2,-82.962
-283203.1,-82.777
-283081.1,-82.892
-282959.0,-82.772
-282836.9,-82.897
-282714.8,-82.722
-282592.8,-82.606
-282470.7,-83.803
-282348.6,-84.121
-282226.6,-83.943
-282104.5,-83.497
-281982.4,-82.659
-281860.4,-82.037
-281738.3,-81.932
-281616.2,-82.080
-281494.1,-82.223
-281372.1,-82.272
-281250.0,-82.241
-281127.9,-82.253
-281005.9,-82.270
-280883.8,-82.325
-280761.7,-82.373
-280639.6,-82.122
-280517.6,-82.017
-280395.5,-82.055
-280273.4,-81.387
-280151.4,-81.164
-280029.3,-81.988
-279907.2,-82.432
-279785.2,-82.832
-279663.1,-82.348
-279541.0,-81.942
-279418.9,-82.038
-279296.9,-82.433
-279174.8,-81.892
-279052.7,-81.517
-278930.7,-81.883
-278808.6,-82.328
-278686.5,-82.130
-278564.5,-81.815
-278442.4,-81.345
-278320.3,-81.245
-278198.2,-81.430
-278076.2,-81.283
-277954.1,-81.290
-277832.0,-81.804
-277710.0,-82.082
-277587.9,-82.618
-277465.8,-82.967
-277343.8,-83.289
-277221.7,-83.085
-277099.6,-82.473
-276977.5,-82.065
-276855.5,-81.002
-276733.4,-80.573
-276611.3,-80.626
-276489.3,-81.133
-276367.2,-81.643
-276245.1,-81.753
-276123.0,-81.784
-276001.0,-81.879
-275878.9,-82.188
-275756.8,-82.614
-275634.8,-83.552
-275512.7,-83.500
-275390.6,-82.881
-275268.6,-82.117
-275146.5,-81.411
-275024.4,-81.090
-274902.3,-81.600
-274780.3,-82.067
-274658.2,-82.113
-274536.1,-81.592
-274414.1,-81.689
-274292.0,-82.092
-274169.9,-82.117
-274047.9,-82.069
-273925.8,-81.567
-273803.7,-81.835
-273681.6,-82.629
-273559.6,-82.240
-273437.5,-81.807
-273315.4,-82.103
-273193.4,-82.732
-273071.3,-82.863
-272949.2,-82.549
-272827.1,-82.427
-272705.1,-82.437
-272583.0,-82.446
-272460.9,-82.419
-272338.9,-82.412
-272216.8,-82.525
-272094.7,-82.137
-271972.7,-82.003
-271850.6,-82.030
-271728.5,-82.129
-271606.4,-81.941
-271484.4,-82.129
-271362.3,-82.512
-271240.2,-82.286
-271118.2,-82.039
-270996.1,-81.655
-270874.0,-81.433
-270752.0,-81.451
-270629.9,-80.921
-270507.8,-80.774
-270385.7,-81.179
-270263.7,-81.991
-270141.6,-82.352
-270019.5,-82.320
-269897.5,-82.055
-269775.4,-81.594
-269653.3,-81.272
-269531.2,-81.701
-269409.2,-81.695
-269287.1,-81.173
-269165.0,-81.522
-269043.0,-81.805
-268920.9,-81.955
-268798.8,-82.121
-268676.8,-82.030
-268554.7,-81.951
-268432.6,-81.786
-268310.5,-81.557
-268188.5,-81.847
-268066.4,-82.263
-267944.3,-82.640
-267822.3,-81.969
-267700.2,-81.449
-267578.1,-82.133
-267456.1,-81.930
-267334.0,-81.611
-267211.9,-82.356
-267089.8,-82.928
-266967.8,-82.995
-266845.7,-82.388
-266723.6,-82.181
-266601.6,-82.194
-266479.5,-82.686
-266357.4,-82.511
-266235.4,-82.318
-266113.3,-82.105
-265991.2,-81.599
-265869.1,-81.785
-265747.1,-82.522
-265625.0,-83.209
-265502.9,-83.013
-265380.9,-82.335
-265258.8,-82.422
-265136.7,-82.315
-265014.6,-82.485
-264892.6,-82.597
-264770.5,-81.832
-264648.4,-81.296
-264526.4,-80.811
-264404.3,-80.891
-264282.2,-81.365
-264160.2,-81.827
-264038.1,-82.416
-263916.0,-82.357
-263793.9,-82.285
-263671.9,-82.517
-263549.8,-82.058
-263427.7,-81.865
-263305.7,-81.461
-263183.6,-81.230
-263061.5,-81.175
-262939.5,-81.344
-262817.4,-81.318
-262695.3,-81.450
-262573.2,-81.754
-262451.2,-82.231
-262329.1,-82.547
-262207.0,-81.998
-262085.0,-82.123
-261962.9,-83.442
-261840.8,-83.062
-261718.8,-81.934
-261596.7,-81.353
-261474.6,-81.530
-261352.5,-82.547
-261230.5,-82.883
-261108.4,-82.147
-260986.3,-81.343
-260864.3,-81.345
-260742.2,-81.249
-260620.1,-81.058
-260498.0,-80.775
-260376.0,-81.395
-260253.9,-81.525
-260131.8,-81.515
-260009.8,-81.527
-259887.7,-81.597
-259765.6,-82.185
-259643.6,-82.924
-259521.5,-82.622
-259399.4,-82.115
-259277.3,-81.773
-259155.3,-81.725
-259033.2,-81.977
-258911.1,-82.326
-258789.1,-82.434
-258667.0,-81.944
-258544.9,-81.800
-258422.9,-81.626
-258300.8,-81.554
-258178.7,-82.028
-258056.6,-82.095
-257934.6,-81.618
-257812.5,-80.908
-257690.4,-80.374
-257568.4,-80.506
-257446.3,-80.938
-257324.2,-80.882
-257202.1,-80.918
-257080.1,-81.316
-256958.0,-81.537
-256835.9,-81.651
-256713.9,-81.140
-256591.8,-81.394
-256469.7,-82.279
-256347.7,-82.226
-256225.6,-81.892
-256103.5,-81.453
-255981.4,-81.327
-255859.4,-81.909
-255737.3,-81.521
-255615.2,-81.778
-255493.2,-81.997
-255371.1,-81.856
-255249.0,-82.201
-255127.0,-81.945
-255004.9,-81.906
-254882.8,-82.212
-254760.7,-82.051
-254638.7,-81.967
-254516.6,-82.250
-254394.5,-82.206
-254272.5,-82.190
-254150.4,-82.386
-254028.3,-82.710
-253906.2,-82.553
-253784.2,-82.155
-253662.1,-82.082
-253540.0,-82.633
-253418.0,-82.718
-253295.9,-83.022
-253173.8,-82.664
-253051.8,-82.067
-252929.7,-81.628
-252807.6,-81.682
-252685.5,-82.030
-252563.5,-82.173
-252441.4,-82.154
-252319.3,-82.417
-252197.3,-82.400
-252075.2,-82.267
-251953.1,-82.649
-251831.1,-82.631
-251709.0,-83.081
-251586.9,-82.775
-251464.8,-81.902
-251342.8,-81.663
-251220.7,-81.441
-251098.6,-81.678
-250976.6,-82.134
-250854.5,-83.133
-250732.4,-82.878
-250610.4,-82.207
-250488.3,-81.769
-250366.2,-82.209
-250244.1,-82.260
-250122.1,-82.222
-250000.0,-82.205
-249877.9,-82.092
-249755.9,-82.466
-249633.8,-82.345
-249511.7,-82.219
-249389.6,-82.733
-249267.6,-82.738
-249145.5,-82.477
-249023.4,-82.240
-248901.4,-82.274
-248779.3,-82.120
-248657.2,-82.000
-248535.2,-82.010
-248413.1,-81.842
-248291.0,-81.819
-248168.9,-81.596
-248046.9,-80.857
-247924.8,-80.705
-247802.7,-81.220
-247680.7,-81.398
-247558.6,-81.286
-247436.5,-81.708
-247314.5,-82.431
-247192.4,-82.543
-247070.3,-81.907
-246948.2,-80.981
-246826.2,-80.694
-246704.1,-81.135
-246582.0,-81.913
-246460.0,-82.192
-246337.9,-81.766
-246215.8,-82.016
-246093.8,-82.242
-245971.7,-82.844
-245849.6,-82.303
-245727.5,-81.392
-245605.5,-81.248
-245483.4,-81.356
-245361.3,-81.735
-245239.3,-82.177
-245117.2,-82.415
-244995.1,-82.234
-244873.0,-81.924
-244751.0,-82.106
-244628.9,-82.519
-244506.8,-82.920
-244384.8,-83.070
-244262.7,-83.044
-244140.6,-82.748
-244018.6,-82.296
-243896.5,-82.710
-243774.4,-82.691
-243652.3,-82.661
-243530.3,-82.826
-243408.2,-82.592
-243286.1,-82.798
-243164.1,-83.028
-243042.0,-82.651
-242919.9,-82.437
-242797.9,-81.707
-242675.8,-81.419
-242553.7,-80.876
-242431.6,-80.575
-242309.6,-81.256
-242187.5,-82.091
-242065.4,-82.205
-241943.4,-82.078
-241821.3,-81.886
-241699.2,-81.712
-241577.1,-82.017
-241455.1,-82.319
-241333.0,-82.040
-241210.9,-82.130
-241088.9,-82.160
-240966.8,-81.512
-240844.7,-80.969
-240722.7,-81.143
-240600.6,-81.839
-240478.5,-82.670
-240356.4,-83.012
-240234.4,-82.269
-240112.3,-81.670
-239990.2,-81.934
-239868.2,-82.270
-239746.1,-82.883
-239624.0,-82.749
-239502.0,-82.191
-239379.9,-81.828
-239257.8,-82.086
-239135.7,-82.544
-239013.7,-82.938
-238891.6,-82.913
-238769.5,-82.521
-238647.5,-82.445
-238525.4,-82.120
-238403.3,-82.098
-238281.2,-81.750
-238159.2,-81.063
-238037.1,-80.991
-237915.0,-80.940
-237793.0,-81.197
-237670.9,-81.350
-237548.8,-80.994
-237426.8,-81.179
-237304.7,-81.481
-237182.6,-81.483
-237060.5,-81.195
-236938.5,-80.895
-236816.4,-81.138
-236694.3,-81.466
-236572.3,-81.109
-236450.2,-80.962
-236328.1,-80.884
-236206.1,-80.664
-236084.0,-80.772
-235961.9,-80.818
-235839.8,-80.741
-235717.8,-81.319
-235595.7,-81.092
-235473.6,-81.430
-235351.6,-82.046
-235229.5,-81.851
-235107.4,-82.323
-234985.4,-82.357
-234863.3,-82.560
-234741.2,-82.955
-234619.1,-82.826
-234497.1,-82.731
-234375.0,-82.372
-234252.9,-82.506
-234130.9,-82.661
-234008.8,-82.227
-233886.7,-82.486
-233764.6,-82.695
-233642.6,-82.835
-233520.5,-83.081
-233398.4,-82.732
-233276.4,-82.629
-233154.3,-82.581
-233032.2,-83.152
-232910.2,-83.025
-232788.1,-82.482
-232666.0,-82.054
-232543.9,-82.277
-232421.9,-82.603
-232299.8,-82.482
-232177.7,-82.338
-232055.7,-81.643
-231933.6,-82.039
-231811.5,-82.183
-231689.5,-81.817
-231567.4,-81.594
-231445.3,-81.058
-231323.2,-81.142
-231201.2,-81.212
-231079.1,-81.467
-230957.0,-81.859
-230835.0,-81.763
-230712.9,-81.738
-230590.8,-81.799
-230468.8,-81.910
-230346.7,-82.166
-230224.6,-82.201
-230102.5,-81.708
-229980.5,-81.639
-229858.4,-82.182
-229736.3,-82.681
-229614.3,-83.427
-229492.2,-83.224
-229370.1,-83.121
-229248.0,-83.109
-229126.0,-82.972
-229003.9,-82.689
-228881.8,-82.140
-228759.8,-82.571
-228637.7,-82.795
-228515.6,-82.476
-228393.6,-82.558
-228271.5,-82.909
-228149.4,-82.705
-228027.3,-82.497
-227905.3,-82.163
-227783.2,-81.945
-227661.1,-81.674
-227539.1,-81.995
-227417.0,-82.534
-227294.9,-82.704
-227172.9,-82.758
-227050.8,-83.428
-226928.7,-83.209
-226806.6,-82.521
-226684.6,-82.256
-226562.5,-81.923
-226440.4,-81.909
-226318.4,-81.490
-226196.3,-81.082
-226074.2,-81.067
-225952.1,-81.475
-225830.1,-82.111
-225708.0,-82.979
-225585.9,-82.529
-225463.9,-82.788
-225341.8,-82.556
-225219.7,-81.742
-225097.7,-81.244
-224975.6,-80.982
-224853.5,-81.684
-224731.4,-82.269
-224609.4,-82.349
-224487.3,-82.465
-224365.2,-82.569
-224243.2,-82.662
-224121.1,-82.602
-223999.0,-82.614
-223877.0,-82.695
-223754.9,-82.555
-223632.8,-81.990
-223510.7,-82.053
-223388.7,-81.912
-223266.6,-81.619
-223144.5,-81.826
-223022.5,-81.590
-222900.4,-81.063
-222778.3,-80.955
-222656.2,-81.244
-222534.2,-81.793
-222412.1,-82.256
-222290.0,-82.297
-222168.0,-81.626
-222045.9,-81.160
-221923.8,-81.254
-221801.8,-80.791
-221679.7,-80.337
-221557.6,-80.795
-221435.5,-80.890
-221313.5,-81.289
-221191.4,-81.233
-221069.3,-80.735
-220947.3,-80.891
-220825.2,-81.500
-220703.1,-81.818
-220581.1,-82.075
-220459.0,-81.719
-220336.9,-81.517
-220214.8,-82.046
-220092.8,-82.534
-219970.7,-82.715
-219848.6,-82.444
-219726.6,-81.919
-219604.5,-81.901
-219482.4,-82.209
-219360.4,-82.734
-219238.3,-83.127
-219116.2,-83.204
-218994.1,-83.641
-218872.1,-83.719
-218750.0,-82.930
-218627.9,-82.124
-218505.9,-81.553
-218383.8,-81.511
-218261.7,-82.008
-218139.6,-82.594
-218017.6,-82.879
-217895.5,-82.569
-217773.4,-82.195
-217651.4,-82.166
-217529.3,-82.381
-217407.2,-82.673
-217285.2,-82.437
-217163.1,-82.237
-217041.0,-82.231
-216918.9,-82.128
-216796.9,-82.117
-216674.8,-82.458
-216552.7,-82.811
-216430.7,-82.632
-216308.6,-82.268
-216186.5,-82.014
-216064.5,-82.280
-215942.4,-82.469
-215820.3,-82.665
-215698.2,-81.932
-215576.2,-81.318
-215454.1,-81.832
-215332.0,-82.531
-215210.0,-82.917
-215087.9,-82.663
-214965.8,-82.202
-214843.8,-81.936
-214721.7,-82.470
-214599.6,-82.634
-214477.5,-82.680
-214355.5,-82.895
-214233.4,-82.619
-214111.3,-82.168
-213989.3,-82.261
-213867.2,-82.842
-213745.1,-83.457
-213623.0,-83.027
-213501.0,-82.945
-213378.9,-83.042
-213256.8,-82.884
-213134.8,-82.863
-213012.7,-82.879
-212890.6,-82.693
-212768.6,-83.225
-212646.5,-82.846
-212524.4,-82.727
-212402.3,-82.671
-212280.3,-82.552
-212158.2,-82.349
-212036.1,-82.025
-211914.1,-81.918
-211792.0,-82.493
-211669.9,-82.767
-211547.9,-82.513
-211425.8,-82.756
-211303.7,-83.068
-211181.6,-83.198
-211059.6,-83.182
-210937.5,-82.701
-210815.4,-82.671
-210693.4,-82.528
-210571.3,-82.725
-210449.2,-82.739
-210327.1,-82.383
-210205.1,-82.275
-210083.0,-81.943
-209960.9,-81.552
-209838.9,-81.546
-209716.8,-81.239
-209594.7,-81.457
-209472.7,-81.676
-209350.6,-81.520
-209228.5,-81.426
-209106.4,-81.235
-208984.4,-81.447
-208862.3,-80.940
-208740.2,-80.274
-208618.2,-80.501
-208496.1,-81.445
-208374.0,-81.717
-208252.0,-81.716
-208129.9,-81.670
-208007.8,-81.705
-207885.7,-82.056
-207763.7,-81.962
-207641.6,-81.841
-207519.5,-81.568
-207397.5,-81.363
-207275.4,-81.716
-207153.3,-81.741
-207031.2,-81.457
-206909.2,-81.377
-206787.1,-81.138
-206665.0,-81.127
-206543.0,-81.349
-206420.9,-81.525
-206298.8,-81.725
-206176.8,-82.017
-206054.7,-82.081
-205932.6,-81.345
-205810.5,-81.009
-205688.5,-81.037
-205566.4,-81.127
-205444.3,-80.858
-205322.3,-80.816
-205200.2,-81.397
-205078.1,-82.111
-204956.1,-81.565
-204834.0,-80.833
-204711.9,-80.428
-204589.8,-80.316
-204467.8,-80.644
-204345.7,-80.969
-204223.6,-80.873
-204101.6,-81.008
-203979.5,-80.974
-203857.4,-81.264
-203735.4,-81.987
-203613.3,-82.563
-203491.2,-82.720
-203369.1,-82.464
-203247.1,-82.143
-203125.0,-82.439
-203002.9,-82.382
-202880.9,-82.294
-202758.8,-82.086
-202636.7,-81.795
-202514.6,-81.984
-202392.6,-82.143
-202270.5,-82.242
-202148.4,-81.933
-202026.4,-81.977
-201904.3,-81.463
-201782.2,-81.288
-201660.2,-81.527
-201538.1,-81.655
-201416.0,-81.395
-201293.9,-81.163
-201171.9,-81.506
-201049.8,-81.554
-200927.7,-81.931
-200805.7,-82.286
-200683.6,-82.468
-200561.5,-82.458
-200439.5,-81.935
-200317.4,-81.798
-200195.3,-81.391
-200073.2,-81.204
-199951.2,-81.075
-199829.1,-81.070
-199707.0,-81.396
-199585.0,-81.798
-199462.9,-82.098
-199340.8,-82.322
-199218.8,-82.465
-199096.7,-82.785
-198974.6,-82.675
-198852.5,-82.619
-198730.5,-82.861
-198608.4,-82.640
-198486.3,-81.951
-198364.3,-81.756
-198242.2,-82.440
-198120.1,-82.310
-197998.0,-82.158
-197876.0,-82.167
-197753.9,-82.147
-197631.8,-82.638
-197509.8,-82.069
-197387.7,-81.307
-197265.6,-81.214
-197143.6,-81.323
-197021.5,-81.922
-196899.4,-82.141
-196777.3,-82.484
-196655.3,-83.198
-196533.2,-83.368
-196411.1,-82.873
-196289.1,-82.279
-196167.0,-82.334
-196044.9,-82.620
-195922.9,-82.634
-195800.8,-82.188
-195678.7,-81.822
-195556.6,-81.872
-195434.6,-81.965
-195312.5,-82.005
-195190.4,-81.840
-195068.4,-81.905
-194946.3,-81.888
-194824.2,-81.732
-194702.1,-81.802
-194580.1,-82.097
-194458.0,-82.364
-194335.9,-82.176
-194213.9,-81.800
-194091.8,-81.961
-193969.7,-82.433
-193847.7,-82.856
-193725.6,-82.609
-193603.5,-81.946
-193481.4,-81.633
-193359.4,-81.309
-193237.3,-81.183
-193115.2,-81.339
-192993.2,-81.953
-192871.1,-82.234
-192749.0,-82.099
-192627.0,-82.169
-192504.9,-81.978
-192382.8,-81.591
-192260.7,-81.873
-192138.7,-82.158
-192016.6,-82.398
-191894.5,-82.232
-191772.5,-82.365
-191650.4,-82.362
-191528.3,-82.042
-191406.2,-82.294
-191284.2,-82.286
-191162.1,-82.359
-191040.0,-82.395
-190918.0,-82.086
-190795.9,-82.121
-190673.8,-82.561
-190551.8,-82.206
-190429.7,-81.942
-190307.6,-82.102
-190185.5,-82.509
-190063.5,-82.657
-189941.4,-82.513
-189819.3,-82.083
-189697.3,-81.913
-189575.2,-81.189
-189453.1,-81.186
-189331.1,-81.506
-189209.0,-82.035
-189086.9,-82.025
-188964.8,-81.734
-188842.8,-81.856
-188720.7,-81.745
-188598.6,-82.142
-188476.6,-82.596
-188354.5,-82.697
-188232.4,-82.601
-188110.4,-82.492
-187988.3,-82.655
-187866.2,-82.598
-187744.1,-82.128
-187622.1,-81.607
-187500.0,-81.602
-187377.9,-82.381
-187255.9,-83.024
-187133.8,-82.677
-187011.7,-82.355
-186889.6,-82.112
-186767.6,-81.818
-186645.5,-81.641
-186523.4,-81.596
-186401.4,-81.308
-186279.3,-81.485
-186157.2,-81.967
-186035.2,-81.876
-185913.1,-82.257
-185791.0,-82.017
-185668.9,-82.064
-185546.9,-82.648
-185424.8,-82.729
-185302.7,-82.545
-185180.7,-82.036
-185058.6,-81.725
-184936.5,-81.643
-184814.5,-81.775
-184692.4,-81.962
-184570.3,-81.642
-184448.2,-81.109
-184326.2,-80.990
-184204.1,-81.263
-184082.0,-81.781
-183960.0,-81.775
-183837.9,-81.391
-183715.8,-81.471
-183593.8,-81.457
-183471.7,-81.058
-183349.6,-81.452
-183227.5,-81.800
-183105.5,-81.875
-182983.4,-81.482
-182861.3,-81.064
-182739.3,-80.969
-182617.2,-80.678
-182495.1,-80.436
-182373.0,-80.612
-182251.0,-81.192
-182128.9,-81.328
-182006.8,-81.155
-181884.8,-81.236
-181762.7,-80.677
-181640.6,-79.955
-181518.6,-79.663
-181396.5,-79.816
-181274.4,-80.495
-181152.3,-81.025
-181030.3,-81.425
-180908.2,-81.511
-180786.1,-81.533
-180664.1,-81.857
-180542.0,-82.531
-180419.9,-82.549
-180297.9,-82.190
-180175.8,-82.097
-180053.7,-82.172
-179931.6,-81.882
-179809.6,-81.970
-179687.5,-82.354
-179565.4,-82.230
-179443.4,-81.917
-179321.3,-81.618
-179199.2,-81.799
-179077.1,-81.843
-178955.1,-81.541
-178833.0,-81.861
-178710.9,-82.372
-178588.9,-81.898
-178466.8,-81.528
-178344.7,-81.371
-178222.7,-81.417
-178100.6,-81.828
-177978.5,-82.117
-177856.4,-81.940
-177734.4,-81.707
-177612.3,-81.394
-177490.2,-80.960
-177368.2,-80.834
-177246.1,-80.931
-177124.0,-81.148
-177002.0,-81.503
-176879.9,-82.125
-176757.8,-82.331
-176635.7,-81.923
-176513.7,-81.162
-176391.6,-80.706
-176269.5,-81.076
-176147.5,-81.666
-176025.4,-81.763
-175903.3,-81.920
-175781.2,-82.075
-175659.2,-82.203
-175537.1,-82.492
-175415.0,-82.113
-175293.0,-81.196
-175170.9,-81.088
-175048.8,-81.434
-174926.8,-81.742
-174804.7,-81.978
-174682.6,-81.966
-174560.5,-82.129
-174438.5,-82.139
-174316.4,-81.746
-174194.3,-81.675
-174072.3,-81.481
-173950.2,-81.416
-173828.1,-81.208
-173706.1,-81.291
-173584.0,-81.955
-173461.9,-82.575
-173339.8,-82.803
-173217.8,-82.920
-173095.7,-82.390
-172973.6,-82.331
-172851.6,-82.085
-172729.5,-81.684
-172607.4,-81.580
-172485.4,-81.806
-172363.3,-81.916
-172241.2,-81.922
-172119.1,-81.804
-171997.1,-82.051
-171875.0,-82.334
-171752.9,-82.276
-171630.9,-82.294
-171508.8,-81.934
-171386.7,-81.757
-171264.6,-81.916
-171142.6,-81.806
-171020.5,-82.087
-170898.4,-82.056
-170776.4,-82.022
-170654.3,-82.127
-170532.2,-82.007
-170410.2,-81.721
-170288.1,-81.763
-170166.0,-81.782
-170043.9,-81.220
-169921.9,-80.696
-169799.8,-81.005
-169677.7,-81.932
-169555.7,-82.225
-169433.6,-81.648
-169311.5,-81.216
-169189.5,-80.994
-169067.4,-81.005
-168945.3,-81.519
-168823.2,-81.713
-168701.2,-81.692
-168579.1,-82.000
-168457.0,-82.043
-168335.0,-81.705
-168212.9,-81.738
-168090.8,-82.076
-167968.8,-82.063
-167846.7,-82.058
-167724.6,-82.564
-167602.5,-82.459
-167480.5,-82.190
-167358.4,-82.857
-167236.3,-83.204
-167114.3,-82.361
-166992.2,-81.833
-166870.1,-82.167
-166748.0,-82.536
-166626.0,-81.906
-166503.9,-81.425
-166381.8,-81.513
-166259.8,-81.766
-166137.7,-82.035
-166015.6,-81.892
-165893.6,-81.952
-165771.5,-82.116
-165649.4,-82.210
-165527.3,-82.216
-165405.3,-82.397
-165283.2,-82.201
-165161.1,-82.413
-165039.1,-83.117
-164917.0,-82.896
-164794.9,-82.523
-164672.9,-82.178
-164550.8,-82.160
-164428.7,-82.003
-164306.6,-81.748
-164184.6,-81.587
-164062.5,-81.621
-163940.4,-82.030
-163818.4,-82.053
-163696.3,-81.633
-163574.2,-81.357
-163452.1,-81.679
-163330.1,-82.297
-163208.0,-82.910
-163085.9,-83.475
-162963.9,-83.025
-162841.8,-81.938
-162719.7,-81.513
-162597.7,-81.591
-162475.6,-81.865
-162353.5,-82.070
-162231.4,-82.150
-162109.4,-81.990
-161987.3,-81.763
-161865.2,-81.213
-161743.2,-81.009
-161621.1,-81.197
-161499.0,-81.850
-161377.0,-82.221
-161254.9,-81.771
-161132.8,-81.872
-161010.7,-82.025
-160888.7,-82.404
-160766.6,-81.938
-160644.5,-81.955
-160522.5,-82.362
-160400.4,-82.519
-160278.3,-82.301
-160156.2,-82.148
-160034.2,-82.326
-159912.1,-82.123
-159790.0,-82.114
-159668.0,-82.424
-159545.9,-82.534
-159423.8,-81.885
-159301.8,-81.152
-159179.7,-81.154
-159057.6,-81.536
-158935.5,-81.611
-158813.5,-81.527
-158691.4,-81.742
-158569.3,-81.646
-158447.3,-81.369
-158325.2,-81.154
-158203.1,-81.619
-158081.1,-81.841
-157959.0,-82.134
-157836.9,-82.226
-157714.8,-82.070
-157592.8,-81.937
-157470.7,-81.944
-157348.6,-81.887
-157226.6,-81.753
-157104.5,-81.662
-156982.4,-81.816
-156860.4,-81.945
-156738.3,-81.697
-156616.2,-81.386
-156494.1,-81.606
-156372.1,-81.513
-156250.0,-81.539
-156127.9,-81.808
-156005.9,-82.052
-155883.8,-81.820
-155761.7,-82.091
-155639.6,-82.050
-155517.6,-82.164
-155395.5,-82.573
-155273.4,-82.592
-155151.4,-82.165
-155029.3,-81.535
-154907.2,-81.540
-154785.2,-81.788
-154663.1,-82.125
-154541.0,-82.370
-154418.9,-82.295
-154296.9,-82.086
-154174.8,-82.011
-154052.7,-81.915
-153930.7,-82.264
-153808.6,-82.916
-153686.5,-82.829
-153564.5,-82.570
-153442.4,-82.028
-153320.3,-81.721
-153198.2,-81.702
-153076.2,-82.131
-152954.1,-82.648
-152832.0,-82.852
-152710.0,-82.581
-152587.9,-82.368
-152465.8,-82.171
-152343.8,-81.789
-152221.7,-81.512
-152099.6,-81.207
-151977.5,-81.284
-151855.5,-81.672
-151733.4,-82.412
-151611.3,-82.831
-151489.3,-82.196
-151367.2,-81.580
-151245.1,-81.486
-151123.0,-81.549
-151001.0,-81.685
-150878.9,-81.585
-150756.8,-81.464
-150634.8,-81.217
-150512.7,-81.554
-150390.6,-82.205
-150268.6,-82.269
-150146.5,-81.662
-150024.4,-81.316
-149902.3,-81.407
-149780.3,-81.842
-149658.2,-81.928
-149536.1,-82.248
-149414.1,-82.463
-149292.0,-81.988
-149169.9,-81.920
-149047.9,-82.107
-148925.8,-81.778
-148803.7,-81.462
-148681.6,-81.650
-148559.6,-81.817
-148437.5,-82.074
-148315.4,-82.347
-148193.4,-82.740
-148071.3,-82.869
-147949.2,-82.613
-147827.1,-82.168
-147705.1,-82.179
-147583.0,-82.679
-147460.9,-82.327
-147338.9,-82.233
-147216.8,-82.575
-147094.7,-83.003
-146972.7,-82.836
-146850.6,-82.689
-146728.5,-82.778
-146606.4,-83.084
-146484.4,-82.748
-146362.3,-82.477
-146240.2,-82.184
-146118.2,-81.994
-145996.1,-81.518
-145874.0,-81.333
-145752.0,-81.769
-145629.9,-81.982
-145507.8,-81.584
-145385.7,-81.453
-145263.7,-81.751
-145141.6,-81.905
-145019.5,-81.963
-144897.5,-82.220
-144775.4,-82.550
-144653.3,-82.394
-144531.2,-82.046
-144409.2,-81.894
-144287.1,-82.025
-144165.0,-81.864
-144043.0,-81.315
-143920.9,-81.214
-143798.8,-81.943
-143676.8,-82.216
-143554.7,-82.003
-143432.6,-81.912
-143310.5,-81.906
-143188.5,-81.786
-143066.4,-81.674
-142944.3,-81.362
-142822.3,-80.734
-142700.2,-80.948
-142578.1,-82.284
-142456.1,-82.408
-142334.0,-81.898
-142211.9,-81.677
-142089.8,-81.646
-141967.8,-81.502
-141845.7,-81.654
-141723.6,-81.610
-141601.6,-81.901
-141479.5,-81.677
-141357.4,-81.424
-141235.4,-81.492
-141113.3,-81.377
-140991.2,-81.197
-140869.1,-81.111
-140747.1,-81.026
-140625.0,-80.952
-140502.9,-80.915
-140380.9,-80.758
-140258.8,-80.932
-140136.7,-80.991
-140014.6,-81.288
-139892.6,-81.852
-139770.5,-82.267
-139648.4,-82.251
-139526.4,-81.851
-139404.3,-81.475
-139282.2,-81.782
-139160.2,-81.833
-139038.1,-81.852
-138916.0,-81.788
-138793.9,-81.966
-138671.9,-82.127
-138549.8,-81.776
-138427.7,-81.712
-138305.7,-81.732
-138183.6,-81.875
-138061.5,-81.693
-137939.5,-81.695
-137817.4,-81.682
-137695.3,-81.518
-137573.2,-81.312
-137451.2,-81.481
-137329.1,-81.785
-137207.0,-82.286
-137085.0,-82.235
-136962.9,-82.191
-136840.8,-81.967
-136718.8,-82.139
-136596.7,-82.252
-136474.6,-82.124
-136352.5,-81.837
-136230.5,-81.346
-136108.4,-81.606
-135986.3,-81.912
-135864.3,-81.956
-135742.2,-81.675
-135620.1,-81.383
-135498.0,-81.370
-135376.0,-82.020
-135253.9,-82.426
-135131.8,-81.575
-135009.8,-80.901
-134887.7,-80.720
-134765.6,-80.519
-134643.6,-80.896
-134521.5,-81.613
-134399.4,-81.596
-134277.3,-81.150
-134155.3,-80.576
-134033.2,-81.109
-133911.1,-81.907
-133789.1,-82.095
-133667.0,-81.623
-133544.9,-81.501
-133422.9,-81.617
-133300.8,-81.892
-133178.7,-81.959
-133056.6,-81.822
-132934.6,-81.378
-132812.5,-81.151
-132690.4,-81.684
-132568.4,-82.487
-132446.3,-82.403
-132324.2,-82.138
-132202.1,-82.049
-132080.1,-82.226
-131958.0,-82.490
-131835.9,-82.543
-131713.9,-82.313
-131591.8,-82.090
-131469.7,-81.707
-131347.7,-81.265
-131225.6,-81.009
-131103.5,-81.238
-130981.4,-81.578
-130859.4,-81.422
-130737.3,-81.427
-130615.2,-81.949
-130493.2,-82.173
-130371.1,-82.033
-130249.0,-82.164
-130127.0,-82.118
-130004.9,-81.306
-129882.8,-80.763
-129760.7,-80.916
-129638.7,-81.068
-129516.6,-80.791
-129394.5,-80.904
-129272.5,-81.325
-129150.4,-81.602
-129028.3,-81.613
-128906.2,-81.789
-128784.2,-81.997
-128662.1,-81.587
-128540.0,-81.418
-128418.0,-81.211
-128295.9,-81.154
-128173.8,-81.304
-128051.8,-80.948
-127929.7,-80.951
-127807.6,-81.740
-127685.5,-82.355
-127563.5,-81.997
-127441.4,-81.598
-127319.3,-81.703
-127197.3,-81.742
-127075.2,-81.190
-126953.1,-81.207
-126831.1,-81.394
-126709.0,-81.781
-126586.9,-81.935
-126464.8,-81.521
-126342.8,-81.032
-126220.7,-80.906
-126098.6,-81.020
-125976.6,-81.450
-125854.5,-81.533
-125732.4,-81.613
-125610.4,-81.504
-125488.3,-81.488
-125366.2,-81.626
-125244.1,-81.833
-125122.1,-81.714
-125000.0,-81.268
-124877.9,-81.122
-124755.9,-80.927
-124633.8,-81.104
-124511.7,-81.324
-124389.6,-81.128
-124267.6,-81.221
-124145.5,-81.327
-124023.4,-81.677
-123901.4,-82.050
-123779.3,-81.886
-123657.2,-81.311
-123535.2,-81.283
-123413.1,-81.498
-123291.0,-81.680
-123168.9,-82.096
-123046.9,-82.355
-122924.8,-82.123
-122802.7,-82.101
-122680.7,-82.078
-122558.6,-81.555
-122436.5,-81.278
-122314.5,-81.404
-122192.4,-81.691
-122070.3,-81.816
-121948.2,-81.837
-121826.2,-81.565
-121704.1,-81.813
-121582.0,-82.156
-121460.0,-82.279
-121337.9,-82.620
-121215.8,-82.124
-121093.8,-82.189
-120971.7,-82.335
-120849.6,-82.191
-120727.5,-81.621
-120605.5,-81.301
-120483.4,-81.321
-120361.3,-81.419
-120239.3,-81.482
-120117.2,-81.700
-119995.1,-81.728
-119873.0,-81.871
-119751.0,-81.767
-119628.9,-81.794
-119506.8,-82.035
-119384.8,-82.592
-119262.7,-82.101
-119140.6,-81.101
-119018.6,-80.874
-118896.5,-81.198
-118774.4,-81.355
-118652.3,-81.431
-118530.3,-81.278
-118408.2,-81.208
-118286.1,-81.606
-118164.1,-81.873
-118042.0,-81.774
-117919.9,-81.647
-117797.9,-81.563
-117675.8,-81.735
-117553.7,-81.950
-117431.6,-82.197
-117309.6,-82.440
-117187.5,-82.454
-117065.4,-82.232
-116943.4,-81.595
-116821.3,-81.008
-116699.2,-81.037
-116577.1,-81.734
-116455.1,-82.345
-116333.0,-82.182
-116210.9,-81.975
-116088.9,-81.706
-115966.8,-82.412
-115844.7,-82.991
-115722.7,-82.236
-115600.6,-82.108
-115478.5,-82.133
-115356.4,-82.406
-115234.4,-81.870
-115112.3,-81.342
-114990.2,-81.425
-114868.2,-82.060
-114746.1,-82.826
-114624.0,-82.926
-114502.0,-82.683
-114379.9,-82.420
-114257.8,-81.966
-114135.7,-81.871
-114013.7,-81.912
-113891.6,-82.745
-113769.5,-83.402
-113647.5,-82.977
-113525.4,-82.637
-113403.3,-82.262
-113281.2,-82.099
-113159.2,-81.698
-113037.1,-81.741
-112915.0,-81.950
-112793.0,-82.030
-112670.9,-81.968
-112548.8,-81.638
-112426.8,-81.596
-112304.7,-81.539
-112182.6,-81.708
-112060.5,-81.591
-111938.5,-81.861
-111816.4,-82.433
-111694.3,-82.658
-111572.3,-82.571
-111450.2,-82.267
-111328.1,-82.268
-111206.1,-82.382
-111084.0,-82.258
-110961.9,-82.191
-110839.8,-82.075
-110717.8,-81.985
-110595.7,-81.832
-110473.6,-81.688
-110351.6,-81.423
-110229.5,-81.441
-110107.4,-81.734
-109985.4,-81.668
-109863.3,-81.610
-109741.2,-81.879
-109619.1,-82.577
-109497.1,-82.622
-109375.0,-82.618
-109252.9,-82.319
-109130.9,-82.165
-109008.8,-82.183
-108886.7,-82.218
-108764.6,-82.624
-108642.6,-82.562
-108520.5,-81.920
-108398.4,-81.834
-108276.4,-82.407
-108154.3,-83.007
-108032.2,-82.655
-107910.2,-82.352
-107788.1,-82.387
-107666.0,-81.984
-107543.9,-82.080
-107421.9,-81.802
-107299.8,-81.283
-107177.7,-81.371
-107055.7,-81.192
-106933.6,-81.576
-106811.5,-81.952
-106689.5,-82.407
-106567.4,-82.246
-106445.3,-81.903
-106323.2,-81.845
-106201.2,-81.617
-106079.1,-82.017
-105957.0,-82.407
-105835.0,-82.606
-105712.9,-82.388
-105590.8,-82.393
-105468.8,-82.444
-105346.7,-82.833
-105224.6,-82.528
-105102.5,-82.258
-104980.5,-81.985
-104858.4,-81.767
-104736.3,-81.734
-104614.3,-81.641
-104492.2,-81.543
-104370.1,-81.656
-104248.0,-81.780
-104126.0,-82.060
-104003.9,-82.006
-103881.8,-81.541
-103759.8,-81.179
-103637.7,-80.712
-103515.6,-80.637
-103393.6,-81.160
-103271.5,-81.553
-103149.4,-81.822
-103027.3,-82.205
-102905.3,-82.046
-102783.2,-81.960
-102661.1,-81.604
-102539.1,-81.676
-102417.0,-81.729
-102294.9,-81.969
-102172.9,-81.978
-102050.8,-81.675
-101928.7,-81.986
-101806.6,-82.269
-101684.6,-82.065
-101562.5,-81.605
-101440.4,-81.334
-101318.4,-81.331
-101196.3,-81.728
-101074.2,-82.041
-100952.1,-82.438
-100830.1,-82.682
-100708.0,-82.811
-100585.9,-82.633
-100463.9,-82.129
-100341.8,-81.586
-100219.7,-81.821
-100097.7,-81.711
-99975.6,-81.733
-99853.5,-81.773
-99731.4,-81.871
-99609.4,-82.429
-99487.3,-82.419
-99365.2,-81.999
-99243.2,-81.860
-99121.1,-81.735
-98999.0,-81.534
-98877.0,-81.209
-98754.9,-81.252
-98632.8,-81.168
-98510.7,-81.722
-98388.7,-82.306
-98266.6,-82.066
-98144.5,-81.244
-98022.5,-80.487
-97900.4,-80.209
-97778.3,-80.304
-97656.2,-80.576
-97534.2,-80.967
-97412.1,-81.355
-97290.0,-81.340
-97168.0,-81.027
-97045.9,-80.922
-96923.8,-80.711
-96801.8,-80.378
-96679.7,-80.698
-96557.6,-81.219
-96435.5,-81.492
-96313.5,-82.172
-96191.4,-81.970
-96069.3,-81.975
-95947.3,-81.733
-95825.2,-81.551
-95703.1,-81.388
-95581.1,-81.510
-95459.0,-81.805
-95336.9,-81.714
-95214.8,-81.693
-95092.8,-81.949
-94970.7,-82.156
-94848.6,-82.129
-94726.6,-81.729
-94604.5,-81.440
-94482.4,-81.501
-94360.4,-81.631
-94238.3,-81.722
-94116.2,-81.806
-93994.1,-81.898
-93872.1,-81.877
-93750.0,-82.047
-93627.9,-82.257
-93505.9,-82.304
-93383.8,-82.394
-93261.7,-82.276
-93139.6,-82.640
-93017.6,-82.497
-92895.5,-82.230
-92773.4,-81.813
-92651.4,-81.913
-92529.3,-82.154
-92407.2,-82.252
-92285.2,-81.870
-92163.1,-81.906
-92041.0,-81.963
-91918.9,-82.302
-91796.9,-82.383
-91674.8,-82.153
-91552.7,-82.067
-91430.7,-82.286
-91308.6,-82.327
-91186.5,-82.090
-91064.5,-82.325
-90942.4,-82.176
-90820.3,-82.396
-90698.2,-82.375
-90576.2,-81.963
-90454.1,-82.199
-90332.0,-82.243
-90210.0,-82.583
-90087.9,-81.877
-89965.8,-81.352
-89843.8,-81.093
-89721.7,-80.987
-89599.6,-81.520
-89477.5,-81.941
-89355.5,-82.076
-89233.4,-82.700
-89111.3,-82.729
-88989.3,-82.619
-88867.2,-82.004
-88745.1,-81.722
-88623.0,-81.799
-88501.0,-82.098
-88378.9,-82.501
-88256.8,-82.403
-88134.8,-82.280
-88012.7,-82.109
-87890.6,-81.946
-87768.6,-81.520
-87646.5,-81.450
-87524.4,-81.832
-87402.3,-82.014
-87280.3,-81.984
-87158.2,-81.844
-87036.1,-81.407
-86914.1,-81.382
-86792.0,-81.738
-86669.9,-82.219
-86547.9,-82.192
-86425.8,-82.078
-86303.7,-82.022
-86181.6,-82.027
-86059.6,-82.392
-85937.5,-82.241
-85815.4,-82.519
-85693.4,-82.591
-85571.3,-82.755
-85449.2,-83.118
-85327.1,-82.882
-85205.1,-82.290
-85083.0,-81.744
-84960.9,-81.607
-84838.9,-81.212
-84716.8,-81.133
-84594.7,-81.827
-84472.7,-82.474
-84350.6,-82.850
-84228.5,-82.486
-84106.4,-81.855
-83984.4,-81.487
-83862.3,-81.443
-83740.2,-81.966
-83618.2,-82.575
-83496.1,-83.125
-83374.0,-82.905
-83252.0,-83.055
-83129.9,-82.899
-83007.8,-83.444
-82885.7,-83.292
-82763.7,-82.848
-82641.6,-82.100
-82519.5,-81.565
-82397.5,-81.339
-82275.4,-81.446
-82153.3,-81.859
-82031.2,-82.051
-81909.2,-81.698
-81787.1,-81.707
-81665.0,-81.679
-81543.0,-82.037
-81420.9,-82.610
-81298.8,-83.131
-81176.8,-82.789
-81054.7,-82.562
-80932.6,-82.325
-80810.5,-82.557
-80688.5,-82.144
-80566.4,-82.284
-80444.3,-82.256
-80322.3,-82.520
-80200.2,-82.618
-80078.1,-82.789
-79956.1,-83.038
-79834.0,-82.705
-79711.9,-82.580
-79589.8,-82.040
-79467.8,-81.881
-79345.7,-81.841
-79223.6,-81.984
-79101.6,-82.111
-78979.5,-82.095
-78857.4,-82.425
-78735.4,-82.625
-78613.3,-82.339
-78491.2,-82.048
-78369.1,-81.705
-78247.1,-81.079
-78125.0,-80.762
-78002.9,-81.098
-77880.9,-81.859
-77758.8,-82.023
-77636.7,-81.752
-77514.6,-81.862
-77392.6,-81.962
-77270.5,-82.364
-77148.4,-81.995
-77026.4,-81.281
-76904.3,-81.584
-76782.2,-81.821
-76660.2,-81.573
-76538.1,-81.559
-76416.0,-81.823
-76293.9,-81.918
-76171.9,-81.696
-76049.8,-81.572
-75927.7,-81.196
-75805.7,-81.354
-75683.6,-82.029
-75561.5,-82.394
-75439.5,-82.519
-75317.4,-82.379
-75195.3,-82.081
-75073.2,-82.150
-74951.2,-82.459
-74829.1,-82.225
-74707.0,-81.690
-74585.0,-81.414
-74462.9,-81.674
-74340.8,-82.633
-74218.8,-82.987
-74096.7,-83.183
-73974.6,-83.073
-73852.5,-82.500
-73730.5,-82.168
-73608.4,-82.009
-73486.3,-81.739
-73364.3,-81.330
-73242.2,-81.169
-73120.1,-81.462
-72998.0,-82.064
-72876.0,-81.932
-72753.9,-81.538
-72631.8,-81.817
-72509.8,-81.721
-72387.7,-82.141
-72265.6,-82.066
-72143.6,-81.626
-72021.5,-81.505
-71899.4,-81.977
-71777.3,-82.087
-71655.3,-82.205
-71533.2,-82.401
-71411.1,-82.748
-71289.1,-81.964
-71167.0,-81.398
-71044.9,-81.407
-70922.9,-81.244
-70800.8,-81.460
-70678.7,-82.148
-70556.6,-82.476
-70434.6,-82.110
-70312.5,-81.250
-70190.4,-80.819
-70068.4,-81.105
-69946.3,-81.490
-69824.2,-81.974
-69702.1,-82.184
-69580.1,-81.808
-69458.0,-81.867
-69335.9,-82.110
-69213.9,-81.780
-69091.8,-81.490
-68969.7,-81.327
-68847.7,-81.262
-68725.6,-81.238
-68603.5,-81.022
-68481.4,-81.393
-68359.4,-81.752
-68237.3,-81.606
-68115.2,-81.131
-67993.2,-81.136
-67871.1,-81.686
-67749.0,-82.005
-67627.0,-81.693
-67504.9,-81.397
-67382.8,-81.709
-67260.7,-82.081
-67138.7,-81.732
-67016.6,-81.222
-66894.5,-81.356
-66772.5,-81.828
-66650.4,-81.979
-66528.3,-82.268
-66406.2,-82.191
-66284.2,-81.970
-66162.1,-81.646
-66040.0,-81.409
-65918.0,-81.732
-65795.9,-81.436
-65673.8,-81.146
-65551.8,-80.687
-65429.7,-80.355
-65307.6,-80.339
-65185.5,-80.476
-65063.5,-80.803
-64941.4,-80.536
-64819.3,-79.998
-64697.3,-80.168
-64575.2,-80.940
-64453.1,-81.268
-64331.1,-80.788
-64209.0,-80.308
-64086.9,-80.279
-63964.8,-80.530
-63842.8,-81.048
-63720.7,-81.596
-63598.6,-82.128
-63476.6,-82.888
-63354.5,-83.071
-63232.4,-82.199
-63110.4,-81.645
-62988.3,-81.353
-62866.2,-81.635
-62744.1,-82.129
-62622.1,-82.580
-62500.0,-82.470
-62377.9,-82.570
-62255.9,-82.122
-62133.8,-81.355
-62011.7,-81.115
-61889.6,-81.248
-61767.6,-81.636
-61645.5,-81.090
-61523.4,-80.475
-61401.4,-80.682
-61279.3,-81.437
-61157.2,-81.810
-61035.2,-82.121
-60913.1,-81.882
-60791.0,-80.965
-60668.9,-80.544
-60546.9,-80.435
-60424.8,-80.951
-60302.7,-81.567
-60180.7,-81.234
-60058.6,-81.080
-59936.5,-81.384
-59814.5,-82.174
-59692.4,-82.346
-59570.3,-82.002
-59448.2,-82.091
-59326.2,-82.338
-59204.1,-82.444
-59082.0,-82.419
-58960.0,-82.136
-58837.9,-82.210
-58715.8,-82.219
-58593.8,-82.311
-58471.7,-82.726
-58349.6,-82.961
-58227.5,-82.651
-58105.5,-82.200
-57983.4,-82.363
-57861.3,-82.263
-57739.3,-81.818
-57617.2,-81.798
-57495.1,-82.472
-57373.0,-82.693
-57251.0,-82.230
-57128.9,-82.228
-57006.8,-82.576
-56884.8,-82.305
-56762.7,-81.899
-56640.6,-82.384
-56518.6,-81.386
-56396.5,-80.599
-56274.4,-80.836
-56152.3,-81.385
-56030.3,-81.962
-55908.2,-81.806
-55786.1,-81.611
-55664.1,-81.628
-55542.0,-82.458
-55419.9,-82.814
-55297.9,-82.466
-55175.8,-82.082
-55053.7,-81.926
-54931.6,-82.080
-54809.6,-82.247
-54687.5,-82.095
-54565.4,-82.455
-54443.4,-82.935
-54321.3,-82.556
-54199.2,-82.106
-54077.1,-81.658
-53955.1,-81.968
-53833.0,-82.520
-53710.9,-82.221
-53588.9,-82.151
-53466.8,-82.026
-53344.7,-82.179
-53222.7,-82.975
-53100.6,-82.876
-52978.5,-82.908
-52856.4,-82.535
-52734.4,-82.520
-52612.3,-82.461
-52490.2,-81.828
-52368.2,-81.261
-52246.1,-81.415
-52124.0,-82.076
-52002.0,-82.309
-51879.9,-82.495
-51757.8,-82.329
-51635.7,-82.845
-51513.7,-83.062
-51391.6,-82.931
-51269.5,-82.279
-51147.5,-81.976
-51025.4,-82.247
-50903.3,-82.271
-50781.2,-82.289
-50659.2,-83.141
-50537.1,-82.613
-50415.0,-82.240
-50293.0,-82.179
-50170.9,-82.306
-50048.8,-82.968
-49926.8,-83.104
-49804.7,-82.491
-49682.6,-81.803
-49560.5,-81.717
-49438.5,-81.823
-49316.4,-82.116
-49194.3,-82.414
-49072.3,-82.584
-48950.2,-82.461
-48828.1,-81.796
-48706.1,-81.389
-48584.0,-81.533
-48461.9,-81.716
-48339.8,-81.835
-48217.8,-81.881
-48095.7,-81.937
-47973.6,-81.797
-47851.6,-81.699
-47729.5,-82.158
-47607.4,-82.362
-47485.4,-82.395
-47363.3,-82.686
-47241.2,-82.994
-47119.1,-82.652
-46997.1,-82.461
-46875.0,-82.496
-46752.9,-82.310
-46630.9,-82.143
-46508.8,-82.242
-46386.7,-82.399
-46264.6,-82.511
-46142.6,-82.364
-46020.5,-82.259
-45898.4,-82.203
-45776.4,-82.164
-45654.3,-82.235
-45532.2,-81.834
-45410.2,-81.562
-45288.1,-81.633
-45166.0,-81.958
-45043.9,-81.873
-44921.9,-81.908
-44799.8,-83.034
-44677.7,-83.424
-44555.7,-83.139
-44433.6,-82.850
-44311.5,-82.230
-44189.5,-82.518
-44067.4,-82.141
-43945.3,-81.731
-43823.2,-81.801
-43701.2,-82.068
-43579.1,-82.810
-43457.0,-82.967
-43335.0,-83.200
-43212.9,-83.159
-43090.8,-82.842
-42968.8,-82.475
-42846.7,-82.276
-42724.6,-82.091
-42602.5,-82.089
-42480.5,-82.560
-42358.4,-82.499
-42236.3,-82.999
-42114.3,-83.132
-41992.2,-83.070
-41870.1,-82.922
-41748.0,-81.817
-41626.0,-81.821
-41503.9,-82.322
-41381.8,-82.391
-41259.8,-81.986
-41137.7,-81.079
-41015.6,-81.112
-40893.6,-81.590
-40771.5,-81.582
-40649.4,-81.741
-40527.3,-81.584
-40405.3,-81.280
-40283.2,-81.177
-40161.1,-81.417
-40039.1,-81.808
-39917.0,-82.012
-39794.9,-81.762
-39672.9,-81.463
-39550.8,-81.664
-39428.7,-81.723
-39306.6,-81.741
-39184.6,-81.977
-39062.5,-82.208
-38940.4,-82.147
-38818.4,-81.510
-38696.3,-81.318
-38574.2,-81.670
-38452.1,-81.903
-38330.1,-81.973
-38208.0,-82.244
-38085.9,-82.571
-37963.9,-82.410
-37841.8,-82.412
-37719.7,-81.996
-37597.7,-81.579
-37475.6,-81.285
-37353.5,-81.072
-37231.4,-81.515
-37109.4,-82.524
-36987.3,-82.953
-36865.2,-82.633
-36743.2,-81.953
-36621.1,-82.180
-36499.0,-82.087
-36377.0,-81.706
-36254.9,-81.198
-36132.8,-80.991
-36010.7,-81.493
-35888.7,-82.164
-35766.6,-82.529
-35644.5,-82.148
-35522.5,-81.723
-35400.4,-81.999
-35278.3,-81.983
-35156.2,-81.863
-35034.2,-81.587
-34912.1,-81.404
-34790.0,-81.231
-34668.0,-81.251
-34545.9,-81.564
-34423.8,-81.180
-34301.8,-81.401
-34179.7,-82.353
-34057.6,-82.926
-33935.5,-82.832
-33813.5,-82.554
-33691.4,-82.093
-33569.3,-81.630
-33447.3,-81.490
-33325.2,-81.142
-33203.1,-81.475
-33081.1,-81.869
-32959.0,-81.779
-32836.9,-81.571
-32714.8,-81.601
-32592.8,-81.910
-32470.7,-81.897
-32348.6,-81.542
-32226.6,-81.533
-32104.5,-81.520
-31982.4,-81.568
-31860.4,-81.399
-31738.3,-81.245
-31616.2,-81.773
-31494.1,-82.333
-31372.1,-82.389
-31250.0,-82.593
-31127.9,-82.553
-31005.9,-82.434
-30883.8,-82.408
-30761.7,-82.336
-30639.6,-82.161
-30517.6,-81.926
-30395.5,-81.682
-30273.4,-81.746
-30151.4,-82.555
-30029.3,-83.092
-29907.2,-83.032
-29785.2,-82.629
-29663.1,-82.377
-29541.0,-82.245
-29418.9,-81.912
-29296.9,-82.561
-29174.8,-82.545
-29052.7,-82.503
-28930.7,-82.757
-28808.6,-82.674
-28686.5,-82.199
-28564.5,-81.716
-28442.4,-81.481
-28320.3,-81.548
-28198.2,-81.599
-28076.2,-82.038
-27954.1,-82.953
-27832.0,-83.939
-27710.0,-83.918
-27587.9,-82.998
-27465.8,-81.920
-27343.8,-82.028
-27221.7,-82.314
-27099.6,-82.706
-26977.5,-82.398
-26855.5,-82.056
-26733.4,-82.201
-26611.3,-82.501
-26489.3,-82.554
-26367.2,-82.797
-26245.1,-82.496
-26123.0,-82.250
-26001.0,-82.115
-25878.9,-82.237
-25756.8,-82.231
-25634.8,-82.215
-25512.7,-82.152
-25390.6,-81.993
-25268.6,-81.943
-25146.5,-82.120
-25024.4,-82.454
-24902.3,-82.634
-24780.3,-82.479
-24658.2,-82.113
-24536.1,-82.201
-24414.1,-82.868
-24292.0,-83.366
-24169.9,-83.186
-24047.9,-82.737
-23925.8,-82.982
-23803.7,-82.929
-23681.6,-82.711
-23559.6,-82.404
-23437.5,-82.887
-23315.4,-83.256
-23193.4,-83.209
-23071.3,-83.010
-22949.2,-82.600
-22827.1,-82.676
-22705.1,-82.623
-22583.0,-82.252
-22460.9,-82.232
-22338.9,-82.297
-22216.8,-82.283
-22094.7,-81.479
-21972.7,-80.875
-21850.6,-81.421
-21728.5,-82.186
-21606.4,-82.434
-21484.4,-81.895
-21362.3,-81.765
-21240.2,-82.239
-21118.2,-82.152
-20996.1,-81.108
-20874.0,-80.833
-20752.0,-81.133
-20629.9,-81.120
-20507.8,-80.906
-20385.7,-80.756
-20263.7,-80.959
-20141.6,-81.509
-20019.5,-81.620
-19897.5,-81.505
-19775.4,-81.138
-19653.3,-80.675
-19531.2,-80.478
-19409.2,-80.706
-19287.1,-81.349
-19165.0,-81.791
-19043.0,-82.065
-18920.9,-82.559
-18798.8,-82.541
-18676.8,-82.170
-18554.7,-82.237
-18432.6,-82.367
-18310.5,-82.513
-18188.5,-82.411
-18066.4,-82.419
-17944.3,-82.897
-17822.3,-83.236
-17700.2,-82.582
-17578.1,-81.618
-17456.1,-81.610
-17334.0,-82.037
-17211.9,-82.306
-17089.8,-82.183
-16967.8,-82.236
-16845.7,-82.238
-16723.6,-82.524
-16601.6,-82.704
-16479.5,-82.505
-16357.4,-82.283
-16235.4,-81.972
-16113.3,-81.560
-15991.2,-81.631
-15869.1,-81.968
-15747.1,-82.465
-15625.0,-83.066
-15502.9,-82.674
-15380.9,-82.462
-15258.8,-81.898
-15136.7,-81.649
-15014.6,-82.282
-14892.6,-83.475
-14770.5,-83.642
-14648.4,-83.314
-14526.4,-82.700
-14404.3,-82.519
-14282.2,-82.525
-14160.2,-82.365
-14038.1,-82.739
-13916.0,-82.518
-13793.9,-82.724
-13671.9,-82.889
-13549.8,-82.854
-13427.7,-83.060
-13305.7,-82.866
-13183.6,-83.128
-13061.5,-83.710
-12939.5,-83.348
-12817.4,-82.670
-12695.3,-82.575
-12573.2,-82.535
-12451.2,-82.789
-12329.1,-82.667
-12207.0,-82.206
-12085.0,-82.345
-11962.9,-82.268
-11840.8,-82.303
-11718.8,-82.583
-11596.7,-82.290
-11474.6,-82.141
-11352.5,-81.836
-11230.5,-81.530
-11108.4,-81.988
-10986.3,-82.126
-10864.3,-82.208
-10742.2,-82.415
-10620.1,-83.012
-10498.0,-83.841
-10376.0,-83.693
-10253.9,-83.345
-10131.8,-82.941
-10009.8,-82.326
-9887.7,-82.039
-9765.6,-81.603
-9643.6,-81.122
-9521.5,-81.323
-9399.4,-81.739
-9277.3,-81.859
-9155.3,-82.427
-9033.2,-81.873
-8911.1,-81.735
-8789.1,-82.111
-8667.0,-82.272
-8544.9,-82.829
-8422.9,-82.534
-8300.8,-82.027
-8178.7,-81.899
-8056.6,-81.326
-7934.6,-81.546
-7812.5,-81.590
-7690.4,-81.644
-7568.4,-81.857
-7446.3,-81.376
-7324.2,-80.910
-7202.1,-80.980
-7080.1,-81.259
-6958.0,-81.769
-6835.9,-82.447
-6713.9,-82.559
-6591.8,-81.952
-6469.7,-81.540
-6347.7,-81.606
-6225.6,-81.700
-6103.5,-82.232
-5981.4,-83.227
-5859.4,-83.082
-5737.3,-82.417
-5615.2,-82.239
-5493.2,-82.143
-5371.1,-82.076
-5249.0,-82.679
-5127.0,-82.719
-5004.9,-82.112
-4882.8,-82.139
-4760.7,-81.493
-4638.7,-81.521
-4516.6,-81.426
-4394.5,-81.679
-4272.5,-81.765
-4150.4,-81.096
-4028.3,-80.705
-3906.2,-81.199
-3784.2,-81.733
-3662.1,-81.573
-3540.0,-80.898
-3418.0,-80.717
-3295.9,-81.345
-3173.8,-82.170
-3051.8,-82.499
-2929.7,-82.118
-2807.6,-82.130
-2685.5,-82.755
-2563.5,-83.138
-2441.4,-82.815
-2319.3,-82.377
-2197.3,-81.833
-2075.2,-81.931
-1953.1,-81.420
-1831.1,-81.111
-1709.0,-81.567
-1586.9,-81.613
-1464.8,-81.976
-1342.8,-81.714
-1220.7,-81.318
-1098.6,-81.089
-976.6,-80.730
-854.5,-80.561
-732.4,-80.469
-610.4,-80.333
-488.3,-79.904
-366.2,-79.108
-244.1,-78.035
-122.1,-76.423
0.0,-75.137
122.1,-76.662
244.1,-77.890
366.2,-78.702
488.3,-79.320
610.4,-79.983
732.4,-80.583
854.5,-80.701
976.6,-80.809
1098.6,-80.774
1220.7,-81.722
1342.8,-82.218
1464.8,-82.591
1586.9,-82.512
1709.0,-81.862
1831.1,-81.465
1953.1,-81.316
2075.2,-81.759
2197.3,-82.350
2319.3,-82.808
2441.4,-82.878
2563.5,-82.686
2685.5,-82.198
2807.6,-82.314
2929.7,-82.525
3051.8,-82.257
3173.8,-82.716
3295.9,-82.511
3418.0,-82.454
3540.0,-82.462
3662.1,-82.435
3784.2,-82.577
3906.2,-82.005
4028.3,-81.762
4150.4,-81.882
4272.5,-82.379
4394.5,-82.379
4516.6,-81.856
4638.7,-81.461
4760.7,-82.084
4882.8,-82.705
5004.9,-82.379
5127.0,-82.096
5249.0,-82.274
5371.1,-82.189
5493.2,-81.330
5615.2,-81.232
5737.3,-81.702
5859.4,-82.103
5981.4,-81.589
6103.5,-80.912
6225.6,-81.208
6347.7,-81.527
6469.7,-81.332
6591.8,-80.873
6713.9,-81.094
6835.9,-81.195
6958.0,-81.239
7080.1,-81.367
7202.1,-81.212
7324.2,-81.760
7446.3,-81.408
7568.4,-81.755
7690.4,-81.698
7812.5,-81.809
7934.6,-82.387
8056.6,-82.490
8178.7,-82.244
8300.8,-81.912
8422.9,-81.437
8544.9,-81.506
8667.0,-81.692
8789.1,-82.200
8911.1,-82.325
9033.2,-82.048
9155.3,-81.836
9277.3,-82.330
9399.4,-82.666
9521.5,-82.690
9643.6,-82.549
9765.6,-82.793
9887.7,-82.692
10009.8,-82.572
10131.8,-82.456
10253.9,-82.923
10376.0,-82.565
10498.0,-82.529
10620.1,-82.709
10742.2,-83.016
10864.3,-84.027
10986.3,-83.437
11108.4,-82.019
11230.5,-81.315
11352.5,-81.259
11474.6,-82.259
11596.7,-83.244
11718.8,-83.623
11840.8,-83.559
11962.9,-82.897
12085.0,-82.104
12207.0,-81.696
12329.1,-81.622
12451.2,-81.763
12573.2,-82.350
12695.3,-82.780
12817.4,-83.014
12939.5,-83.105
13061.5,-82.804
13183.6,-83.002
13305.7,-82.524
13427.7,-82.306
13549.8,-82.204
13671.9,-82.087
13793.9,-81.930
13916.0,-81.722
14038.1,-81.709
14160.2,-81.786
14282.2,-81.738
14404.3,-81.681
14526.4,-82.308
14648.4,-82.409
14770.5,-82.234
14892.6,-82.103
15014.6,-82.208
15136.7,-82.067
15258.8,-82.034
15380.9,-82.160
15502.9,-82.837
15625.0,-83.142
15747.1,-83.368
15869.1,-83.492
15991.2,-83.053
16113.3,-82.482
16235.4,-82.213
16357.4,-82.345
16479.5,-81.865
16601.6,-81.267
16723.6,-81.280
16845.7,-81.675
16967.8,-82.106
17089.8,-81.899
17211.9,-81.397
17334.0,-81.080
17456.1,-80.689
17578.1,-80.676
17700.2,-81.470
17822.3,-81.864
17944.3,-81.735
18066.4,-81.466
18188.5,-81.995
18310.5,-82.851
18432.6,-83.253
18554.7,-82.548
18676.8,-82.292
18798.8,-82.196
18920.9,-82.304
19043.0,-83.080
19165.0,-83.144
19287.1,-83.047
19409.2,-82.414
19531.2,-81.580
19653.3,-81.458
19775.4,-81.840
19897.5,-82.346
20019.5,-82.301
20141.6,-81.980
20263.7,-81.359
20385.7,-80.929
20507.8,-80.876
20629.9,-81.055
20752.0,-81.121
20874.0,-81.545
20996.1,-81.991
21118.2,-81.805
21240.2,-81.641
21362.3,-81.659
21484.4,-81.973
21606.4,-82.743
21728.5,-83.311
21850.6,-82.935
21972.7,-82.448
22094.7,-82.048
22216.8,-82.407
22338.9,-82.383
22460.9,-82.026
22583.0,-81.667
22705.1,-81.199
22827.1,-81.148
22949.2,-81.164
23071.3,-81.525
23193.4,-82.147
23315.4,-82.351
23437.5,-82.194
23559.6,-82.604
23681.6,-83.526
23803.7,-83.528
23925.8,-83.256
24047.9,-82.814
24169.9,-82.345
24292.0,-82.243
24414.1,-82.032
24536.1,-81.726
24658.2,-81.349
24780.3,-81.747
24902.3,-82.299
25024.4,-82.306
25146.5,-82.256
25268.6,-82.128
25390.6,-81.943
25512.7,-82.272
25634.8,-82.554
25756.8,-82.796
25878.9,-82.316
26001.0,-82.145
26123.0,-82.537
26245.1,-83.599
26367.2,-83.909
26489.3,-82.813
26611.3,-82.346
26733.4,-82.188
26855.5,-82.266
26977.5,-82.597
27099.6,-82.634
27221.7,-82.580
27343.8,-82.359
27465.8,-82.681
27587.9,-82.504
27710.0,-82.928
27832.0,-83.338
27954.1,-83.700
28076.2,-83.197
28198.2,-82.329
28320.3,-81.891
28442.4,-81.671
28564.5,-81.926
28686.5,-82.671
28808.6,-82.967
28930.7,-82.695
29052.7,-82.237
29174.8,-81.941
29296.9,-82.202
29418.9,-82.180
29541.0,-82.091
29663.1,-82.194
29785.2,-82.848
29907.2,-82.737
30029.3,-82.254
30151.4,-81.998
30273.4,-82.213
30395.5,-82.327
30517.6,-81.697
30639.6,-81.878
30761.7,-82.431
30883.8,-82.613
31005.9,-82.751
31127.9,-82.681
31250.0,-82.953
31372.1,-83.128
31494.1,-82.619
31616.2,-82.609
31738.3,-82.200
31860.4,-82.310
31982.4,-82.547
32104.5,-82.100
32226.6,-82.062
32348.6,-81.975
32470.7,-81.983
32592.8,-81.952
32714.8,-81.133
32836.9,-80.484
32959.0,-80.663
33081.1,-81.473
33203.1,-82.097
33325.2,-82.071
33447.3,-81.725
33569.3,-81.264
33691.4,-81.002
33813.5,-81.088
33935.5,-81.185
34057.6,-80.983
34179.7,-80.930
34301.8,-81.114
34423.8,-81.701
34545.9,-82.238
34668.0,-82.099
34790.0,-82.150
34912.1,-82.923
35034.2,-82.172
35156.2,-81.442
35278.3,-81.346
35400.4,-81.865
35522.5,-82.731
35644.5,-82.367
35766.6,-82.273
35888.7,-82.810
36010.7,-82.989
36132.8,-82.991
36254.9,-83.053
36377.0,-82.820
36499.0,-82.944
36621.1,-83.139
36743.2,-83.509
36865.2,-83.566
36987.3,-83.124
37109.4,-82.850
37231.4,-82.823
37353.5,-83.351
37475.6,-83.951
37597.7,-83.668
37719.7,-82.913
37841.8,-82.585
37963.9,-82.763
38085.9,-83.450
38208.0,-83.337
38330.1,-83.029
38452.1,-82.636
38574.2,-82.100
38696.3,-82.151
38818.4,-82.200
38940.4,-82.366
39062.5,-82.358
39184.6,-82.448
39306.6,-82.493
39428.7,-82.659
39550.8,-82.699
39672.9,-83.051
39794.9,-83.219
39917.0,-82.674
40039.1,-82.453
40161.1,-82.609
40283.2,-82.544
40405.3,-82.940
40527.3,-82.776
40649.4,-82.699
40771.5,-82.869
40893.6,-83.305
41015.6,-84.356
41137.7,-83.957
41259.8,-83.270
41381.8,-82.593
41503.9,-82.235
41626.0,-82.167
41748.0,-81.850
41870.1,-82.239
41992.2,-82.748
42114.3,-83.026
42236.3,-82.833
42358.4,-82.807
42480.5,-83.122
42602.5,-82.969
42724.6,-82.787
42846.7,-82.872
42968.8,-83.032
43090.8,-82.855
43212.9,-82.644
43335.0,-82.546
43457.0,-82.494
43579.1,-82.603
43701.2,-82.350
43823.2,-82.210
43945.3,-82.629
44067.4,-82.845
44189.5,-82.839
44311.5,-82.668
44433.6,-82.815
44555.7,-83.131
44677.7,-82.495
44799.8,-82.043
44921.9,-82.025
45043.9,-82.191
45166.0,-82.145
45288.1,-82.176
45410.2,-81.597
45532.2,-81.678
45654.3,-82.266
45776.4,-82.331
45898.4,-82.283
46020.5,-82.029
46142.6,-82.067
46264.6,-82.348
46386.7,-82.327
46508.8,-82.016
46630.9,-81.654
46752.9,-81.727
46875.0,-82.501
46997.1,-82.980
47119.1,-83.106
47241.2,-83.142
47363.3,-82.627
47485.4,-82.475
47607.4,-82.074
47729.5,-81.812
47851.6,-81.887
47973.6,-81.724
48095.7,-81.360
48217.8,-81.469
48339.8,-82.254
48461.9,-82.673
48584.0,-82.474
48706.1,-82.249
48828.1,-82.640
48950.2,-83.206
49072.3,-83.283
49194.3,-82.805
49316.4,-81.874
49438.5,-81.782
49560.5,-81.853
49682.6,-82.414
49804.7,-82.902
49926.8,-82.947
50048.8,-83.257
50170.9,-83.908
50293.0,-84.046
50415.0,-83.033
50537.1,-81.724
50659.2,-81.100
50781.2,-81.403
50903.3,-82.197
51025.4,-82.846
51147.5,-83.205
51269.5,-83.179
51391.6,-82.838
51513.7,-82.455
51635.7,-82.227
51757.8,-82.502
51879.9,-82.215
52002.0,-82.101
52124.0,-82.580
52246.1,-82.888
52368.2,-82.825
52490.2,-82.086
52612.3,-81.967
52734.4,-82.390
52856.4,-82.368
52978.5,-82.490
53100.6,-82.392
53222.7,-82.096
53344.7,-82.171
53466.8,-81.907
53588.9,-81.665
53710.9,-81.749
53833.0,-81.941
53955.1,-82.443
54077.1,-82.166
54199.2,-81.427
54321.3,-81.303
54443.4,-81.543
54565.4,-82.155
54687.5,-82.599
54809.6,-82.276
54931.6,-82.336
55053.7,-82.608
55175.8,-82.919
55297.9,-83.615
55419.9,-83.370
55542.0,-83.035
55664.1,-82.876
55786.1,-82.799
55908.2,-82.784
56030.3,-82.343
56152.3,-82.279
56274.4,-82.721
56396.5,-83.046
56518.6,-83.166
56640.6,-83.047
56762.7,-83.032
56884.8,-82.477
57006.8,-81.830
57128.9,-81.866
57251.0,-82.478
57373.0,-83.008
57495.1,-82.671
57617.2,-82.621
57739.3,-82.921
57861.3,-83.550
57983.4,-83.159
58105.5,-82.560
58227.5,-82.289
58349.6,-81.957
58471.7,-81.700
58593.8,-81.792
58715.8,-81.717
58837.9,-82.370
58960.0,-82.677
59082.0,-82.347
59204.1,-82.073
59326.2,-82.476
59448.2,-82.948
59570.3,-82.761
59692.4,-82.657
59814.5,-82.475
59936.5,-82.319
60058.6,-82.232
60180.7,-82.400
60302.7,-82.539
60424.8,-82.763
60546.9,-83.018
60668.9,-83.025
60791.0,-82.559
60913.1,-82.105
61035.2,-82.050
61157.2,-82.051
61279.3,-82.128
61401.4,-82.134
61523.4,-82.115
61645.5,-82.285
61767.6,-81.820
61889.6,-81.462
62011.7,-81.383
62133.8,-81.762
62255.9,-82.003
62377.9,-82.405
62500.0,-82.474
62622.1,-82.239
62744.1,-82.218
62866.2,-82.634
62988.3,-82.895
63110.4,-82.669
63232.4,-82.717
63354.5,-83.139
63476.6,-82.987
63598.6,-82.590
63720.7,-82.765
63842.8,-82.888
63964.8,-82.869
64086.9,-82.778
64209.0,-82.330
64331.1,-82.539
64453.1,-82.902
64575.2,-83.045
64697.3,-83.205
64819.3,-83.083
64941.4,-82.675
65063.5,-82.296
65185.5,-82.454
65307.6,-82.516
65429.7,-82.164
65551.8,-81.876
65673.8,-81.800
65795.9,-82.076
65918.0,-82.749
66040.0,-83.154
66162.1,-82.821
66284.2,-83.219
66406.2,-83.587
66528.3,-82.841
66650.4,-82.386
66772.5,-82.472
66894.5,-82.687
67016.6,-82.614
67138.7,-82.104
67260.7,-82.015
67382.8,-82.265
67504.9,-82.743
67627.0,-82.814
67749.0,-82.546
67871.1,-82.529
67993.2,-82.550
68115.2,-82.331
68237.3,-82.365
68359.4,-82.043
68481.4,-82.130
68603.5,-82.399
68725.6,-82.229
68847.7,-82.318
68969.7,-82.205
69091.8,-81.976
69213.9,-82.152
69335.9,-82.091
69458.0,-81.897
69580.1,-81.845
69702.1,-81.407
69824.2,-81.590
69946.3,-82.647
70068.4,-83.235
70190.4,-83.039
70312.5,-82.596
70434.6,-82.504
70556.6,-82.783
70678.7,-82.576
70800.8,-82.147
70922.9,-82.240
71044.9,-82.249
71167.0,-82.739
71289.1,-82.709
71411.1,-83.168
71533.2,-83.201
71655.3,-82.554
71777.3,-82.647
71899.4,-82.669
72021.5,-82.415
72143.6,-82.251
72265.6,-82.547
72387.7,-82.796
72509.8,-82.415
72631.8,-82.285
72753.9,-82.366
72876.0,-82.820
72998.0,-82.802
73120.1,-82.201
73242.2,-81.749
73364.3,-81.547
73486.3,-81.718
73608.4,-81.694
73730.5,-81.256
73852.5,-80.847
73974.6,-80.947
74096.7,-81.880
74218.8,-82.438
74340.8,-82.749
74462.9,-82.192
74585.0,-81.329
74707.0,-80.793
74829.1,-81.074
74951.2,-81.795
75073.2,-81.989
75195.3,-81.287
75317.4,-81.047
75439.5,-81.678
75561.5,-82.435
75683.6,-82.560
75805.7,-82.380
75927.7,-82.361
76049.8,-82.191
76171.9,-81.737
76293.9,-81.824
76416.0,-82.264
76538.1,-82.891
76660.2,-83.371
76782.2,-83.533
76904.3,-82.189
77026.4,-81.251
77148.4,-80.913
77270.5,-81.006
77392.6,-81.170
77514.6,-81.054
77636.7,-81.310
77758.8,-81.264
77880.9,-80.872
78002.9,-80.362
78125.0,-80.501
78247.1,-81.225
78369.1,-81.798
78491.2,-81.197
78613.3,-80.492
78735.4,-80.812
78857.4,-81.382
78979.5,-82.063
79101.6,-81.743
79223.6,-81.633
79345.7,-82.021
79467.8,-82.319
79589.8,-82.785
79711.9,-83.163
79834.0,-82.805
79956.1,-82.483
80078.1,-81.988
80200.2,-82.051
80322.3,-81.981
80444.3,-82.075
80566.4,-82.558
80688.5,-82.357
80810.5,-82.206
80932.6,-82.492
81054.7,-82.607
81176.8,-82.142
81298.8,-81.456
81420.9,-81.571
81543.0,-82.375
81665.0,-82.400
81787.1,-81.948
81909.2,-81.567
82031.2,-81.566
82153.3,-81.528
82275.4,-81.609
82397.5,-82.038
82519.5,-82.320
82641.6,-82.408
82763.7,-82.191
82885.7,-82.466
83007.8,-82.765
83129.9,-82.681
83252.0,-81.888
83374.0,-81.164
83496.1,-81.376
83618.2,-81.961
83740.2,-82.850
83862.3,-83.343
83984.4,-83.083
84106.4,-81.979
84228.5,-81.320
84350.6,-81.646
84472.7,-82.170
84594.7,-82.222
84716.8,-82.695
84838.9,-83.022
84960.9,-82.740
85083.0,-82.160
85205.1,-81.896
85327.1,-81.801
85449.2,-82.065
85571.3,-82.343
85693.4,-82.778
85815.4,-82.438
85937.5,-82.094
86059.6,-82.240
86181.6,-82.663
86303.7,-82.668
86425.8,-82.271
86547.9,-81.862
86669.9,-81.827
86792.0,-81.972
86914.1,-82.588
87036.1,-82.859
87158.2,-83.149
87280.3,-83.702
87402.3,-84.085
87524.4,-83.779
87646.5,-82.664
87768.6,-82.017
87890.6,-82.196
88012.7,-82.633
88134.8,-82.953
88256.8,-82.885
88378.9,-82.702
88501.0,-82.483
88623.0,-82.694
88745.1,-83.384
88867.2,-83.177
88989.3,-82.325
89111.3,-82.028
89233.4,-81.960
89355.5,-82.264
89477.5,-82.439
89599.6,-82.406
89721.7,-81.789
89843.8,-81.604
89965.8,-81.734
90087.9,-81.874
90210.0,-82.107
90332.0,-81.943
90454.1,-82.090
90576.2,-82.660
90698.2,-82.513
90820.3,-82.507
90942.4,-82.466
91064.5,-82.194
91186.5,-82.290
91308.6,-82.246
91430.7,-82.104
91552.7,-81.956
91674.8,-82.039
91796.9,-82.505
91918.9,-82.787
92041.0,-82.666
92163.1,-82.849
92285.2,-82.631
92407.2,-82.365
92529.3,-82.104
92651.4,-81.865
92773.4,-82.681
92895.5,-83.053
93017.6,-83.003
93139.6,-83.142
93261.7,-83.389
93383.8,-83.027
93505.9,-83.025
93627.9,-82.967
93750.0,-82.881
93872.1,-83.022
93994.1,-82.908
94116.2,-82.815
94238.3,-82.867
94360.4,-82.922
94482.4,-83.315
94604.5,-83.251
94726.6,-82.851
94848.6,-82.641
94970.7,-82.464
95092.8,-82.579
95214.8,-82.516
95336.9,-82.495
95459.0,-82.340
95581.1,-82.154
95703.1,-82.095
95825.2,-82.242
95947.3,-82.945
96069.3,-83.571
96191.4,-83.934
96313.5,-83.411
96435.5,-83.515
96557.6,-83.725
96679.7,-83.603
96801.8,-83.200
96923.8,-82.785
97045.9,-82.525
97168.0,-82.221
97290.0,-82.030
97412.1,-82.603
97534.2,-83.683
97656.2,-83.567
97778.3,-82.940
97900.4,-81.974
98022.5,-81.728
98144.5,-81.736
98266.6,-82.041
98388.7,-82.773
98510.7,-83.108
98632.8,-83.777
98754.9,-83.795
98877.0,-83.517
98999.0,-83.493
99121.1,-83.173
99243.2,-82.651
99365.2,-82.365
99487.3,-82.405
99609.4,-82.348
99731.4,-82.465
99853.5,-82.622
99975.6,-82.424
100097.7,-82.149
100219.7,-81.775
100341.8,-82.029
100463.9,-82.394
100585.9,-82.399
100708.0,-82.626
100830.1,-82.464
100952.1,-82.226
101074.2,-82.005
101196.3,-82.233
101318.4,-82.696
101440.4,-82.812
101562.5,-82.804
101684.6,-82.749
101806.6,-82.768
101928.7,-82.781
102050.8,-82.710
102172.9,-82.994
102294.9,-83.350
102417.0,-83.649
102539.1,-83.250
102661.1,-82.727
102783.2,-82.087
102905.3,-81.672
103027.3,-81.677
103149.4,-81.488
103271.5,-82.033
103393.6,-82.784
103515.6,-83.037
103637.7,-82.950
103759.8,-82.889
103881.8,-83.043
104003.9,-82.969
104126.0,-82.543
104248.0,-82.409
104370.1,-82.509
104492.2,-82.668
104614.3,-82.594
104736.3,-82.479
104858.4,-82.619
104980.5,-82.838
105102.5,-82.986
105224.6,-82.784
105346.7,-82.389
105468.8,-82.368
105590.8,-82.614
105712.9,-82.820
105835.0,-82.824
105957.0,-82.574
106079.1,-82.285
106201.2,-82.536
106323.2,-83.088
106445.3,-83.052
106567.4,-82.834
106689.5,-83.081
106811.5,-82.813
106933.6,-82.948
107055.7,-82.714
107177.7,-82.487
107299.8,-82.375
107421.9,-82.439
107543.9,-82.288
107666.0,-82.238
107788.1,-82.058
107910.2,-82.133
108032.2,-82.349
108154.3,-82.609
108276.4,-82.462
108398.4,-82.075
108520.5,-82.158
108642.6,-82.335
108764.6,-82.313
108886.7,-82.389
109008.8,-82.152
109130.9,-82.392
109252.9,-82.821
109375.0,-82.910
109497.1,-82.827
109619.1,-82.647
109741.2,-81.909
109863.3,-81.429
109985.4,-81.466
110107.4,-81.484
110229.5,-81.616
110351.6,-81.891
110473.6,-82.034
110595.7,-82.283
110717.8,-81.829
110839.8,-81.499
110961.9,-81.096
111084.0,-81.147
111206.1,-81.178
111328.1,-81.436
111450.2,-82.364
111572.3,-83.212
111694.3,-83.342
111816.4,-82.493
111938.5,-81.906
112060.5,-82.154
112182.6,-82.506
112304.7,-82.179
112426.8,-82.227
112548.8,-82.531
112670.9,-83.079
112793.0,-83.264
112915.0,-83.098
113037.1,-82.930
113159.2,-82.757
113281.2,-82.643
113403.3,-82.495
113525.4,-82.448
113647.5,-82.739
113769.5,-82.835
113891.6,-83.338
114013.7,-83.651
114135.7,-83.254
114257.8,-82.587
114379.9,-82.480
114502.0,-82.476
114624.0,-82.308
114746.1,-82.210
114868.2,-82.386
114990.2,-82.843
115112.3,-83.010
115234.4,-82.830
115356.4,-82.831
115478.5,-82.614
115600.6,-82.972
115722.7,-82.585
115844.7,-82.382
115966.8,-82.629
116088.9,-83.078
116210.9,-83.379
116333.0,-82.988
116455.1,-82.624
116577.1,-81.968
116699.2,-81.515
116821.3,-81.424
116943.4,-81.361
117065.4,-82.003
117187.5,-82.798
117309.6,-82.877
117431.6,-82.664
117553.7,-82.448
117675.8,-82.507
117797.9,-82.245
117919.9,-82.231
118042.0,-82.641
118164.1,-82.557
118286.1,-82.603
118408.2,-82.822
118530.3,-83.168
118652.3,-83.545
118774.4,-83.497
118896.5,-83.254
119018.6,-83.296
119140.6,-83.262
119262.7,-83.186
119384.8,-82.804
119506.8,-82.865
119628.9,-82.754
119751.0,-82.841
119873.0,-82.612
119995.1,-82.531
120117.2,-82.660
120239.3,-82.133
120361.3,-81.831
120483.4,-82.129
120605.5,-82.889
120727.5,-83.165
120849.6,-83.136
120971.7,-82.635
121093.8,-82.739
121215.8,-83.606
121337.9,-83.570
121460.0,-83.137
121582.0,-82.992
121704.1,-82.725
121826.2,-82.511
121948.2,-82.705
122070.3,-83.296
122192.4,-83.268
122314.5,-83.016
122436.5,-82.775
122558.6,-83.087
122680.7,-83.165
122802.7,-83.114
122924.8,-82.767
123046.9,-82.516
123168.9,-81.998
123291.0,-81.776
123413.1,-81.800
123535.2,-82.326
123657.2,-82.046
123779.3,-81.875
123901.4,-82.197
124023.4,-82.581
124145.5,-82.979
124267.6,-83.337
124389.6,-83.214
124511.7,-82.998
124633.8,-82.824
124755.9,-82.852
124877.9,-82.998
125000.0,-82.963
125122.1,-82.532
125244.1,-82.315
125366.2,-82.316
125488.3,-82.137
125610.4,-82.229
125732.4,-81.989
125854.5,-82.166
125976.6,-82.723
126098.6,-82.633
126220.7,-82.253
126342.8,-82.334
126464.8,-82.621
126586.9,-82.546
126709.0,-82.690
126831.1,-82.957
126953.1,-83.312
127075.2,-83.252
127197.3,-82.960
127319.3,-82.341
127441.4,-82.234
127563.5,-82.784
127685.5,-83.116
127807.6,-83.244
127929.7,-83.359
128051.8,-83.134
128173.8,-82.674
128295.9,-82.168
128418.0,-81.971
128540.0,-82.046
128662.1,-82.369
128784.2,-82.710
128906.2,-82.935
129028.3,-83.275
129150.4,-82.817
129272.5,-82.746
129394.5,-82.435
129516.6,-82.392
129638.7,-82.537
129760.7,-82.262
129882.8,-81.967
130004.9,-81.637
130127.0,-81.539
130249.0,-82.055
130371.1,-82.702
130493.2,-83.099
130615.2,-82.693
130737.3,-82.445
130859.4,-82.379
130981.4,-82.310
131103.5,-82.131
131225.6,-82.044
131347.7,-82.203
131469.7,-82.216
131591.8,-81.810
131713.9,-81.398
131835.9,-81.347
131958.0,-81.582
132080.1,-81.862
132202.1,-81.952
132324.2,-82.148
132446.3,-82.591
132568.4,-83.205
132690.4,-83.372
132812.5,-82.967
132934.6,-82.595
133056.6,-82.346
133178.7,-82.252
133300.8,-82.148
133422.9,-82.210
133544.9,-82.533
133667.0,-82.290
133789.1,-82.320
133911.1,-82.540
134033.2,-83.018
134155.3,-83.106
134277.3,-82.918
134399.4,-83.166
134521.5,-83.485
134643.6,-83.731
134765.6,-83.653
134887.7,-82.990
135009.8,-82.559
135131.8,-82.524
135253.9,-82.816
135376.0,-82.933
135498.0,-82.596
135620.1,-81.902
135742.2,-81.988
135864.3,-82.352
135986.3,-82.878
136108.4,-83.032
136230.5,-83.135
136352.5,-83.260
136474.6,-83.137
136596.7,-82.351
136718.8,-82.063
136840.8,-82.442
136962.9,-82.455
137085.0,-82.683
137207.0,-82.760
137329.1,-82.765
137451.2,-82.056
137573.2,-82.080
137695.3,-82.319
137817.4,-82.598
137939.5,-82.528
138061.5,-82.092
138183.6,-81.926
138305.7,-82.179
138427.7,-83.095
138549.8,-83.436
138671.9,-83.217
138793.9,-82.445
138916.0,-81.861
139038.1,-82.324
139160.2,-82.438
139282.2,-82.376
139404.3,-82.272
139526.4,-81.990
139648.4,-82.484
139770.5,-83.052
139892.6,-83.007
140014.6,-82.632
140136.7,-82.183
140258.8,-82.319
140380.9,-82.646
140502.9,-82.928
140625.0,-82.676
140747.1,-82.868
140869.1,-83.102
140991.2,-83.448
141113.3,-83.118
141235.4,-82.259
141357.4,-81.791
141479.5,-82.307
141601.6,-82.329
141723.6,-81.917
141845.7,-81.908
141967.8,-82.367
142089.8,-82.400
142211.9,-82.314
142334.0,-82.452
142456.1,-82.661
142578.1,-83.051
142700.2,-82.458
142822.3,-81.592
142944.3,-81.640
143066.4,-82.181
143188.5,-82.735
143310.5,-83.005
143432.6,-83.162
143554.7,-83.117
143676.8,-83.242
143798.8,-83.330
143920.9,-82.822
144043.0,-82.450
144165.0,-82.589
144287.1,-83.050
144409.2,-82.897
144531.2,-82.179
144653.3,-81.847
144775.4,-82.225
144897.5,-83.080
145019.5,-83.408
145141.6,-83.664
145263.7,-83.547
145385.7,-83.400
145507.8,-83.270
145629.9,-83.114
145752.0,-83.244
145874.0,-83.185
145996.1,-82.851
146118.2,-82.469
146240.2,-82.441
146362.3,-82.891
146484.4,-83.169
146606.4,-83.191
146728.5,-82.616
146850.6,-82.459
146972.7,-82.978
147094.7,-83.327
147216.8,-82.738
147338.9,-81.698
147460.9,-81.483
147583.0,-82.080
147705.1,-82.488
147827.1,-82.464
147949.2,-81.603
148071.3,-81.431
148193.4,-81.981
148315.4,-82.787
148437.5,-83.114
148559.6,-83.207
148681.6,-82.908
148803.7,-82.651
148925.8,-82.569
149047.9,-82.871
149169.9,-83.006
149292.0,-82.555
149414.1,-82.751
149536.1,-82.987
149658.2,-83.486
149780.3,-83.459
149902.3,-83.034
150024.4,-83.145
150146.5,-83.358
150268.6,-83.716
150390.6,-83.357
150512.7,-83.112
150634.8,-83.097
150756.8,-82.635
150878.9,-82.700
151001.0,-82.863
151123.0,-83.012
151245.1,-83.104
151367.2,-82.743
151489.3,-82.264
151611.3,-82.562
151733.4,-82.944
151855.5,-83.163
151977.5,-83.450
152099.6,-83.688
152221.7,-83.653
152343.8,-83.400
152465.8,-83.191
152587.9,-82.790
152710.0,-82.288
152832.0,-82.332
152954.1,-82.780
153076.2,-82.625
153198.2,-82.361
153320.3,-82.092
153442.4,-81.881
153564.5,-81.556
153686.5,-81.360
153808.6,-81.693
153930.7,-82.359
154052.7,-82.306
154174.8,-81.948
154296.9,-82.362
154418.9,-82.185
154541.0,-82.113
154663.1,-82.600
154785.2,-82.955
154907.2,-83.316
155029.3,-82.990
155151.4,-82.473
155273.4,-82.497
155395.5,-82.329
155517.6,-82.434
155639.6,-82.963
155761.7,-83.553
155883.8,-83.111
156005.9,-81.982
156127.9,-81.345
156250.0,-81.674
156372.1,-82.112
156494.1,-81.736
156616.2,-81.874
156738.3,-82.676
156860.4,-82.691
156982.4,-81.913
157104.5,-81.911
157226.6,-82.298
157348.6,-82.103
157470.7,-82.074
157592.8,-82.341
157714.8,-82.982
157836.9,-83.333
157959.0,-82.979
158081.1,-82.937
158203.1,-82.903
158325.2,-83.247
158447.3,-83.539
158569.3,-83.171
158691.4,-82.671
158813.5,-82.462
158935.5,-82.365
159057.6,-82.277
159179.7,-82.081
159301.8,-82.163
159423.8,-82.510
159545.9,-82.996
159668.0,-83.021
159790.0,-83.310
159912.1,-83.698
160034.2,-83.577
160156.2,-83.655
160278.3,-83.255
160400.4,-82.784
160522.5,-82.809
160644.5,-83.379
160766.6,-83.755
160888.7,-83.227
161010.7,-82.736
161132.8,-83.049
161254.9,-83.419
161377.0,-83.539
161499.0,-83.446
161621.1,-83.205
161743.2,-82.754
161865.2,-82.575
161987.3,-82.642
162109.4,-83.068
162231.4,-83.138
162353.5,-82.895
162475.6,-82.667
162597.7,-82.335
162719.7,-82.360
162841.8,-83.084
162963.9,-83.325
163085.9,-82.840
163208.0,-82.023
163330.1,-81.943
163452.1,-82.283
163574.2,-82.768
163696.3,-82.875
163818.4,-82.569
163940.4,-81.986
164062.5,-81.597
164184.6,-82.034
164306.6,-82.540
164428.7,-82.600
164550.8,-82.621
164672.9,-83.009
164794.9,-83.506
164917.0,-84.062
165039.1,-83.257
165161.1,-82.373
165283.2,-82.271
165405.3,-82.280
165527.3,-82.530
165649.4,-82.609
165771.5,-82.704
165893.6,-83.389
166015.6,-83.831
166137.7,-83.673
166259.8,-83.619
166381.8,-83.055
166503.9,-82.566
166626.0,-82.729
166748.0,-83.065
166870.1,-83.745
166992.2,-83.936
167114.3,-83.352
167236.3,-83.264
167358.4,-82.880
167480.5,-83.023
167602.5,-82.924
167724.6,-82.992
167846.7,-82.711
167968.8,-82.366
168090.8,-82.481
168212.9,-83.049
168335.0,-82.657
168457.0,-82.520
168579.1,-83.176
168701.2,-83.349
168823.2,-83.233
168945.3,-82.806
169067.4,-82.755
169189.5,-82.876
169311.5,-82.384
169433.6,-82.091
169555.7,-82.353
169677.7,-82.515
169799.8,-82.436
169921.9,-82.515
170043.9,-82.851
170166.0,-83.006
170288.1,-82.352
170410.2,-82.187
170532.2,-82.132
170654.3,-82.340
170776.4,-82.313
170898.4,-82.238
171020.5,-82.498
171142.6,-82.650
171264.6,-82.566
171386.7,-82.258
171508.8,-82.443
171630.9,-82.494
171752.9,-82.298
171875.0,-81.910
171997.1,-81.980
172119.1,-82.337
172241.2,-82.406
172363.3,-82.249
172485.4,-81.876
172607.4,-81.673
172729.5,-82.022
172851.6,-82.864
172973.6,-83.078
173095.7,-83.007
173217.8,-82.774
173339.8,-83.031
173461.9,-83.237
173584.0,-83.109
173706.1,-82.977
173828.1,-82.571
173950.2,-82.512
174072.3,-82.800
174194.3,-83.063
174316.4,-82.667
174438.5,-82.697
174560.5,-82.923
174682.6,-83.080
174804.7,-82.723
174926.8,-81.940
175048.8,-81.581
175170.9,-81.944
175293.0,-82.546
175415.0,-83.105
175537.1,-82.921
175659.2,-83.215
175781.2,-82.745
175903.3,-82.130
176025.4,-82.320
176147.5,-83.134
176269.5,-83.800
176391.6,-83.367
176513.7,-82.679
176635.7,-82.534
176757.8,-82.153
176879.9,-82.406
177002.0,-82.595
177124.0,-82.862
177246.1,-82.469
177368.2,-82.063
177490.2,-82.062
177612.3,-82.642
177734.4,-83.015
177856.4,-82.791
177978.5,-82.822
178100.6,-83.258
178222.7,-83.584
178344.7,-83.259
178466.8,-82.961
178588.9,-82.849
178710.9,-82.528
178833.0,-82.762
178955.1,-82.971
179077.1,-82.863
179199.2,-82.772
179321.3,-82.253
179443.4,-82.179
179565.4,-82.517
179687.5,-82.357
179809.6,-82.369
179931.6,-82.702
180053.7,-83.212
180175.8,-82.978
180297.9,-82.711
180419.9,-82.770
180542.0,-82.859
180664.1,-82.767
180786.1,-82.523
180908.2,-82.513
181030.3,-82.738
181152.3,-82.754
181274.4,-82.369
181396.5,-82.332
181518.6,-82.353
181640.6,-81.724
181762.7,-81.914
181884.8,-82.709
182006.8,-82.628
182128.9,-81.996
182251.0,-81.797
182373.0,-81.569
182495.1,-81.213
182617.2,-81.608
182739.3,-82.274
182861.3,-82.432
182983.4,-82.049
183105.5,-81.808
183227.5,-81.752
183349.6,-81.842
183471.7,-82.069
183593.8,-82.078
183715.8,-82.232
183837.9,-82.367
183960.0,-82.615
184082.0,-82.600
184204.1,-82.503
184326.2,-82.889
184448.2,-82.834
184570.3,-82.241
184692.4,-82.177
184814.5,-82.102
184936.5,-82.641
185058.6,-83.185
185180.7,-83.154
185302.7,-82.883
185424.8,-82.648
185546.9,-82.522
185668.9,-82.231
185791.0,-82.035
185913.1,-82.321
186035.2,-82.695
186157.2,-82.804
186279.3,-83.032
186401.4,-83.055
186523.4,-83.367
186645.5,-83.411
186767.6,-82.802
186889.6,-82.394
187011.7,-82.149
187133.8,-82.055
187255.9,-82.288
187377.9,-82.775
187500.0,-82.310
187622.1,-82.658
187744.1,-83.067
187866.2,-83.062
187988.3,-83.108
188110.4,-82.816
188232.4,-82.735
188354.5,-82.244
188476.6,-81.989
188598.6,-82.347
188720.7,-83.197
188842.8,-83.976
188964.8,-83.626
189086.9,-82.986
189209.0,-83.210
189331.1,-82.977
189453.1,-82.350
189575.2,-81.771
189697.3,-82.167
189819.3,-82.760
189941.4,-83.093
190063.5,-82.622
190185.5,-82.528
190307.6,-82.509
190429.7,-82.022
190551.8,-82.066
190673.8,-81.806
190795.9,-82.060
190918.0,-82.301
191040.0,-82.520
191162.1,-82.815
191284.2,-82.476
191406.2,-82.016
191528.3,-81.968
191650.4,-81.993
191772.5,-82.369
191894.5,-82.541
192016.6,-82.883
192138.7,-82.976
192260.7,-82.664
192382.8,-82.840
192504.9,-82.645
192627.0,-82.320
192749.0,-82.473
192871.1,-82.631
192993.2,-82.911
193115.2,-82.626
193237.3,-82.308
193359.4,-82.446
193481.4,-83.106
193603.5,-83.083
193725.6,-82.604
193847.7,-82.874
193969.7,-82.920
194091.8,-82.243
194213.9,-82.135
194335.9,-82.121
194458.0,-81.331
194580.1,-80.199
194702.1,-79.821
194824.2,-80.378
194946.3,-80.987
195068.4,-81.378
195190.4,-81.561
195312.5,-81.657
195434.6,-81.411
195556.6,-81.157
195678.7,-81.237
195800.8,-81.379
195922.9,-81.625
196044.9,-81.716
196167.0,-81.701
196289.1,-81.918
196411.1,-82.122
196533.2,-81.725
196655.3,-81.563
196777.3,-81.694
196899.4,-81.750
197021.5,-81.803
197143.6,-81.968
197265.6,-81.938
197387.7,-81.798
197509.8,-81.266
197631.8,-81.314
197753.9,-81.726
197876.0,-82.280
197998.0,-82.340
198120.1,-82.183
198242.2,-82.186
198364.3,-82.060
198486.3,-82.220
198608.4,-82.853
198730.5,-83.004
198852.5,-82.530
198974.6,-82.175
199096.7,-82.029
199218.8,-82.202
199340.8,-82.388
199462.9,-82.238
199585.0,-82.325
199707.0,-82.091
199829.1,-81.740
199951.2,-82.079
200073.2,-82.376
200195.3,-82.610
200317.4,-82.747
200439.5,-83.056
200561.5,-83.045
200683.6,-82.421
200805.7,-81.802
200927.7,-81.943
201049.8,-82.239
201171.9,-82.476
201293.9,-82.663
201416.0,-83.119
201538.1,-82.995
201660.2,-82.691
201782.2,-82.248
201904.3,-82.602
202026.4,-82.597
202148.4,-82.731
202270.5,-82.855
202392.6,-82.614
202514.6,-82.155
202636.7,-81.836
202758.8,-81.816
202880.9,-82.072
203002.9,-82.244
203125.0,-82.610
203247.1,-82.944
203369.1,-82.896
203491.2,-82.725
203613.3,-82.626
203735.4,-82.694
203857.4,-82.357
203979.5,-82.458
204101.6,-82.836
204223.6,-82.652
204345.7,-82.725
204467.8,-83.013
204589.8,-82.693
204711.9,-82.581
204834.0,-82.440
204956.1,-82.125
205078.1,-82.271
205200.2,-82.515
205322.3,-82.476
205444.3,-82.339
205566.4,-82.277
205688.5,-82.246
205810.5,-82.590
205932.6,-82.345
206054.7,-82.376
206176.8,-82.553
206298.8,-82.313
206420.9,-81.982
206543.0,-81.757
206665.0,-81.896
206787.1,-82.558
206909.2,-82.780
207031.2,-82.646
207153.3,-82.708
207275.4,-82.519
207397.5,-82.334
207519.5,-82.479
207641.6,-82.691
207763.7,-82.829
207885.7,-82.472
208007.8,-82.234
208129.9,-82.478
208252.0,-82.336
208374.0,-82.203
208496.1,-82.399
208618.2,-82.992
208740.2,-82.900
208862.3,-82.313
208984.4,-82.197
209106.4,-81.895
209228.5,-81.906
209350.6,-82.156
209472.7,-82.600
209594.7,-83.140
209716.8,-83.305
209838.9,-83.308
209960.9,-83.449
210083.0,-82.873
210205.1,-82.423
210327.1,-82.057
210449.2,-81.794
210571.3,-81.723
210693.4,-82.123
210815.4,-82.663
210937.5,-82.816
211059.6,-82.781
211181.6,-82.980
211303.7,-83.335
211425.8,-82.142
211547.9,-81.527
211669.9,-82.362
211792.0,-82.967
211914.1,-83.309
212036.1,-83.521
212158.2,-83.192
212280.3,-83.086
212402.3,-82.730
212524.4,-82.693
212646.5,-82.530
212768.6,-82.490
212890.6,-82.716
213012.7,-82.153
213134.8,-81.932
213256.8,-82.003
213378.9,-82.345
213501.0,-82.448
213623.0,-82.549
213745.1,-82.822
213867.2,-83.185
213989.3,-83.303
214111.3,-82.371
214233.4,-82.228
214355.5,-81.788
214477.5,-81.912
214599.6,-82.490
214721.7,-82.384
214843.8,-82.487
214965.8,-82.423
215087.9,-82.130
215210.0,-82.681
215332.0,-83.150
215454.1,-83.284
215576.2,-82.919
215698.2,-82.753
215820.3,-82.607
215942.4,-82.674
216064.5,-83.084
216186.5,-83.817
216308.6,-83.785
216430.7,-83.694
216552.7,-83.658
216674.8,-83.724
216796.9,-83.829
216918.9,-83.124
217041.0,-82.566
217163.1,-82.366
217285.2,-81.807
217407.2,-81.796
217529.3,-82.245
217651.4,-82.400
217773.4,-81.665
217895.5,-80.717
218017.6,-80.780
218139.6,-81.999
218261.7,-83.012
218383.8,-82.282
218505.9,-82.150
218627.9,-81.732
218750.0,-81.663
218872.1,-81.855
218994.1,-81.997
219116.2,-82.114
219238.3,-82.328
219360.4,-83.026
219482.4,-82.979
219604.5,-82.565
219726.6,-82.400
219848.6,-82.480
219970.7,-82.294
220092.8,-82.263
220214.8,-82.534
220336.9,-82.625
220459.0,-82.429
220581.1,-82.725
220703.1,-82.799
220825.2,-82.593
220947.3,-82.648
221069.3,-83.166
221191.4,-82.904
221313.5,-82.689
221435.5,-82.484
221557.6,-82.825
221679.7,-82.562
221801.8,-82.173
221923.8,-81.941
222045.9,-81.573
222168.0,-81.675
222290.0,-82.135
222412.1,-82.413
222534.2,-82.864
222656.2,-82.966
222778.3,-82.627
222900.4,-82.221
223022.5,-82.205
223144.5,-82.588
223266.6,-82.908
223388.7,-83.093
223510.7,-83.218
223632.8,-83.255
223754.9,-83.386
223877.0,-83.266
223999.0,-83.072
224121.1,-83.230
224243.2,-83.783
224365.2,-84.230
224487.3,-83.830
224609.4,-82.767
224731.4,-82.643
224853.5,-83.233
224975.6,-83.271
225097.7,-83.210
225219.7,-82.739
225341.8,-82.374
225463.9,-82.564
225585.9,-82.771
225708.0,-83.217
225830.1,-83.575
225952.1,-83.563
226074.2,-83.578
226196.3,-83.644
226318.4,-83.780
226440.4,-83.791
226562.5,-83.269
226684.6,-82.801
226806.6,-83.201
226928.7,-83.090
227050.8,-83.287
227172.9,-83.497
227294.9,-82.891
227417.0,-82.698
227539.1,-82.883
227661.1,-82.801
227783.2,-82.919
227905.3,-82.932
228027.3,-82.628
228149.4,-82.340
228271.5,-82.278
228393.6,-82.757
228515.6,-82.889
228637.7,-82.327
228759.8,-81.655
228881.8,-81.535
229003.9,-81.881
229126.0,-82.575
229248.0,-82.858
229370.1,-82.469
229492.2,-82.398
229614.3,-82.447
229736.3,-82.696
229858.4,-82.917
229980.5,-82.593
230102.5,-82.269
230224.6,-82.028
230346.7,-82.206
230468.8,-82.790
230590.8,-83.043
230712.9,-83.423
230835.0,-82.730
230957.0,-82.055
231079.1,-81.947
231201.2,-82.524
231323.2,-82.824
231445.3,-82.587
231567.4,-82.111
231689.5,-81.706
231811.5,-81.942
231933.6,-82.615
232055.7,-83.236
232177.7,-83.127
232299.8,-83.179
232421.9,-83.079
232543.9,-82.558
232666.0,-82.498
232788.1,-82.181
232910.2,-81.965
233032.2,-82.131
233154.3,-82.122
233276.4,-82.914
233398.4,-82.950
233520.5,-82.214
233642.6,-81.793
233764.6,-81.823
233886.7,-82.501
234008.8,-82.567
234130.9,-81.414
234252.9,-81.254
234375.0,-81.537
234497.1,-82.337
234619.1,-82.357
234741.2,-81.232
234863.3,-80.545
234985.4,-80.694
235107.4,-81.105
235229.5,-81.749
235351.6,-82.289
235473.6,-82.621
235595.7,-82.874
235717.8,-82.440
235839.8,-81.627
235961.9,-81.689
236084.0,-81.824
236206.1,-82.029
236328.1,-82.012
236450.2,-82.169
236572.3,-82.528
236694.3,-82.228
236816.4,-82.411
236938.5,-82.816
237060.5,-82.749
237182.6,-83.262
237304.7,-83.380
237426.8,-82.940
237548.8,-82.587
237670.9,-82.708
237793.0,-83.125
237915.0,-83.230
238037.1,-82.773
238159.2,-82.056
238281.2,-81.692
238403.3,-82.102
238525.4,-82.504
238647.5,-83.221
238769.5,-83.653
238891.6,-83.385
239013.7,-82.723
239135.7,-82.300
239257.8,-81.799
239379.9,-81.602
239502.0,-81.834
239624.0,-82.134
239746.1,-82.489
239868.2,-82.495
239990.2,-82.748
240112.3,-83.549
240234.4,-83.516
240356.4,-83.316
240478.5,-83.084
240600.6,-82.687
240722.7,-82.574
240844.7,-82.592
240966.8,-82.594
241088.9,-82.781
241210.9,-83.115
241333.0,-83.113
241455.1,-83.287
241577.1,-83.362
241699.2,-83.462
241821.3,-82.744
241943.4,-82.480
242065.4,-83.542
242187.5,-83.680
242309.6,-83.368
242431.6,-83.737
242553.7,-83.786
242675.8,-84.287
242797.9,-84.102
242919.9,-83.566
243042.0,-83.351
243164.1,-82.671
243286.1,-82.702
243408.2,-82.960
243530.3,-82.551
243652.3,-82.424
243774.4,-82.211
243896.5,-82.407
244018.6,-82.762
244140.6,-82.877
244262.7,-82.699
244384.8,-82.147
244506.8,-81.586
244628.9,-81.509
244751.0,-82.046
244873.0,-82.204
244995.1,-82.548
245117.2,-82.565
245239.3,-82.800
245361.3,-83.030
245483.4,-83.009
245605.5,-83.101
245727.5,-82.746
245849.6,-82.659
245971.7,-82.935
246093.8,-83.283
246215.8,-83.960
246337.9,-83.834
246460.0,-83.353
246582.0,-83.278
246704.1,-83.522
246826.2,-83.492
246948.2,-83.222
247070.3,-82.868
247192.4,-82.752
247314.5,-82.596
247436.5,-82.523
247558.6,-82.648
247680.7,-82.549
247802.7,-82.976
247924.8,-83.174
248046.9,-83.022
248168.9,-83.089
248291.0,-82.946
248413.1,-82.394
248535.2,-81.997
248657.2,-81.886
248779.3,-81.921
248901.4,-81.420
249023.4,-81.042
249145.5,-82.008
249267.6,-81.776
249389.6,-81.150
249511.7,-80.728
249633.8,-81.144
249755.9,-82.073
249877.9,-73.721
250000.0,-68.322
250122.1,-73.860
250244.1,-81.643
250366.2,-81.537
250488.3,-81.301
250610.4,-81.219
250732.4,-81.463
250854.5,-81.233
250976.6,-81.028
251098.6,-81.652
251220.7,-81.283
251342.8,-80.989
251464.8,-81.321
251586.9,-81.842
251709.0,-82.533
251831.1,-83.060
251953.1,-82.720
252075.2,-83.217
252197.3,-83.096
252319.3,-82.714
252441.4,-82.193
252563.5,-81.464
252685.5,-82.070
252807.6,-82.483
252929.7,-82.859
253051.8,-82.515
253173.8,-82.298
253295.9,-82.187
253418.0,-81.972
253540.0,-82.417
253662.1,-82.697
253784.2,-82.605
253906.2,-81.841
254028.3,-81.639
254150.4,-81.758
254272.5,-81.689
254394.5,-82.033
254516.6,-81.922
254638.7,-82.054
254760.7,-82.337
254882.8,-82.303
255004.9,-81.831
255127.0,-81.941
255249.0,-82.472
255371.1,-82.441
255493.2,-82.234
255615.2,-81.782
255737.3,-81.542
255859.4,-81.320
255981.4,-81.451
256103.5,-81.987
256225.6,-82.583
256347.7,-82.505
256469.7,-82.897
256591.8,-83.597
256713.9,-83.795
256835.9,-83.566
256958.0,-83.082
257080.1,-83.111
257202.1,-83.121
257324.2,-83.683
257446.3,-83.428
257568.4,-83.107
257690.4,-83.310
257812.5,-83.354
257934.6,-83.234
258056.6,-82.992
258178.7,-82.638
258300.8,-82.609
258422.9,-82.178
258544.9,-82.399
258667.0,-82.150
258789.1,-81.724
258911.1,-82.343
259033.2,-82.555
259155.3,-82.343
259277.3,-82.635
259399.4,-82.806
259521.5,-82.346
259643.6,-81.927
259765.6,-82.085
259887.7,-82.391
260009.8,-82.029
260131.8,-81.375
260253.9,-81.631
260376.0,-82.251
260498.0,-82.809
260620.1,-82.425
260742.2,-81.999
260864.3,-82.246
260986.3,-81.460
261108.4,-81.442
261230.5,-81.870
261352.5,-81.867
261474.6,-82.189
261596.7,-82.409
261718.8,-82.453
261840.8,-82.331
261962.9,-82.498
262085.0,-82.485
262207.0,-82.620
262329.1,-82.878
262451.2,-83.352
262573.2,-83.121
262695.3,-82.706
262817.4,-82.688
262939.5,-82.117
263061.5,-82.367
263183.6,-82.876
263305.7,-82.940
263427.7,-82.846
263549.8,-82.784
263671.9,-82.587
263793.9,-82.706
263916.0,-82.892
264038.1,-83.239
264160.2,-82.855
264282.2,-82.318
264404.3,-82.367
264526.4,-82.184
264648.4,-82.804
264770.5,-82.942
264892.6,-83.174
265014.6,-83.261
265136.7,-82.855
265258.8,-83.028
265380.9,-83.157
265502.9,-83.100
265625.0,-83.170
265747.1,-82.729
265869.1,-82.633
265991.2,-82.360
266113.3,-82.107
266235.4,-81.954
266357.4,-82.371
266479.5,-82.936
266601.6,-83.457
266723.6,-83.426
266845.7,-82.592
266967.8,-82.862
267089.8,-82.752
267211.9,-82.795
267334.0,-83.068
267456.1,-82.813
267578.1,-82.815
267700.2,-82.827
267822.3,-82.799
267944.3,-82.981
268066.4,-82.527
268188.5,-82.590
268310.5,-82.726
268432.6,-82.853
268554.7,-83.292
268676.8,-82.780
268798.8,-82.017
268920.9,-82.048
269043.0,-82.221
269165.0,-82.355
269287.1,-82.375
269409.2,-81.744
269531.2,-82.040
269653.3,-82.739
269775.4,-82.991
269897.5,-82.363
270019.5,-81.892
270141.6,-81.954
270263.7,-81.995
270385.7,-81.489
270507.8,-81.543
270629.9,-81.591
270752.0,-81.755
270874.0,-81.759
270996.1,-81.575
271118.2,-81.914
271240.2,-82.566
271362.3,-82.761
271484.4,-82.435
271606.4,-82.094
271728.5,-81.800
271850.6,-82.537
271972.7,-82.982
272094.7,-82.810
272216.8,-82.797
272338.9,-82.479
272460.9,-82.303
272583.0,-82.353
272705.1,-82.424
272827.1,-83.140
272949.2,-83.643
273071.3,-83.120
273193.4,-82.243
273315.4,-81.618
273437.5,-82.147
273559.6,-82.453
273681.6,-82.070
273803.7,-82.190
273925.8,-82.214
274047.9,-82.209
274169.9,-82.494
274292.0,-82.819
274414.1,-82.951
274536.1,-83.174
274658.2,-82.935
274780.3,-82.315
274902.3,-82.262
275024.4,-82.670
275146.5,-82.783
275268.6,-83.208
275390.6,-83.030
275512.7,-82.768
275634.8,-82.838
275756.8,-82.523
275878.9,-81.575
276001.0,-81.435
276123.0,-82.120
276245.1,-82.681
276367.2,-82.286
276489.3,-81.934
276611.3,-81.989
276733.4,-82.534
276855.5,-82.891
276977.5,-82.999
277099.6,-83.229
277221.7,-82.700
277343.8,-82.410
277465.8,-82.365
277587.9,-82.060
277710.0,-82.042
277832.0,-81.774
277954.1,-81.757
278076.2,-82.331
278198.2,-82.534
278320.3,-83.119
278442.4,-83.248
278564.5,-83.296
278686.5,-83.406
278808.6,-82.923
278930.7,-82.739
279052.7,-82.914
279174.8,-82.699
279296.9,-82.507
279418.9,-82.512
279541.0,-82.713
279663.1,-82.574
279785.2,-82.445
279907.2,-82.692
280029.3,-82.698
280151.4,-82.796
280273.4,-83.338
280395.5,-83.413
280517.6,-82.676
280639.6,-82.217
280761.7,-82.156
280883.8,-82.712
281005.9,-83.009
281127.9,-82.312
281250.0,-82.215
281372.1,-82.348
281494.1,-82.073
281616.2,-81.890
281738.3,-82.045
281860.4,-82.329
281982.4,-82.360
282104.5,-82.108
282226.6,-82.175
282348.6,-82.007
282470.7,-81.888
282592.8,-81.653
282714.8,-81.478
282836.9,-81.855
282959.0,-81.892
283081.1,-81.933
283203.1,-82.304
283325.2,-82.765
283447.3,-82.295
283569.3,-81.812
283691.4,-81.702
283813.5,-81.673
283935.5,-81.419
284057.6,-81.503
284179.7,-81.657
284301.8,-82.049
284423.8,-82.206
284545.9,-82.423
284668.0,-82.257
284790.0,-82.379
284912.1,-82.245
285034.2,-81.751
285156.2,-82.227
285278.3,-82.703
285400.4,-82.846
285522.5,-82.507
285644.5,-82.242
285766.6,-82.413
285888.7,-82.361
286010.7,-82.528
286132.8,-82.636
286254.9,-82.724
286377.0,-82.892
286499.0,-83.017
286621.1,-82.329
286743.2,-82.582
286865.2,-82.787
286987.3,-82.537
287109.4,-82.272
287231.4,-81.897
287353.5,-82.053
287475.6,-82.106
287597.7,-81.920
287719.7,-81.790
287841.8,-81.944
287963.9,-82.166
288085.9,-82.101
288208.0,-81.652
288330.1,-81.697
288452.1,-82.067
288574.2,-82.758
288696.3,-83.361
288818.4,-83.071
288940.4,-82.866
289062.5,-82.719
289184.6,-82.065
289306.6,-81.942
289428.7,-82.180
289550.8,-82.353
289672.9,-81.675
289794.9,-81.148
289917.0,-81.047
290039.1,-81.275
290161.1,-81.981
290283.2,-82.650
290405.3,-83.397
290527.3,-83.262
290649.4,-82.963
290771.5,-82.511
290893.6,-82.435
291015.6,-82.574
291137.7,-81.935
291259.8,-81.622
291381.8,-81.905
291503.9,-82.010
291626.0,-81.864
291748.0,-81.598
291870.1,-82.216
291992.2,-82.739
292114.3,-82.393
292236.3,-82.030
292358.4,-82.444
292480.5,-83.026
292602.5,-83.007
292724.6,-82.836
292846.7,-82.607
292968.8,-83.243
293090.8,-83.375
293212.9,-83.099
293335.0,-82.340
293457.0,-82.309
293579.1,-82.690
293701.2,-82.877
293823.2,-82.605
293945.3,-82.817
294067.4,-82.643
294189.5,-82.841
294311.5,-82.901
294433.6,-82.720
294555.7,-82.729
294677.7,-82.486
294799.8,-82.643
294921.9,-82.771
295043.9,-82.367
295166.0,-82.295
295288.1,-83.177
295410.2,-84.139
295532.2,-84.421
295654.3,-83.705
295776.4,-83.629
295898.4,-83.457
296020.5,-82.929
296142.6,-82.971
296264.6,-83.321
296386.7,-82.998
296508.8,-83.254
296630.9,-83.326
296752.9,-83.663
296875.0,-83.480
296997.1,-83.285
297119.1,-83.126
297241.2,-82.894
297363.3,-82.713
297485.4,-82.612
297607.4,-82.737
297729.5,-83.480
297851.6,-83.587
297973.6,-83.575
298095.7,-83.365
298217.8,-82.852
298339.8,-82.768
298461.9,-82.987
298584.0,-82.778
298706.1,-82.562
298828.1,-82.507
298950.2,-82.067
299072.3,-82.089
299194.3,-82.475
299316.4,-82.853
299438.5,-83.377
299560.5,-83.175
299682.6,-83.091
299804.7,-83.073
299926.8,-82.934
300048.8,-82.958
300170.9,-82.662
300293.0,-82.510
300415.0,-83.009
300537.1,-83.451
300659.2,-83.359
300781.2,-83.033
300903.3,-82.862
301025.4,-83.380
301147.5,-83.287
301269.5,-83.126
301391.6,-82.757
301513.7,-83.076
301635.7,-83.137
301757.8,-83.046
301879.9,-83.105
302002.0,-83.596
302124.0,-83.923
302246.1,-83.945
302368.2,-83.475
302490.2,-83.119
302612.3,-83.622
302734.4,-84.031
302856.4,-84.110
302978.5,-84.130
303100.6,-83.470
303222.7,-83.087
303344.7,-82.836
303466.8,-83.124
303588.9,-83.642
303710.9,-83.452
303833.0,-82.716
303955.1,-82.535
304077.1,-82.697
304199.2,-83.270
304321.3,-83.637
304443.4,-83.189
304565.4,-82.956
304687.5,-83.086
304809.6,-83.710
304931.6,-83.043
305053.7,-82.423
305175.8,-82.755
305297.9,-82.561
305419.9,-82.314
305542.0,-82.929
305664.1,-82.943
305786.1,-83.013
305908.2,-84.256
306030.3,-84.482
306152.3,-83.767
306274.4,-83.335
306396.5,-82.921
306518.6,-82.907
306640.6,-82.490
306762.7,-82.191
306884.8,-82.621
307006.8,-82.860
307128.9,-83.086
307251.0,-82.809
307373.0,-82.739
307495.1,-83.081
307617.2,-83.895
307739.3,-84.230
307861.3,-83.781
307983.4,-83.259
308105.5,-83.084
308227.5,-83.250
308349.6,-83.235
308471.7,-83.448
308593.8,-83.247
308715.8,-83.053
308837.9,-83.249
308960.0,-83.048
309082.0,-83.047
309204.1,-82.206
309326.2,-81.603
309448.2,-81.902
309570.3,-82.492
309692.4,-83.371
309814.5,-84.020
309936.5,-83.537
310058.6,-83.355
310180.7,-82.676
310302.7,-82.572
310424.8,-83.512
310546.9,-83.973
310668.9,-83.865
310791.0,-83.610
310913.1,-83.593
311035.2,-83.490
311157.2,-82.932
311279.3,-82.596
311401.4,-82.535
311523.4,-82.816
311645.5,-82.688
311767.6,-82.597
311889.6,-82.634
312011.7,-82.931
312133.8,-82.995
312255.9,-82.816
312377.9,-83.141
312500.0,-82.753
312622.1,-82.807
312744.1,-83.011
312866.2,-83.080
312988.3,-83.100
313110.4,-82.788
313232.4,-82.772
313354.5,-83.151
313476.6,-83.152
313598.6,-82.969
313720.7,-82.653
313842.8,-82.608
313964.8,-82.285
314086.9,-82.278
314209.0,-82.336
314331.1,-82.695
314453.1,-83.004
314575.2,-83.238
314697.3,-82.935
314819.3,-82.456
314941.4,-82.022
315063.5,-82.407
315185.5,-83.205
315307.6,-83.676
315429.7,-83.295
315551.8,-83.034
315673.8,-83.093
315795.9,-82.874
315918.0,-83.199
316040.0,-83.010
316162.1,-83.239
316284.2,-83.474
316406.2,-82.892
316528.3,-82.520
316650.4,-82.294
316772.5,-82.331
316894.5,-82.406
317016.6,-82.626
317138.7,-82.707
317260.7,-82.528
317382.8,-82.459
317504.9,-82.509
317627.0,-82.676
317749.0,-82.981
317871.1,-83.592
317993.2,-83.636
318115.2,-83.363
318237.3,-83.295
318359.4,-82.925
318481.4,-83.241
318603.5,-83.500
318725.6,-82.761
318847.7,-82.357
318969.7,-82.628
319091.8,-83.263
319213.9,-83.347
319335.9,-82.878
319458.0,-82.137
319580.1,-81.816
319702.1,-82.544
319824.2,-82.773
319946.3,-82.904
320068.4,-82.709
320190.4,-82.292
320312.5,-81.952
320434.6,-82.146
320556.6,-82.546
320678.7,-82.853
320800.8,-82.774
320922.9,-82.411
321044.9,-82.237
321167.0,-82.487
321289.1,-82.806
321411.1,-82.625
321533.2,-82.302
321655.3,-82.352
321777.3,-82.779
321899.4,-82.539
322021.5,-82.365
322143.6,-82.775
322265.6,-82.910
322387.7,-82.732
322509.8,-82.622
322631.8,-82.584
322753.9,-82.531
322876.0,-82.527
322998.0,-82.715
323120.1,-82.646
323242.2,-82.736
323364.3,-82.577
323486.3,-82.852
323608.4,-82.872
323730.5,-82.860
323852.5,-82.415
323974.6,-82.196
324096.7,-82.651
324218.8,-82.876
324340.8,-82.773
324462.9,-82.140
324585.0,-81.979
324707.0,-82.084
324829.1,-81.968
324951.2,-81.883
325073.2,-82.027
325195.3,-81.955
325317.4,-82.009
325439.5,-81.776
325561.5,-82.073
325683.6,-82.001
325805.7,-81.619
325927.7,-81.464
326049.8,-81.675
326171.9,-81.679
326293.9,-81.631
326416.0,-82.148
326538.1,-82.557
326660.2,-82.482
326782.2,-81.316
326904.3,-80.817
327026.4,-81.148
327148.4,-81.549
327270.5,-81.754
327392.6,-82.285
327514.6,-82.202
327636.7,-81.867
327758.8,-81.232
327880.9,-81.470
328002.9,-81.580
328125.0,-81.426
328247.1,-81.441
328369.1,-81.227
328491.2,-81.160
328613.3,-81.501
328735.4,-81.868
328857.4,-82.118
328979.5,-82.133
329101.6,-81.979
329223.6,-81.844
329345.7,-82.112
329467.8,-81.881
329589.8,-81.550
329711.9,-81.472
329834.0,-81.710
329956.1,-82.096
330078.1,-82.277
330200.2,-82.657
330322.3,-82.415
330444.3,-82.831
330566.4,-83.433
330688.5,-83.424
330810.5,-82.836
330932.6,-82.620
331054.7,-82.758
331176.8,-82.853
331298.8,-82.814
331420.9,-83.239
331543.0,-83.263
331665.0,-82.707
331787.1,-82.441
331909.2,-82.576
332031.2,-82.909
332153.3,-82.969
332275.4,-83.271
332397.5,-83.422
332519.5,-83.293
332641.6,-82.918
332763.7,-82.519
332885.7,-82.264
333007.8,-82.285
333129.9,-82.525
333252.0,-82.590
333374.0,-82.977
333496.1,-82.898
333618.2,-82.436
333740.2,-82.607
333862.3,-83.076
333984.4,-83.249
334106.4,-82.751
334228.5,-82.474
334350.6,-82.613
334472.7,-83.185
334594.7,-83.061
334716.8,-82.774
334838.9,-82.513
334960.9,-82.668
335083.0,-83.291
335205.1,-83.748
335327.1,-83.573
335449.2,-82.938
335571.3,-82.493
335693.4,-82.159
335815.4,-81.646
335937.5,-81.298
336059.6,-81.662
336181.6,-82.106
336303.7,-82.623
336425.8,-83.065
336547.9,-82.897
336669.9,-82.585
336792.0,-82.046
336914.1,-82.118
337036.1,-82.741
337158.2,-82.563
337280.3,-82.397
337402.3,-82.419
337524.4,-82.772
337646.5,-82.553
337768.6,-82.400
337890.6,-82.404
338012.7,-82.571
338134.8,-82.929
338256.8,-83.284
338378.9,-83.350
338501.0,-83.054
338623.0,-82.903
338745.1,-83.129
338867.2,-83.025
338989.3,-83.273
339111.3,-83.140
339233.4,-82.536
339355.5,-82.730
339477.5,-82.871
339599.6,-83.041
339721.7,-83.117
339843.8,-83.074
339965.8,-82.446
340087.9,-81.955
340210.0,-82.238
340332.0,-82.408
340454.1,-82.786
340576.2,-82.874
340698.2,-82.656
340820.3,-82.746
340942.4,-83.075
341064.5,-83.417
341186.5,-83.682
341308.6,-83.785
341430.7,-83.469
341552.7,-83.238
341674.8,-83.089
341796.9,-82.784
341918.9,-82.758
342041.0,-82.474
342163.1,-82.543
342285.2,-82.504
342407.2,-82.513
342529.3,-82.729
342651.4,-82.970
342773.4,-83.114
342895.5,-82.983
343017.6,-82.735
343139.6,-82.847
343261.7,-82.520
343383.8,-82.451
343505.9,-82.898
343627.9,-83.115
343750.0,-83.407
343872.1,-83.296
343994.1,-83.258
344116.2,-83.100
344238.3,-82.714
344360.4,-82.520
344482.4,-82.581
344604.5,-82.823
344726.6,-82.639
344848.6,-82.849
344970.7,-83.005
345092.8,-82.301
345214.8,-82.373
345336.9,-83.116
345459.0,-83.195
345581.1,-83.325
345703.1,-83.170
345825.2,-82.735
345947.3,-82.284
346069.3,-82.260
346191.4,-82.247
346313.5,-82.204
346435.5,-81.996
346557.6,-82.497
346679.7,-83.236
346801.8,-83.463
346923.8,-83.237
347045.9,-82.588
347168.0,-82.131
347290.0,-82.077
347412.1,-82.247
347534.2,-82.939
347656.2,-83.874
347778.3,-83.730
347900.4,-82.787
348022.5,-82.246
348144.5,-82.423
348266.6,-82.806
348388.7,-83.100
348510.7,-82.948
348632.8,-83.535
348754.9,-83.486
348877.0,-83.242
348999.0,-82.977
349121.1,-82.792
349243.2,-83.153
349365.2,-83.438
349487.3,-83.010
349609.4,-83.076
349731.4,-83.562
349853.5,-83.536
349975.6,-83.500
350097.7,-83.274
350219.7,-82.829
350341.8,-82.770
350463.9,-82.615
350585.9,-83.059
350708.0,-83.435
350830.1,-83.786
350952.1,-83.260
351074.2,-82.993
351196.3,-83.197
351318.4,-83.806
351440.4,-83.773
351562.5,-83.897
351684.6,-83.876
351806.6,-83.638
351928.7,-83.597
352050.8,-83.737
352172.9,-84.196
352294.9,-84.096
352417.0,-83.510
352539.1,-83.507
352661.1,-83.517
352783.2,-83.594
352905.3,-83.234
353027.3,-83.152
353149.4,-83.531
353271.5,-83.440
353393.6,-83.173
353515.6,-82.714
353637.7,-82.289
353759.8,-82.477
353881.8,-82.710
354003.9,-82.801
354126.0,-82.796
354248.0,-82.825
354370.1,-82.892
354492.2,-83.502
354614.3,-83.437
354736.3,-83.465
354858.4,-83.629
354980.5,-83.229
355102.5,-82.885
355224.6,-82.350
355346.7,-82.525
355468.8,-82.196
355590.8,-81.742
355712.9,-81.582
355835.0,-81.633
355957.0,-82.287
356079.1,-83.025
356201.2,-83.570
356323.2,-83.249
356445.3,-82.839
356567.4,-82.852
356689.5,-82.794
356811.5,-82.440
356933.6,-82.328
357055.7,-82.553
357177.7,-82.852
357299.8,-82.717
357421.9,-82.275
357543.9,-82.191
357666.0,-82.278
357788.1,-82.415
357910.2,-82.787
358032.2,-82.999
358154.3,-82.857
358276.4,-82.404
358398.4,-82.093
358520.5,-82.140
358642.6,-82.565
358764.6,-82.702
358886.7,-82.990
359008.8,-83.105
359130.9,-82.931
359252.9,-83.016
359375.0,-83.199
359497.1,-83.064
359619.1,-83.117
359741.2,-83.067
359863.3,-82.883
359985.4,-82.829
360107.4,-82.745
360229.5,-82.437
360351.6,-82.283
360473.6,-82.166
360595.7,-82.557
360717.8,-82.952
360839.8,-83.298
360961.9,-83.970
361084.0,-84.004
361206.1,-83.820
361328.1,-83.631
361450.2,-83.160
361572.3,-83.022
361694.3,-82.972
361816.4,-82.890
361938.5,-82.853
362060.5,-82.794
362182.6,-82.885
362304.7,-83.362
362426.8,-83.724
362548.8,-83.835
362670.9,-83.376
362793.0,-83.045
362915.0,-83.189
363037.1,-82.906
363159.2,-82.791
363281.2,-82.844
363403.3,-82.715
363525.4,-82.368
363647.5,-82.144
363769.5,-82.023
363891.6,-82.671
364013.7,-83.096
364135.7,-83.030
364257.8,-83.102
364379.9,-82.930
364502.0,-83.358
364624.0,-83.441
364746.1,-83.280
364868.2,-82.887
364990.2,-83.179
365112.3,-83.630
365234.4,-83.684
365356.4,-83.615
365478.5,-83.496
365600.6,-83.618
365722.7,-83.780
365844.7,-83.587
365966.8,-83.249
366088.9,-83.215
366210.9,-83.504
366333.0,-83.546
366455.1,-82.980
366577.1,-82.694
366699.2,-82.547
366821.3,-82.537
366943.4,-82.783
367065.4,-82.775
367187.5,-83.111
367309.6,-83.210
367431.6,-82.768
367553.7,-82.489
367675.8,-82.771
367797.9,-82.787
367919.9,-82.088
368042.0,-81.382
368164.1,-81.553
368286.1,-81.967
368408.2,-82.603
368530.3,-82.419
368652.3,-82.186
368774.4,-82.189
368896.5,-81.986
369018.6,-82.114
369140.6,-81.985
369262.7,-81.823
369384.8,-81.951
369506.8,-82.373
369628.9,-82.180
369751.0,-81.533
369873.0,-81.771
369995.1,-81.957
370117.2,-82.362
370239.3,-82.503
370361.3,-82.213
370483.4,-82.028
370605.5,-82.010
370727.5,-81.830
370849.6,-81.576
370971.7,-81.557
371093.8,-81.153
371215.8,-80.587
371337.9,-80.687
371460.0,-81.380
371582.0,-82.209
371704.1,-82.174
371826.2,-82.027
371948.2,-81.925
372070.3,-82.148
372192.4,-82.569
372314.5,-82.288
372436.5,-82.312
372558.6,-82.607
372680.7,-82.820
372802.7,-82.455
372924.8,-82.341
373046.9,-82.541
373168.9,-82.664
373291.0,-82.535
373413.1,-82.338
373535.2,-82.325
373657.2,-82.277
373779.3,-82.556
373901.4,-82.013
374023.4,-81.576
374145.5,-82.051
374267.6,-82.582
374389.6,-82.494
374511.7,-82.253
374633.8,-82.426
374755.9,-82.478
374877.9,-82.204
375000.0,-82.084
375122.1,-82.290
375244.1,-82.374
375366.2,-81.965
375488.3,-81.508
375610.4,-81.276
375732.4,-81.104
375854.5,-81.248
375976.6,-81.381
376098.6,-81.492
376220.7,-81.964
376342.8,-81.929
376464.8,-81.588
376586.9,-81.437
376709.0,-81.190
376831.1,-80.667
376953.1,-80.664
377075.2,-80.920
377197.3,-80.952
377319.3,-81.298
377441.4,-81.714
377563.5,-81.608
377685.5,-81.415
377807.6,-81.184
377929.7,-81.296
378051.8,-81.464
378173.8,-81.497
378295.9,-81.643
378418.0,-81.980
378540.0,-81.958
378662.1,-81.610
378784.2,-81.046
378906.2,-81.084
379028.3,-81.320
379150.4,-81.913
379272.5,-81.963
379394.5,-81.568
379516.6,-81.359
379638.7,-81.517
379760.7,-82.049
379882.8,-82.716
380004.9,-82.972
380127.0,-82.912
380249.0,-82.556
380371.1,-82.480
380493.2,-82.431
380615.2,-82.253
380737.3,-82.050
380859.4,-82.490
380981.4,-83.065
381103.5,-83.126
381225.6,-82.938
381347.7,-83.055
381469.7,-83.373
381591.8,-82.962
381713.9,-82.493
381835.9,-82.337
381958.0,-82.319
382080.1,-82.611
382202.1,-82.647
382324.2,-82.428
382446.3,-82.149
382568.4,-82.489
382690.4,-82.820
382812.5,-82.385
382934.6,-81.658
383056.6,-81.218
383178.7,-81.446
383300.8,-82.012
383422.9,-82.295
383544.9,-81.969
383667.0,-81.556
383789.1,-81.621
383911.1,-81.819
384033.2,-82.095
384155.3,-82.065
384277.3,-82.157
384399.4,-82.467
384521.5,-83.010
384643.6,-83.279
384765.6,-82.564
384887.7,-82.132
385009.8,-81.762
385131.8,-81.686
385253.9,-82.137
385376.0,-82.566
385498.0,-82.186
385620.1,-81.721
385742.2,-81.678
385864.3,-81.769
385986.3,-82.249
386108.4,-82.475
386230.5,-82.364
386352.5,-83.013
386474.6,-83.210
386596.7,-82.860
386718.8,-82.237
386840.8,-81.975
386962.9,-82.329
387085.0,-82.627
387207.0,-82.168
387329.1,-81.887
387451.2,-81.930
387573.2,-81.440
387695.3,-81.736
387817.4,-82.187
387939.5,-82.527
388061.5,-82.557
388183.6,-82.469
388305.7,-82.353
388427.7,-82.498
388549.8,-82.240
388671.9,-82.201
388793.9,-82.583
388916.0,-83.516
389038.1,-83.578
389160.2,-83.036
389282.2,-82.916
389404.3,-82.758
389526.4,-82.715
389648.4,-82.154
389770.5,-82.099
389892.6,-82.517
390014.6,-82.669
390136.7,-82.656
390258.8,-82.592
390380.9,-82.792
390502.9,-82.843
390625.0,-82.310
390747.1,-82.094
390869.1,-82.202
390991.2,-82.747
391113.3,-83.268
391235.4,-83.314
391357.4,-83.001
391479.5,-82.706
391601.6,-82.646
391723.6,-83.028
391845.7,-83.274
391967.8,-83.347
392089.8,-83.003
392211.9,-82.801
392334.0,-83.138
392456.1,-83.374
392578.1,-83.380
392700.2,-83.041
392822.3,-83.089
392944.3,-82.880
393066.4,-83.073
393188.5,-83.519
393310.5,-83.757
393432.6,-83.734
393554.7,-83.824
393676.8,-84.171
393798.8,-84.555
393920.9,-84.629
394043.0,-84.783
394165.0,-85.239
394287.1,-85.034
394409.2,-84.362
394531.2,-83.886
394653.3,-84.077
394775.4,-83.780
394897.5,-83.365
395019.5,-83.603
395141.6,-84.259
395263.7,-84.863
395385.7,-84.674
395507.8,-84.438
395629.9,-84.309
395752.0,-84.319
395874.0,-84.360
395996.1,-84.672
396118.2,-84.672
396240.2,-84.131
396362.3,-83.961
396484.4,-84.082
396606.4,-83.965
396728.5,-83.530
396850.6,-83.593
396972.7,-84.290
397094.7,-84.972
397216.8,-84.864
397338.9,-84.528
397460.9,-84.207
397583.0,-83.834
397705.1,-83.259
397827.1,-83.082
397949.2,-83.089
398071.3,-83.061
398193.4,-83.288
398315.4,-83.392
398437.5,-83.900
398559.6,-84.020
398681.6,-84.138
398803.7,-84.244
398925.8,-84.235
399047.9,-83.831
399169.9,-83.505
399292.0,-83.389
399414.1,-83.480
399536.1,-83.830
399658.2,-84.192
399780.3,-84.138
399902.3,-84.293
400024.4,-84.211
400146.5,-83.871
400268.6,-83.581
400390.6,-83.628
400512.7,-83.718
400634.8,-83.559
400756.8,-83.551
400878.9,-83.798
401001.0,-84.601
401123.0,-85.111
401245.1,-84.956
401367.2,-84.311
401489.3,-83.929
401611.3,-83.837
401733.4,-83.470
401855.5,-83.721
401977.5,-83.869
402099.6,-83.885
402221.7,-83.905
402343.8,-83.779
402465.8,-84.059
402587.9,-84.372
402710.0,-84.160
402832.0,-83.878
402954.1,-83.809
403076.2,-83.790
403198.2,-84.210
403320.3,-84.518
403442.4,-84.510
403564.5,-84.502
403686.5,-84.762
403808.6,-84.586
403930.7,-84.148
404052.7,-83.900
404174.8,-84.025
404296.9,-84.052
404418.9,-84.395
404541.0,-84.589
404663.1,-84.920
404785.2,-84.914
404907.2,-84.182
405029.3,-84.268
405151.4,-84.838
405273.4,-84.705
405395.5,-84.682
405517.6,-84.761
405639.6,-84.801
405761.7,-84.976
405883.8,-85.292
406005.9,-85.112
406127.9,-85.473
406250.0,-85.551
406372.1,-85.299
406494.1,-85.300
406616.2,-85.352
406738.3,-85.171
406860.4,-85.018
406982.4,-84.932
407104.5,-85.020
407226.6,-85.127
407348.6,-85.385
407470.7,-85.223
407592.8,-85.072
407714.8,-84.767
407836.9,-84.431
407959.0,-84.422
408081.1,-84.871
408203.1,-85.220
408325.2,-85.597
408447.3,-85.304
408569.3,-85.018
408691.4,-85.067
408813.5,-85.403
408935.5,-85.460
409057.6,-84.816
409179.7,-84.281
409301.8,-84.243
409423.8,-84.580
409545.9,-84.675
409668.0,-84.538
409790.0,-84.655
409912.1,-85.010
410034.2,-85.023
410156.2,-84.883
410278.3,-84.863
410400.4,-84.902
410522.5,-85.057
410644.5,-85.568
410766.6,-85.685
410888.7,-85.675
411010.7,-85.603
411132.8,-84.846
411254.9,-84.775
411377.0,-85.395
411499.0,-85.926
411621.1,-85.982
411743.2,-86.162
411865.2,-86.375
411987.3,-86.670
412109.4,-86.539
412231.4,-86.163
412353.5,-86.181
412475.6,-86.519
412597.7,-86.816
412719.7,-86.595
412841.8,-86.363
412963.9,-86.341
413085.9,-86.358
413208.0,-86.007
413330.1,-85.546
413452.1,-85.323
413574.2,-85.572
413696.3,-85.686
413818.4,-85.531
413940.4,-85.487
414062.5,-85.341
414184.6,-85.775
414306.6,-86.458
414428.7,-86.158
414550.8,-85.876
414672.9,-85.210
414794.9,-84.723
414917.0,-84.997
415039.1,-85.546
415161.1,-85.934
415283.2,-85.984
415405.3,-85.922
415527.3,-85.938
415649.4,-85.924
415771.5,-85.956
415893.6,-86.244
416015.6,-86.259
416137.7,-86.411
416259.8,-86.694
416381.8,-86.863
416503.9,-86.819
416626.0,-86.698
416748.0,-86.406
416870.1,-86.246
416992.2,-86.206
417114.3,-86.624
417236.3,-87.052
417358.4,-86.965
417480.5,-86.646
417602.5,-86.567
417724.6,-87.116
417846.7,-87.516
417968.8,-87.462
418090.8,-87.435
418212.9,-87.229
418335.0,-86.905
418457.0,-87.003
418579.1,-87.142
418701.2,-87.357
418823.2,-87.543
418945.3,-87.474
419067.4,-87.678
419189.5,-88.045
419311.5,-88.071
419433.6,-87.907
419555.7,-87.747
419677.7,-87.629
419799.8,-87.540
419921.9,-87.551
420043.9,-87.415
420166.0,-87.196
420288.1,-86.922
420410.2,-86.985
420532.2,-87.321
420654.3,-87.447
420776.4,-87.574
420898.4,-87.551
421020.5,-87.490
421142.6,-87.777
421264.6,-88.276
421386.7,-88.536
421508.8,-87.974
421630.9,-87.533
421752.9,-87.353
421875.0,-87.574
421997.1,-87.888
422119.1,-87.788
422241.2,-87.951
422363.3,-87.929
422485.4,-87.916
422607.4,-87.887
422729.5,-88.122
422851.6,-88.068
422973.6,-87.915
423095.7,-87.833
423217.8,-88.020
423339.8,-88.153
423461.9,-87.937
423584.0,-87.657
423706.1,-87.453
423828.1,-87.512
423950.2,-87.826
424072.3,-87.689
424194.3,-87.524
424316.4,-87.522
424438.5,-87.520
424560.5,-87.687
424682.6,-87.542
424804.7,-87.613
424926.8,-87.746
425048.8,-87.660
425170.9,-87.268
425293.0,-87.417
425415.0,-87.645
425537.1,-88.031
425659.2,-88.497
425781.2,-88.321
425903.3,-88.303
426025.4,-88.406
426147.5,-88.906
426269.5,-89.117
426391.6,-88.638
426513.7,-88.053
426635.7,-87.828
426757.8,-87.910
426879.9,-88.355
427002.0,-88.589
427124.0,-88.556
427246.1,-88.652
427368.2,-88.913
427490.2,-89.550
427612.3,-89.439
427734.4,-88.773
427856.4,-88.253
427978.5,-88.036
428100.6,-88.239
428222.7,-88.418
428344.7,-88.802
428466.8,-89.362
428588.9,-89.326
428710.9,-89.190
428833.0,-89.184
428955.1,-89.148
429077.1,-89.554
429199.2,-89.737
429321.3,-89.462
429443.4,-89.111
429565.4,-89.034
429687.5,-89.079
429809.6,-89.248
429931.6,-89.036
430053.7,-89.375
430175.8,-89.954
430297.9,-89.920
430419.9,-90.093
430542.0,-89.586
430664.1,-89.049
430786.1,-89.023
430908.2,-89.070
431030.3,-89.111
431152.3,-89.277
431274.4,-89.330
431396.5,-89.850
431518.6,-89.636
431640.6,-89.006
431762.7,-88.782
431884.8,-88.918
432006.8,-89.264
432128.9,-89.915
432251.0,-89.986
432373.0,-90.065
432495.1,-90.251
432617.2,-90.203
432739.3,-90.086
432861.3,-89.684
432983.4,-89.704
433105.5,-89.789
433227.5,-89.843
433349.6,-89.988
433471.7,-89.877
433593.8,-90.073
433715.8,-90.270
433837.9,-90.165
433960.0,-89.978
434082.0,-90.071
434204.1,-90.321
434326.2,-89.977
434448.2,-89.928
434570.3,-90.026
434692.4,-90.070
434814.5,-90.203
434936.5,-90.317
435058.6,-90.381
435180.7,-90.549
435302.7,-90.703
435424.8,-90.788
435546.9,-90.521
435668.9,-90.423
435791.0,-90.250
435913.1,-90.266
436035.2,-90.060
436157.2,-89.982
436279.3,-89.997
436401.4,-89.990
436523.4,-90.222
436645.5,-90.550
436767.6,-90.478
436889.6,-90.268
437011.7,-90.149
437133.8,-90.437
437255.9,-90.693
437377.9,-90.978
437500.0,-90.655
437622.1,-90.466
437744.1,-90.720
437866.2,-91.047
437988.3,-91.121
438110.4,-91.080
438232.4,-91.131
438354.5,-91.612
438476.6,-91.882
438598.6,-91.935
438720.7,-91.478
438842.8,-91.526
438964.8,-91.549
439086.9,-91.701
439209.0,-91.705
439331.1,-91.721
439453.1,-91.685
439575.2,-91.481
439697.3,-91.347
439819.3,-91.314
439941.4,-91.320
440063.5,-91.338
440185.5,-91.407
440307.6,-91.476
440429.7,-91.602
440551.8,-91.619
440673.8,-91.622
440795.9,-91.703
440918.0,-92.070
441040.0,-92.011
441162.1,-91.835
441284.2,-92.070
441406.2,-92.022
441528.3,-92.153
441650.4,-92.175
441772.5,-92.034
441894.5,-92.066
442016.6,-92.229
442138.7,-92.395
442260.7,-92.405
442382.8,-92.387
442504.9,-92.089
442627.0,-92.125
442749.0,-92.342
442871.1,-92.477
442993.2,-92.397
443115.2,-92.369
443237.3,-92.089
443359.4,-91.867
443481.4,-92.051
443603.5,-91.869
443725.6,-91.880
443847.7,-91.752
443969.7,-91.850
444091.8,-91.958
444213.9,-91.719
444335.9,-91.528
444458.0,-91.499
444580.1,-91.844
444702.1,-92.120
444824.2,-92.229
444946.3,-92.353
445068.4,-92.102
445190.4,-91.976
445312.5,-91.845
445434.6,-91.903
445556.6,-91.872
445678.7,-91.767
445800.8,-92.054
445922.9,-92.094
446044.9,-92.374
446167.0,-92.265
446289.1,-92.039
446411.1,-92.131
446533.2,-92.081
446655.3,-92.065
446777.3,-91.907
446899.4,-91.980
447021.5,-92.139
447143.6,-92.107
447265.6,-92.033
447387.7,-91.848
447509.8,-91.849
447631.8,-91.861
447753.9,-92.008
447876.0,-91.811
447998.0,-91.798
448120.1,-91.701
448242.2,-91.746
448364.3,-91.818
448486.3,-91.953
448608.4,-92.103
448730.5,-92.039
448852.5,-92.048
448974.6,-91.775
449096.7,-91.909
449218.8,-91.945
449340.8,-91.999
449462.9,-91.963
449585.0,-91.896
449707.0,-91.919
449829.1,-91.805
449951.2,-91.868
450073.2,-91.927
450195.3,-91.916
450317.4,-91.937
450439.5,-91.923
450561.5,-91.848
450683.6,-91.750
450805.7,-91.736
450927.7,-91.841
451049.8,-91.860
451171.9,-91.955
451293.9,-91.890
451416.0,-91.865
451538.1,-91.771
451660.2,-91.844
451782.2,-91.777
451904.3,-91.772
452026.4,-91.811
452148.4,-91.791
452270.5,-91.827
452392.6,-91.693
452514.6,-91.750
452636.7,-91.812
452758.8,-91.886
452880.9,-91.955
453002.9,-91.883
453125.0,-91.887
453247.1,-91.856
453369.1,-91.861
453491.2,-91.966
453613.3,-91.956
453735.4,-92.086
453857.4,-92.060
453979.5,-92.061
454101.6,-92.023
454223.6,-92.072
454345.7,-92.167
454467.8,-92.218
454589.8,-92.170
454711.9,-92.168
454834.0,-92.164
454956.1,-92.270
455078.1,-92.288
455200.2,-92.214
455322.3,-92.334
455444.3,-92.314
455566.4,-92.424
455688.5,-92.412
455810.5,-92.455
455932.6,-92.612
456054.7,-92.646
456176.8,-92.647
456298.8,-92.521
456420.9,-92.586
456543.0,-92.628
456665.0,-92.744
456787.1,-92.730
456909.2,-92.837
457031.2,-92.916
457153.3,-92.925
457275.4,-92.923
457397.5,-92.988
457519.5,-92.941
457641.6,-93.008
457763.7,-93.047
457885.7,-93.049
458007.8,-93.070
458129.9,-93.012
458252.0,-93.079
458374.0,-93.065
458496.1,-93.125
458618.2,-93.173
458740.2,-93.287
458862.3,-93.401
458984.4,-93.330
459106.4,-93.357
459228.5,-93.366
459350.6,-93.399
459472.7,-93.493
459594.7,-93.486
459716.8,-93.575
459838.9,-93.613
459960.9,-93.556
460083.0,-93.637
460205.1,-93.531
460327.1,-93.590
460449.2,-93.564
460571.3,-93.616
460693.4,-93.606
460815.4,-93.588
460937.5,-93.599
461059.6,-93.565
461181.6,-93.593
461303.7,-93.623
461425.8,-93.602
461547.9,-93.632
461669.9,-93.590
461792.0,-93.583
461914.1,-93.540
462036.1,-93.478
462158.2,-93.448
462280.3,-93.429
462402.3,-93.337
462524.4,-93.325
462646.5,-93.269
462768.6,-93.346
462890.6,-93.358
463012.7,-93.230
463134.8,-93.218
463256.8,-93.146
463378.9,-93.099
463501.0,-93.093
463623.0,-93.054
463745.1,-93.061
463867.2,-93.060
463989.3,-92.958
464111.3,-92.946
464233.4,-92.809
464355.5,-92.777
464477.5,-92.810
464599.6,-92.737
464721.7,-92.706
464843.8,-92.572
464965.8,-92.540
465087.9,-92.440
465210.0,-92.469
465332.0,-92.389
465454.1,-92.396
465576.2,-92.320
465698.2,-92.291
465820.3,-92.184
465942.4,-92.091
466064.5,-92.042
466186.5,-91.966
466308.6,-91.954
466430.7,-91.853
466552.7,-91.839
466674.8,-91.742
466796.9,-91.712
466918.9,-91.722
467041.0,-91.614
467163.1,-91.635
467285.2,-91.585
467407.2,-91.502
467529.3,-91.489
467651.4,-91.475
467773.4,-91.396
467895.5,-91.336
468017.6,-91.255
468139.6,-91.270
468261.7,-91.202
468383.8,-91.189
468505.9,-91.186
468627.9,-91.122
468750.0,-91.140
468872.1,-91.070
468994.1,-90.990
469116.2,-90.972
469238.3,-90.971
469360.4,-90.960
469482.4,-90.941
469604.5,-90.869
469726.6,-90.872
469848.6,-90.796
469970.7,-90.803
470092.8,-90.791
470214.8,-90.771
470336.9,-90.768
470459.0,-90.698
470581.1,-90.693
470703.1,-90.678
470825.2,-90.684
470947.3,-90.693
471069.3,-90.650
471191.4,-90.635
471313.5,-90.639
471435.5,-90.676
471557.6,-90.712
471679.7,-90.719
471801.8,-90.691
471923.8,-90.744
472045.9,-90.695
472168.0,-90.718
472290.0,-90.746
472412.1,-90.744
472534.2,-90.798
472656.2,-90.770
472778.3,-90.835
472900.4,-90.870
473022.5,-90.891
473144.5,-90.917
473266.6,-90.971
473388.7,-90.946
473510.7,-90.983
473632.8,-90.995
473754.9,-91.017
473877.0,-91.068
473999.0,-91.063
474121.1,-91.103
474243.2,-91.057
474365.2,-91.120
474487.3,-91.122
474609.4,-91.163
474731.4,-91.211
474853.5,-91.232
474975.6,-91.260
475097.7,-91.255
475219.7,-91.254
475341.8,-91.275
475463.9,-91.299
475585.9,-91.307
475708.0,-91.354
475830.1,-91.287
475952.1,-91.324
476074.2,-91.311
476196.3,-91.343
476318.4,-91.383
476440.4,-91.348
476562.5,-91.408
476684.6,-91.373
476806.6,-91.365
476928.7,-91.370
477050.8,-91.385
477172.9,-91.392
477294.9,-91.421
477417.0,-91.414
477539.1,-91.404
477661.1,-91.365
477783.2,-91.329
477905.3,-91.339
478027.3,-91.323
478149.4,-91.346
478271.5,-91.299
478393.6,-91.305
478515.6,-91.270
478637.7,-91.256
478759.8,-91.276
478881.8,-91.218
479003.9,-91.187
479126.0,-91.177
479248.0,-91.123
479370.1,-91.095
479492.2,-91.066
479614.3,-90.999
479736.3,-90.974
479858.4,-90.881
479980.5,-90.849
480102.5,-90.784
480224.6,-90.741
480346.7,-90.727
480468.8,-90.641
480590.8,-90.634
480712.9,-90.586
480835.0,-90.534
480957.0,-90.484
481079.1,-90.435
481201.2,-90.375
481323.2,-90.353
481445.3,-90.298
481567.4,-90.222
481689.5,-90.187
481811.5,-90.160
481933.6,-90.121
482055.7,-90.049
482177.7,-90.033
482299.8,-89.994
482421.9,-90.005
482543.9,-89.963
482666.0,-89.896
482788.1,-89.857
482910.2,-89.818
483032.2,-89.822
483154.3,-89.798
483276.4,-89.743
483398.4,-89.726
483520.5,-89.710
483642.6,-89.667
483764.6,-89.651
483886.7,-89.616
484008.8,-89.589
484130.9,-89.573
484252.9,-89.536
484375.0,-89.514
484497.1,-89.481
484619.1,-89.495
484741.2,-89.493
484863.3,-89.467
484985.4,-89.467
485107.4,-89.438
485229.5,-89.401
485351.6,-89.375
485473.6,-89.373
485595.7,-89.356
485717.8,-89.339
485839.8,-89.314
485961.9,-89.317
486084.0,-89.275
486206.1,-89.279
486328.1,-89.302
486450.2,-89.286
486572.3,-89.297
486694.3,-89.274
486816.4,-89.273
486938.5,-89.274
487060.5,-89.271
487182.6,-89.263
487304.7,-89.288
487426.8,-89.294
487548.8,-89.309
487670.9,-89.293
487793.0,-89.302
487915.0,-89.310
488037.1,-89.317
488159.2,-89.348
488281.2,-89.346
488403.3,-89.360
488525.4,-89.368
488647.5,-89.391
488769.5,-89.400
488891.6,-89.407
489013.7,-89.437
489135.7,-89.485
489257.8,-89.475
489379.9,-89.481
489502.0,-89.485
489624.0,-89.496
489746.1,-89.524
489868.2,-89.542
489990.2,-89.535
490112.3,-89.547
490234.4,-89.581
490356.4,-89.607
490478.5,-89.621
490600.6,-89.647
490722.7,-89.652
490844.7,-89.664
490966.8,-89.692
491088.9,-89.711
491210.9,-89.720
491333.0,-89.714
491455.1,-89.747
491577.1,-89.782
491699.2,-89.785
491821.3,-89.807
491943.4,-89.829
492065.4,-89.856
492187.5,-89.898
492309.6,-89.908
492431.6,-89.923
492553.7,-89.949
492675.8,-89.953
492797.9,-89.977
492919.9,-89.999
493042.0,-90.034
493164.1,-90.065
493286.1,-90.074
493408.2,-90.087
493530.3,-90.119
493652.3,-90.128
493774.4,-90.162
493896.5,-90.194
494018.6,-90.198
494140.6,-90.232
494262.7,-90.243
494384.8,-90.271
494506.8,-90.300
494628.9,-90.332
494751.0,-90.377
494873.0,-90.388
494995.1,-90.402
495117.2,-90.428
495239.3,-90.430
495361.3,-90.444
495483.4,-90.472
495605.5,-90.498
495727.5,-90.538
495849.6,-90.539
495971.7,-90.574
496093.8,-90.591
496215.8,-90.647
496337.9,-90.691
496460.0,-90.686
496582.0,-90.699
496704.1,-90.711
496826.2,-90.736
496948.2,-90.772
497070.3,-90.795
497192.4,-90.798
497314.5,-90.827
497436.5,-90.842
497558.6,-90.857
497680.7,-90.880
497802.7,-90.912
497924.8,-90.943
498046.9,-90.929
498168.9,-90.973
498291.0,-90.975
498413.1,-90.999
498535.2,-91.034
498657.2,-91.051
498779.3,-91.078
498901.4,-91.081
499023.4,-91.110
499145.5,-91.108
499267.6,-91.101
499389.6,-91.098
499511.7,-91.141
499633.8,-91.096
499755.9,-91.138
499877.9,-91.140
